Timestamp,[SECTION A: Basic Information] 1. What is your age?,2. What is your gender?,[SECTION B: Social Media Usage] 3. Which social media platforms do you use regularly? (Select all that apply),4. How many hours do you spend on social media per day?,[SECTION C: Cyberbullying Experience] 5. Have you personally experienced cyberbullying or online harassment on social media?,6. Have you ever witnessed someone being cyberbullied?,"7. Have you ever posted, shared, or sent a message online that could have hurt or offended someone?","8. If yes, what was the main reason for your action?",9. What type of cyberbullying have you experienced or observed? (Select all that apply),10. On which social media platform did the incident occur?,11. How often have you experienced cyberbullying or online harassment?,[SECTION D: Mental Health Impact] 12. Do you think cyberbullying or online harassment affected your mental health?,13. Which of the following did you experience? (Select all that apply),"14. On a scale of 1–5, how severe was the emotional impact?",15. Did you seek help from anyone? (Select all that apply),"[SECTION E: Cyber Law Awareness and Prevention] 16. If you did not report the incident, what was the main reason?",17. In which area did you experience cyberbullying or online harassment?,18. What action did you take after experiencing cyberbullying or online harassment? (Select all that apply),sev_num
09-09-2026 07:36,18–22,Female,"Instagram, WhatsApp, YouTube",3–5 hours,Yes,No,Yes,I was angry,"Offensive Comments, Body Shaming, Threats, Fake Rumors, Fake Profile",Instagram,Rarely,Not at all,"Stress, Anxiety, Depression",1 (Very Low),"Friends, Family, Teacher",Fear,Workplace,"Ignored it, Blocked the user",1.0
09-09-2026 19:19,18–22,Male,"Instagram, WhatsApp, YouTube",3–5 hours,Yes,Yes,No,It was a joke,"Offensive Comments, Body Shaming, Hate Speech, Fake Profile",Instagram,Rarely,Slightly,Anxiety,4,"Friends, Family, Helpline",Fear,Friends Circle,Blocked the user,4.0
09-09-2026 19:23,18–22,Male,WhatsApp,1–3 hours,Yes,Yes,Yes,Self-defense,"Threats, Sexual Harassment",WhatsApp,Sometimes,Slightly,Anger,2,"Family, Psychologist",Lack of Awareness,Friends Circle,Told Friends / Family,2.0
09-09-2026 19:26,18–22,Female,Instagram,3–5 hours,No,No,Yes,It was a joke,"Offensive Comments, Hate Speech, Fake Rumors, Stalking",Instagram,Rarely,Not at all,Stress,2,"Friends, Counselor, Psychologist",Lack of Awareness,Social Media Community,Blocked the user,2.0
09-09-2026 19:26,18–22,Female,"WhatsApp, YouTube, X (Twitter)",More than 5 hours,No,Yes,No,Not Applicable,"Offensive Comments, Body Shaming, Fake Rumors, Fake Profile",Instagram,Never,Not at all,,1 (Very Low),No,Not Applicable,,,1.0
09-09-2026 19:30,18–22,Male,Instagram,3–5 hours,No,No,Not Sure,I did not realize it was harmful,Fake Rumors,Instagram,Never,Not at all,Stress,2,"Friends, No",Privacy Concerns,Unknown Stranger,Ignored it,2.0
09-09-2026 19:35,23–30,Male,"Instagram, WhatsApp",1–3 hours,Yes,No,Yes,I did not realize it was harmful,"Offensive Comments, Hate Speech, Fake Rumors, Fake Profile, Stalking",Facebook,Sometimes,Not at all,Anxiety,1 (Very Low),"Friends, Family, Teacher",Lack of Awareness,Social Media Community,Reported the account,1.0
09-09-2026 19:38,18–22,Female,WhatsApp,Less than 1 hour,Yes,Yes,Yes,Peer pressure,Hate Speech,Instagram,Sometimes,Slightly,"Stress, Anger",3,Family,Didn't know how to report,Workplace,Blocked the user,3.0
09-09-2026 19:38,18–22,Female,"Instagram, WhatsApp",More than 5 hours,No,No,Not Sure,I did not realize it was harmful,Other,Others,Never,Slightly,,1 (Very Low),Friends,Fear,Other,"Ignored it, Blocked the user",1.0
09-09-2026 19:38,18–22,Female,"Instagram, WhatsApp, YouTube, Others",1–3 hours,No,Yes,Not Sure,It was a joke,Other,Others,Never,Not at all,"Stress, Anxiety, Depression, Anger, None",3,Friends,Privacy Concerns,Other,"Ignored it, Blocked the user, Reported the account, Took No Action",3.0
09-09-2026 19:45,18–22,Female,"WhatsApp, YouTube",More than 5 hours,No,No,Not Sure,I did not realize it was harmful,Hate Speech,Instagram,Never,Not at all,,3,"Friends, Family, Teacher",Fear,School / College,Ignored it,3.0
09-09-2026 19:48,18–22,Male,"Instagram, WhatsApp",3–5 hours,Yes,No,No,Peer pressure,"Hate Speech, Threats, Sexual Harassment",Facebook,Never,Slightly,Stress,4,Friends,Lack of Awareness,Friends Circle,Told Friends / Family,4.0
09-09-2026 19:51,23–30,Female,"Instagram, WhatsApp, YouTube",1–3 hours,No,No,Not Sure,I did not realize it was harmful,Fake Rumors,Instagram,Sometimes,Not at all,"Stress, Loss of Confidence",1 (Very Low),Friends,Privacy Concerns,Workplace,Reported the account,1.0
09-09-2026 19:51,18–22,Female,"Instagram, WhatsApp",3–5 hours,No,No,No,Self-defense,"Body Shaming, Fake Profile, Stalking",Instagram,Rarely,Not at all,,1 (Very Low),No,Didn't think it was serious,School / College,Ignored it,1.0
09-09-2026 19:52,18–22,Female,Instagram,3–5 hours,No,No,No,I was angry,Threats,Others,Rarely,Severely,"Stress, Anxiety, Depression, Anger, Loss of Confidence",1 (Very Low),"Friends, Family",Privacy Concerns,Other,Blocked the user,1.0
09-09-2026 19:53,18–22,Male,"Instagram, WhatsApp",1–3 hours,No,No,No,Self-defense,Threats,Instagram,Never,Not at all,Stress,2,"Friends, Family",Fear,School / College,"Ignored it, Blocked the user",2.0
09-09-2026 19:55,18–22,Female,"Instagram, WhatsApp, YouTube",3–5 hours,Yes,Yes,Yes,I was angry,"Offensive Comments, Body Shaming, Hate Speech, Fake Rumors, Fake Profile, Impersonation, Sexual Harassment, Stalking",Instagram,Sometimes,Moderately,"Stress, Depression, Loss of Confidence",4,No,Privacy Concerns,Social Media Community,Reported the account,4.0
09-09-2026 19:55,18–22,Male,Instagram,3–5 hours,Yes,No,Not Sure,I did not realize it was harmful,Sexual Harassment,WhatsApp,Sometimes,Not at all,Anger,3,Teacher,Privacy Concerns,Workplace,Took No Action,3.0
09-09-2026 19:56,18–22,Male,"Instagram, WhatsApp, YouTube",1–3 hours,No,No,Not Sure,It was a joke,Offensive Comments,Others,Often,Moderately,,4,Helpline,Privacy Concerns,Other,Sought Professional Help,4.0
09-09-2026 19:57,18–22,Female,Instagram,1–3 hours,No,No,No,I did not realize it was harmful,,,Rarely,Slightly,,1 (Very Low),No,Lack of Awareness,,,1.0
09-09-2026 19:59,18–22,Female,"Instagram, WhatsApp",More than 5 hours,Yes,Yes,Yes,I was angry,"Offensive Comments, Body Shaming",Instagram,Rarely,Severely,"Depression, Anger, Loss of Confidence",4,Friends,Privacy Concerns,Unknown Stranger,Told Friends / Family,4.0
09-09-2026 20:00,Above 30,Male,"Instagram, WhatsApp, YouTube, Facebook",Less than 1 hour,No,No,No,Not Applicable,Other,Instagram,Never,Not at all,,1 (Very Low),"Friends, Family",Privacy Concerns,Other,"Ignored it, Blocked the user",1.0
09-09-2026 20:25,18–22,Male,Instagram,1–3 hours,No,No,Not Sure,Self-defense,Hate Speech,Instagram,Sometimes,Not at all,,2,No,Fear,School / College,Ignored it,2.0
09-09-2026 20:30,Below 18,Male,"Instagram, WhatsApp, YouTube, Others",Less than 1 hour,Yes,No,No,Peer pressure,"Fake Rumors, Fake Profile",Instagram,Sometimes,Slightly,Anger,1 (Very Low),Friends,Lack of Awareness,Social Media Community,"Ignored it, Blocked the user, Reported the account",1.0
09-09-2026 20:34,18–22,Female,"WhatsApp, YouTube",1–3 hours,No,No,No,Not Applicable,Fake Rumors,,Rarely,Moderately,,1 (Very Low),No,Not Applicable,,,1.0
09-09-2026 20:34,18–22,Male,"Instagram, WhatsApp, YouTube",1–3 hours,No,No,No,It was a joke,Other,Others,Never,Not at all,Depression,3,No,Privacy Concerns,Other,Took No Action,3.0
09-09-2026 20:35,18–22,Male,"Instagram, WhatsApp, YouTube",1–3 hours,No,No,No,I did not realize it was harmful,"Offensive Comments, Body Shaming, Hate Speech, Fake Rumors, Fake Profile, Sexual Harassment",Instagram,Sometimes,Not at all,,5 (Very High),No,Lack of Awareness,School / College,Ignored it,5.0
09-09-2026 20:35,18–22,Male,Instagram,3–5 hours,No,No,Yes,Self-defense,Fake Profile,Others,Rarely,Slightly,,1 (Very Low),No,Didn't think it was serious,Unknown Stranger,Blocked the user,1.0
09-09-2026 20:39,18–22,Male,Instagram,3–5 hours,No,No,No,Self-defense,"Offensive Comments, Body Shaming, Hate Speech, Fake Rumors, Fake Profile, Impersonation",Instagram,Rarely,Slightly,"Stress, Anxiety, Depression, Anger",1 (Very Low),"Friends, Counselor, Psychologist",Lack of Awareness,Friends Circle,Ignored it,1.0
09-09-2026 20:39,18–22,Female,"WhatsApp, YouTube",1–3 hours,No,Yes,No,Not Applicable,"Offensive Comments, Body Shaming, Fake Rumors, Fake Profile, Sexual Harassment, Stalking",,Rarely,Moderately,"Stress, Anxiety, Depression, Anger, Loss of Confidence",3,"Friends, Family",Didn't know how to report,Family,Blocked the user,3.0
09-09-2026 20:42,18–22,Male,"Instagram, WhatsApp, YouTube",Less than 1 hour,Yes,No,Not Sure,I was angry,Threats,Instagram,Sometimes,Slightly,"Stress, Anger, Loss of Confidence",3,"Friends, Family",Lack of Awareness,School / College,"Ignored it, Blocked the user, Reported the account",3.0
09-09-2026 20:42,18–22,Male,"Instagram, WhatsApp, YouTube, Others",More than 5 hours,No,No,No,I did not realize it was harmful,"Offensive Comments, Body Shaming, Fake Rumors, Fake Profile, Impersonation, Sexual Harassment, Stalking",Instagram,Sometimes,Not at all,"Stress, Anxiety, Depression, Anger, Loss of Confidence",4,Friends,Didn't know how to report,Workplace,Ignored it,4.0
09-09-2026 20:43,18–22,Female,"Instagram, WhatsApp, YouTube",1–3 hours,No,No,No,Not Applicable,,,Rarely,Not at all,,,Friends,Not Applicable,,,
09-09-2026 20:44,18–22,Female,"WhatsApp, YouTube",3–5 hours,No,No,No,Self-defense,"Body Shaming, Threats, Fake Rumors, Stalking",Instagram,Never,Moderately,"Stress, Depression, Anger",3,Friends,Privacy Concerns,Social Media Community,"Ignored it, Blocked the user, Took No Action",3.0
09-09-2026 20:44,18–22,Male,"Instagram, WhatsApp, YouTube",3–5 hours,No,No,No,Not Applicable,Other,Others,Never,Not at all,,1 (Very Low),No,Didn't think it was serious,Other,Ignored it,1.0
09-09-2026 20:48,18–22,Male,"Instagram, WhatsApp, YouTube",1–3 hours,No,Yes,No,Not Applicable,"Offensive Comments, Hate Speech",Instagram,Never,Not at all,,,No,Not Applicable,,,
09-09-2026 20:57,18–22,Female,WhatsApp,1–3 hours,No,No,No,It was a joke,Other,Others,Never,Not at all,,3,No,Privacy Concerns,Other,Ignored it,3.0
09-09-2026 21:08,18–22,Female,"Instagram, WhatsApp, YouTube, X (Twitter), Others",Less than 1 hour,Yes,Yes,No,Not Applicable,"Offensive Comments, Body Shaming, Hate Speech, Threats, Fake Rumors, Fake Profile, Impersonation, Stalking, Other",Instagram,Rarely,Moderately,"Stress, Anxiety",3,Friends,Privacy Concerns,Social Media Community,"Blocked the user, Reported the account, Told Friends / Family",3.0
09-09-2026 21:13,18–22,Female,"Instagram, WhatsApp, YouTube, Others",More than 5 hours,No,No,No,Not Applicable,Fake Profile,Instagram,Never,Not at all,,1 (Very Low),No,Didn't think it was serious,,,1.0
09-09-2026 21:15,18–22,Male,"Instagram, YouTube",1–3 hours,Yes,Yes,Yes,Peer pressure,"Offensive Comments, Body Shaming, Fake Rumors",Instagram,Rarely,Slightly,"Stress, Anxiety, Depression, Anger",2,"Friends, Family",Lack of Awareness,School / College,"Ignored it, Blocked the user",2.0
09-09-2026 21:16,18–22,Male,Instagram,1–3 hours,No,No,Not Sure,I did not realize it was harmful,"Offensive Comments, Hate Speech, Fake Rumors, Fake Profile",Instagram,Never,Not at all,Loss of Confidence,1 (Very Low),No,Didn't think it was serious,Unknown Stranger,Ignored it,1.0
09-09-2026 21:18,18–22,Male,Instagram,1–3 hours,No,No,No,Self-defense,Hate Speech,Others,Often,Not at all,,1 (Very Low),Family,Lack of Awareness,Other,Ignored it,1.0
09-09-2026 21:21,18–22,Male,WhatsApp,1–3 hours,No,No,No,Peer pressure,Threats,Facebook,Sometimes,Moderately,Anger,4,Friends,Didn't think it was serious,Online Gaming,Told Friends / Family,4.0
09-09-2026 21:25,Below 18,Female,Instagram,Less than 1 hour,No,Yes,No,I did not realize it was harmful,"Offensive Comments, Hate Speech, Fake Rumors",Instagram,Rarely,Moderately,Anxiety,4,"Friends, Family",Privacy Concerns,Social Media Community,"Blocked the user, Reported the account",4.0
09-09-2026 21:30,18–22,Male,"Instagram, WhatsApp",1–3 hours,Yes,No,Yes,It was a joke,Threats,YouTube,,Slightly,,2,,,Social Media Community,Told Friends / Family,2.0
09-09-2026 21:31,18–22,Male,WhatsApp,Less than 1 hour,No,No,No,Self-defense,Body Shaming,Others,Never,Not at all,,1 (Very Low),Family,Lack of Awareness,Other,Blocked the user,1.0
09-09-2026 21:35,18–22,Male,"Instagram, WhatsApp",3–5 hours,Yes,Yes,No,I did not realize it was harmful,Fake Profile,Instagram,Often,Moderately,Anger,3,Friends,Didn't think it was serious,Social Media Community,Blocked the user,3.0
09-09-2026 21:37,18–22,Female,"Instagram, WhatsApp, YouTube",More than 5 hours,No,No,No,Not Applicable,Other,Others,Never,Not at all,,1 (Very Low),No,Privacy Concerns,Other,Ignored it,1.0
09-09-2026 21:38,18–22,Female,"Instagram, WhatsApp, YouTube",3–5 hours,No,No,No,Not Applicable,Fake Rumors,Others,Never,Not at all,Stress,3,No,Didn't think it was serious,Other,Ignored it,3.0
09-09-2026 21:42,18–22,Female,"YouTube, Others",Less than 1 hour,No,No,No,Self-defense,Other,Others,Never,Slightly,,1 (Very Low),No,Privacy Concerns,Other,Reported the account,1.0
09-09-2026 21:43,18–22,Male,"Instagram, WhatsApp, YouTube",1–3 hours,No,No,No,Not Applicable,,,,Not at all,Depression,4,No,Privacy Concerns,School / College,"Blocked the user, Told Friends / Family",4.0
09-09-2026 21:45,18–22,Female,"Instagram, WhatsApp, YouTube",3–5 hours,No,No,No,Self-defense,Fake Rumors,Others,Rarely,Severely,"Anxiety, Depression",3,Friends,Lack of Awareness,School / College,Told Friends / Family,3.0
09-09-2026 21:48,18–22,Male,"Instagram, WhatsApp, YouTube, X (Twitter), Others",3–5 hours,No,Yes,Not Sure,,"Offensive Comments, Body Shaming, Hate Speech, Threats, Fake Rumors, Fake Profile, Impersonation, Stalking",Instagram,Never,Moderately,,3,No,Didn't think it was serious,Other,"Ignored it, Blocked the user, Reported the account",3.0
09-09-2026 21:48,18–22,Male,"Instagram, WhatsApp",3–5 hours,Yes,No,No,It was a joke,"Fake Rumors, Fake Profile",WhatsApp,Sometimes,Slightly,"Stress, Depression, Loss of Confidence",3,Friends,Didn't think it was serious,School / College,"Ignored it, Blocked the user, Reported the account, Told Friends / Family",3.0
09-09-2026 21:52,18–22,Female,"WhatsApp, YouTube",1–3 hours,No,No,No,Not Applicable,,,Never,Not at all,,,,Not Applicable,,,
09-09-2026 21:54,18–22,Male,Instagram,1–3 hours,No,Yes,No,It was a joke,Other,Instagram,Never,Slightly,,1 (Very Low),"Helpline, No",Privacy Concerns,Other,Ignored it,1.0
09-09-2026 22:10,18–22,Female,"Instagram, WhatsApp, YouTube",More than 5 hours,Yes,Yes,No,I did not realize it was harmful,"Offensive Comments, Body Shaming, Hate Speech, Threats, Fake Rumors, Fake Profile, Impersonation, Sexual Harassment, Stalking",Facebook,Sometimes,Moderately,"Stress, Anxiety, Depression, Anger",3,Friends,Didn't know how to report,Social Media Community,"Blocked the user, Reported the account, Told Friends / Family",3.0
09-09-2026 22:12,Above 30,Female,"Instagram, WhatsApp",More than 5 hours,Yes,Yes,No,Peer pressure,"Offensive Comments, Body Shaming",Instagram,Never,Not at all,"Stress, Anxiety",2,"Family, Helpline",Lack of Awareness,Social Media Community,"Ignored it, Blocked the user",2.0
09-09-2026 22:26,18–22,Female,Instagram,3–5 hours,No,No,No,Not Applicable,Fake Profile,Instagram,Never,Not at all,,1 (Very Low),No,Didn't think it was serious,Social Media Community,"Ignored it, Blocked the user",1.0
09-09-2026 23:13,18–22,Male,"Instagram, WhatsApp, YouTube",1–3 hours,No,No,No,I did not realize it was harmful,"Hate Speech, Fake Rumors, Fake Profile",Instagram,Rarely,Slightly,,2,"Friends, Family",Didn't think it was serious,Friends Circle,"Ignored it, Blocked the user, Reported the account, Told Friends / Family",2.0
09-09-2026 23:22,18–22,Male,"Instagram, WhatsApp, YouTube",1–3 hours,No,Yes,No,Not Applicable,"Offensive Comments, Hate Speech, Fake Rumors, Fake Profile",YouTube,Never,Moderately,,3,,Didn't think it was serious,Social Media Community,"Blocked the user, Reported the account",3.0
09-09-2026 23:35,18–22,Male,"Instagram, WhatsApp, YouTube, Others",3–5 hours,Yes,No,No,Not Applicable,"Offensive Comments, Body Shaming, Hate Speech, Fake Profile, Stalking",Instagram,Often,Moderately,"Stress, Anxiety, Depression, Anger, Loss of Confidence",5 (Very High),"Friends, No",Privacy Concerns,Social Media Community,"Ignored it, Blocked the user, Reported the account",5.0
09-10-2026 04:08,23–30,Female,"WhatsApp, YouTube",More than 5 hours,No,Yes,No,I was angry,"Offensive Comments, Body Shaming, Fake Rumors",YouTube,Never,Slightly,"Anger, Loss of Confidence",3,No,Lack of Awareness,Social Media Community,Took No Action,3.0
09-10-2026 07:26,18–22,Male,"Instagram, WhatsApp, YouTube",1–3 hours,No,No,No,Self-defense,Hate Speech,Instagram,Rarely,Slightly,"Stress, Depression, Loss of Confidence",3,Family,Privacy Concerns,Family,"Ignored it, Blocked the user",3.0
09-10-2026 07:35,18–22,Male,"Instagram, WhatsApp",1–3 hours,No,Yes,No,I did not realize it was harmful,"Fake Rumors, Fake Profile, Stalking",Instagram,Very Often,Not at all,Loss of Confidence,1 (Very Low),Friends,Didn't think it was serious,Unknown Stranger,"Blocked the user, Reported the account",1.0
09-10-2026 07:40,18–22,Male,Others,More than 5 hours,No,No,No,Self-defense,Fake Profile,Others,Never,Moderately,"Stress, Depression, Anger",1 (Very Low),Psychologist,Privacy Concerns,Social Media Community,"Reported the account, Sought Professional Help",1.0
09-10-2026 07:41,18–22,Male,"Instagram, WhatsApp, YouTube, Others",3–5 hours,Yes,Yes,No,Self-defense,"Offensive Comments, Hate Speech, Fake Profile",Instagram,Rarely,Slightly,Anger,3,"Friends, No",Didn't think it was serious,Social Media Community,"Ignored it, Blocked the user, Reported the account",3.0
09-10-2026 07:43,18–22,Male,YouTube,1–3 hours,No,No,No,Not Applicable,Fake Rumors,Facebook,Rarely,Moderately,Anger,2,"Friends, Family",Lack of Awareness,School / College,Ignored it,2.0
09-10-2026 07:57,18–22,Male,"Instagram, WhatsApp, YouTube",1–3 hours,No,No,No,Not Applicable,"Hate Speech, Threats, Fake Rumors, Fake Profile",Instagram,Never,Severely,"Stress, Depression, Loss of Confidence",3,"Friends, Family, No",Fear,School / College,"Reported the account, Told Friends / Family",3.0
09-10-2026 08:13,18–22,Female,"Instagram, WhatsApp, YouTube",1–3 hours,No,No,No,Not Applicable,Stalking,Instagram,Never,Not at all,,1 (Very Low),,Not Applicable,,,1.0
09-10-2026 09:07,23–30,Male,"Instagram, WhatsApp, YouTube, X (Twitter), Facebook, Others",1–3 hours,Yes,Yes,No,Not Applicable,"Fake Rumors, Fake Profile",WhatsApp,Rarely,Not at all,,1 (Very Low),No,Not Applicable,Unknown Stranger,"Blocked the user, Reported the account",1.0
09-10-2026 09:10,18–22,Male,"Instagram, WhatsApp, YouTube",1–3 hours,No,No,No,I was angry,"Body Shaming, Hate Speech, Fake Rumors, Fake Profile",Others,Rarely,Not at all,"Stress, Depression",2,Friends,Not Applicable,Friends Circle,"Ignored it, Blocked the user, Reported the account",2.0
09-10-2026 09:16,18–22,Female,"Instagram, WhatsApp",3–5 hours,Yes,Yes,No,Not Applicable,"Offensive Comments, Hate Speech, Fake Rumors, Fake Profile",WhatsApp,Sometimes,Severely,"Stress, Depression",5 (Very High),Friends,Not Applicable,Unknown Stranger,"Blocked the user, Reported the account, Told Friends / Family",5.0
09-10-2026 09:17,18–22,Female,Instagram,1–3 hours,No,No,No,Not Applicable,"Offensive Comments, Body Shaming, Fake Rumors, Fake Profile, Stalking",Instagram,,Severely,,4,Friends,Not Applicable,,,4.0
09-10-2026 13:16,18–22,Female,"Instagram, WhatsApp, YouTube",More than 5 hours,,No,Not Sure,Peer pressure,Fake Rumors,YouTube,Rarely,Slightly,Anxiety,1 (Very Low),Psychologist,Didn't know how to report,Online Gaming,Told Friends / Family,1.0
09-10-2026 14:01,18–22,Female,"WhatsApp, YouTube",1–3 hours,No,No,Not Sure,I did not realize it was harmful,Other,Others,Sometimes,Not at all,,3,No,Privacy Concerns,Other,Blocked the user,3.0
09-11-2026 00:43,23–30,Male,YouTube,1–3 hours,No,No,Not Sure,I did not realize it was harmful,Fake Profile,Instagram,Rarely,Slightly,Anger,1 (Very Low),Friends,Didn't think it was serious,School / College,Blocked the user,1.0
9/23/2026 15:05:07,18–22,Male,Instagram,Less than 1 hour,No,No,Not Sure,I did not realize it was harmful,Other,Others,Very Often,Not at all,,1 (Very Low),No,Privacy Concerns,Other,Ignored it,1.0
9/23/2026 15:06:22,Below 18,Male,Instagram,Less than 1 hour,No,No,No,I did not realize it was harmful,Other,Others,Never,Not at all,,1 (Very Low),No,Fear,Other,Ignored it,1.0
9/23/2026 15:07:14,Below 18,Male,Others,Less than 1 hour,No,No,Not Sure,I did not realize it was harmful,Other,Others,Very Often,Not at all,,1 (Very Low),No,Privacy Concerns,Other,Ignored it,1.0
9/23/2026 15:08:48,18–22,Male,Instagram,Less than 1 hour,No,No,Not Sure,I did not realize it was harmful,Other,Others,Never,Not at all,,1 (Very Low),No,Fear,Other,Ignored it,1.0
9/23/2026 15:09:44,18–22,Male,Instagram,Less than 1 hour,No,No,Not Sure,I did not realize it was harmful,Other,Others,Never,Not at all,,,No,Privacy Concerns,Other,Ignored it,
9/23/2026 15:10:42,18–22,Male,Instagram,Less than 1 hour,No,No,Not Sure,I did not realize it was harmful,Other,Instagram,Never,Not at all,,1 (Very Low),No,Privacy Concerns,Other,Ignored it,1.0
9/23/2026 15:11:28,18–22,Male,Others,Less than 1 hour,No,No,Not Sure,I did not realize it was harmful,Other,Others,Very Often,Slightly,,1 (Very Low),No,Privacy Concerns,Other,Ignored it,1.0
9/23/2026 18:04:42,18–22,Male,Instagram,Less than 1 hour,No,No,Not Sure,I did not realize it was harmful,Other,Others,Never,Not at all,,1 (Very Low),No,Privacy Concerns,Other,Ignored it,1.0
9/23/2026 18:57:23,18–22,Male,Others,Less than 1 hour,No,No,Not Sure,I did not realize it was harmful,Other,Others,Never,Not at all,,1 (Very Low),No,Privacy Concerns,Other,Ignored it,1.0
9/23/2026 18:58:33,18–22,Male,Others,Less than 1 hour,No,No,Not Sure,I did not realize it was harmful,Other,Others,Never,Not at all,,,No,Privacy Concerns,Other,Ignored it,
9/23/2026 19:00:04,Below 18,Male,Others,Less than 1 hour,No,No,Not Sure,I did not realize it was harmful,Other,Others,Never,Not at all,,1 (Very Low),No,Privacy Concerns,Other,Blocked the user,1.0
9/23/2026 19:01:04,Below 18,Male,Others,Less than 1 hour,No,No,Not Sure,I did not realize it was harmful,Other,Others,Never,Not at all,,1 (Very Low),No,Privacy Concerns,Other,Ignored it,1.0
12-09-2026 01:36,23–30,Male,"Instagram, WhatsApp",1–3 hours,No,No,No,Not Applicable,Body Shaming,Instagram,Sometimes,Not at all,,1 (Very Low),No,Lack of Awareness,School / College,Took No Action,1.0
12-09-2026 01:38,18–22,Male,YouTube,1–3 hours,No,Yes,No,Not Applicable,Fake Rumors,WhatsApp,Never,Not at all,,1 (Very Low),No,Not Applicable,Unknown Stranger,Blocked the user,1.0
12-09-2026 02:05,18–22,Male,WhatsApp,Less than 1 hour,Yes,No,No,Not Applicable,Offensive Comments,Others,Rarely,Severely,"Stress, Depression, Anger",3,"Friends, Family",Privacy Concerns,Social Media Community,Blocked the user,3.0
12-09-2026 02:17,23–30,Female,YouTube,More than 5 hours,Yes,Yes,Yes,I did not realize it was harmful,Fake Profile,Instagram,Rarely,Moderately,Anxiety,5 (Very High),Friends,Didn't think it was serious,Social Media Community,Told Friends / Family,5.0
12-09-2026 03:19,23–30,Female,"Instagram, WhatsApp, YouTube",3–5 hours,No,Yes,Yes,Self-defense,Fake Profile,WhatsApp,Sometimes,Not at all,,2,No,Not Applicable,Online Gaming,"Reported the account, Told Friends / Family",2.0
12-09-2026 04:29,23–30,Male,Instagram,More than 5 hours,No,Yes,No,Not Applicable,Stalking,Instagram,Never,Not at all,,3,Friends,Didn't think it was serious,Social Media Community,"Blocked the user, Reported the account, Told Friends / Family",3.0
12-09-2026 04:44,18–22,Female,"Instagram, WhatsApp, YouTube",1–3 hours,No,Yes,No,Not Applicable,Offensive Comments,Instagram,Never,Not at all,,1 (Very Low),No,Not Applicable,Social Media Community,Blocked the user,1.0
12-09-2026 06:11,18–22,Female,Instagram,1–3 hours,No,Yes,No,Not Applicable,Offensive Comments,Instagram,Never,Slightly,Anxiety,1 (Very Low),Friends,Not Applicable,School / College,Took No Action,1.0
12-09-2026 06:54,23–30,Female,Instagram,1–3 hours,Yes,Yes,No,Not Applicable,Fake Rumors,Instagram,Sometimes,Moderately,"Stress, Depression, Anger",2,Friends,Privacy Concerns,Social Media Community,Blocked the user,2.0
12-09-2026 07:09,18–22,Male,"Instagram, WhatsApp, YouTube, Others",3–5 hours,Yes,No,No,Not Applicable,Offensive Comments,Instagram,Rarely,Moderately,"Stress, Depression, Anger",3,"Friends, Family, No",Fear,Unknown Stranger,"Blocked the user, Reported the account",3.0
12-09-2026 07:36,23–30,Female,YouTube,1–3 hours,No,Yes,Yes,To respond to the person,Stalking,Instagram,Rarely,Not at all,,2,Friends,Not Applicable,Social Media Community,"Blocked the user, Reported the account",2.0
12-09-2026 07:49,23–30,Prefer not to say,"Instagram, WhatsApp, YouTube",3–5 hours,No,Yes,Yes,I did not realize it was harmful,Fake Rumors,Instagram,Sometimes,Not at all,Loss of Confidence,1 (Very Low),No,Didn't think it was serious,Unknown Stranger,Took No Action,1.0
12-09-2026 08:15,18–22,Female,"Instagram, WhatsApp, YouTube",3–5 hours,No,Yes,No,Not Applicable,Fake Rumors,Instagram,Rarely,Not at all,,1 (Very Low),No,Not Applicable,Unknown Stranger,Took No Action,1.0
12-09-2026 08:27,18–22,Female,"Instagram, WhatsApp",1–3 hours,Yes,No,No,Not Applicable,"Body Shaming, Hate Speech, Fake Rumors, Fake Profile",Instagram,Often,Moderately,Anxiety,2,"Friends, No",Privacy Concerns,Family,"Ignored it, Blocked the user",2.0
12-09-2026 08:58,18–22,Male,"Instagram, WhatsApp, YouTube",More than 5 hours,No,Yes,No,Not Applicable,Fake Profile,Others,Rarely,Slightly,,3,No,Lack of Awareness,Friends Circle,"Ignored it, Blocked the user",3.0
12-09-2026 09:13,23–30,Male,"Instagram, WhatsApp",1–3 hours,No,No,No,Not Applicable,Offensive Comments,Instagram,Never,Not at all,Anxiety,1 (Very Low),No,Not Applicable,Family,Took No Action,1.0
12-09-2026 10:03,23–30,Female,Others,1–3 hours,No,No,No,Not Applicable,Fake Rumors,Instagram,Rarely,Slightly,Anger,2,Friends,Not Applicable,Unknown Stranger,Ignored it,2.0
12-09-2026 10:17,18–22,Female,"Instagram, WhatsApp, YouTube",1–3 hours,Yes,No,No,Not Applicable,Threats,YouTube,Rarely,Severely,"Stress, Depression, Loss of Confidence",4,No,Privacy Concerns,School / College,"Blocked the user, Reported the account, Told Friends / Family",4.0
12-09-2026 11:20,18–22,Female,"WhatsApp, YouTube",3–5 hours,Yes,No,Yes,For fun,Fake Rumors,WhatsApp,Rarely,Severely,,3,"Friends, Family",Didn't think it was serious,Family,Told Friends / Family,3.0
12-09-2026 11:31,23–30,Female,WhatsApp,1–3 hours,Yes,Yes,Yes,Self-defense,Offensive Comments,YouTube,Sometimes,Slightly,"Stress, Depression",3,Family,Didn't know how to report,Social Media Community,Blocked the user,3.0
12-09-2026 12:51,23–30,Female,"Instagram, WhatsApp, YouTube, Others",More than 5 hours,No,Yes,No,Not Applicable,Body Shaming,Instagram,Never,Moderately,,1 (Very Low),Family,Not Applicable,Social Media Community,Ignored it,1.0
12-09-2026 13:36,31–40,Male,"Instagram, WhatsApp, YouTube, Others",1–3 hours,Yes,Yes,No,Not Applicable,Body Shaming,Others,Never,Moderately,Anxiety,1 (Very Low),"Friends, Family",Privacy Concerns,Friends Circle,Blocked the user,1.0
12-09-2026 14:15,23–30,Female,WhatsApp,1–3 hours,Yes,Yes,Yes,I was angry,Hate Speech,Instagram,Never,Moderately,,2,Friends,Fear,Unknown Stranger,Told Friends / Family,2.0
12-09-2026 14:30,23–30,Male,"Instagram, WhatsApp, YouTube",3–5 hours,No,Yes,No,Not Applicable,Fake Profile,Instagram,Never,Not at all,,2,No,Didn't think it was serious,Family,Ignored it,2.0
12-09-2026 15:05,31–40,Male,Instagram,3–5 hours,Yes,No,No,Not Applicable,Stalking,YouTube,Rarely,Not at all,"Stress, Depression",4,No,Fear,Unknown Stranger,Told Friends / Family,4.0
12-09-2026 15:26,23–30,Female,"Instagram, WhatsApp",1–3 hours,No,Yes,No,Not Applicable,Stalking,Instagram,Never,Not at all,,1 (Very Low),Family,Not Applicable,Social Media Community,"Ignored it, Blocked the user",1.0
12-09-2026 17:13,23–30,Female,"Instagram, WhatsApp",Less than 1 hour,No,Yes,No,Not Applicable,Body Shaming,WhatsApp,Never,Slightly,Anger,1 (Very Low),No,Didn't think it was serious,Family,Blocked the user,1.0
12-09-2026 18:03,18–22,Male,"Instagram, WhatsApp",1–3 hours,No,Yes,No,Not Applicable,Fake Profile,Instagram,Rarely,Moderately,,1 (Very Low),Family,Not Applicable,Family,Ignored it,1.0
12-09-2026 18:35,18–22,Male,"Instagram, WhatsApp, YouTube",Less than 1 hour,Yes,No,No,Not Applicable,Body Shaming,WhatsApp,Very Often,Moderately,,4,Friends,No reason,Other,Told Friends / Family,4.0
12-09-2026 19:31,23–30,Male,WhatsApp,1–3 hours,Yes,Yes,Yes,For fun,"Body Shaming, Hate Speech, Fake Rumors, Fake Profile",WhatsApp,Rarely,Moderately,Anxiety,4,Friends,Lack of Awareness,Unknown Stranger,Blocked the user,4.0
12-09-2026 21:19,18–22,Male,"Instagram, WhatsApp",3–5 hours,No,Yes,Yes,To respond to the person,Fake Rumors,Others,Rarely,Not at all,,1 (Very Low),No,Didn't think it was serious,Unknown Stranger,"Blocked the user, Reported the account",1.0
12-09-2026 21:36,18–22,Male,"Instagram, WhatsApp, YouTube",1–3 hours,No,Yes,No,Not Applicable,Fake Rumors,Others,Rarely,Slightly,Anger,1 (Very Low),Friends,Not Applicable,Social Media Community,Told Friends / Family,1.0
12-09-2026 21:54,18–22,Female,Instagram,1–3 hours,No,No,No,Not Applicable,Fake Profile,WhatsApp,Rarely,Not at all,Anger,2,No,Not Applicable,Other,Ignored it,2.0
12-09-2026 22:03,18–22,Female,"Instagram, WhatsApp",Less than 1 hour,No,Yes,No,Not Applicable,Offensive Comments,Instagram,Never,Not at all,Loss of Confidence,2,Family,Not Applicable,Social Media Community,"Reported the account, Told Friends / Family",2.0
12-09-2026 22:06,18–22,Female,"WhatsApp, YouTube",3–5 hours,No,Yes,No,Not Applicable,Fake Profile,Instagram,Never,Not at all,Anxiety,3,Friends,Lack of Awareness,Unknown Stranger,Blocked the user,3.0
12-09-2026 22:23,18–22,Male,Instagram,More than 5 hours,No,No,No,Not Applicable,Threats,WhatsApp,Sometimes,Not at all,Loss of Confidence,2,Family,Lack of Awareness,Social Media Community,Ignored it,2.0
12-09-2026 22:28,18–22,Female,YouTube,1–3 hours,No,Yes,No,Not Applicable,Offensive Comments,WhatsApp,Never,Not at all,,3,No,Didn't think it was serious,Online Gaming,"Blocked the user, Reported the account",3.0
12-09-2026 23:09,18–22,Female,Others,More than 5 hours,No,No,No,Not Applicable,Fake Profile,Instagram,Rarely,Not at all,,1 (Very Low),Family,Not Applicable,Family,Ignored it,1.0
13-09-2026 00:34,18–22,Female,"Instagram, WhatsApp",3–5 hours,No,Yes,No,Not Applicable,Offensive Comments,Instagram,Sometimes,Not at all,Loss of Confidence,1 (Very Low),No,Lack of Awareness,Unknown Stranger,"Reported the account, Told Friends / Family",1.0
13-09-2026 00:43,23–30,Male,Facebook,3–5 hours,Yes,No,Yes,I did not realize it was harmful,"Hate Speech, Threats, Fake Rumors, Fake Profile",WhatsApp,Sometimes,Severely,Anger,4,"Friends, Psychologist",Didn't think it was serious,Family,Blocked the user,4.0
13-09-2026 01:16,18–22,Male,"Instagram, WhatsApp, YouTube",3–5 hours,No,Yes,No,Not Applicable,Fake Rumors,WhatsApp,Never,Not at all,,3,Friends,Not Applicable,Social Media Community,"Blocked the user, Reported the account",3.0
13-09-2026 01:51,23–30,Female,Others,1–3 hours,No,Yes,No,Not Applicable,Fake Rumors,Facebook,Never,Not at all,Anger,2,No,Not Applicable,Family,Blocked the user,2.0
13-09-2026 02:47,23–30,Female,Instagram,More than 5 hours,No,No,Yes,Self-defense,Fake Rumors,WhatsApp,Rarely,Moderately,,3,Family,Not Applicable,School / College,Ignored it,3.0
13-09-2026 05:54,23–30,Female,"Instagram, WhatsApp, YouTube",1–3 hours,Yes,No,No,Not Applicable,Stalking,Instagram,Very Often,Moderately,"Stress, Depression, Anger",2,Psychologist,Didn't think it was serious,Social Media Community,Told Friends / Family,2.0
13-09-2026 06:02,18–22,Male,"Instagram, WhatsApp, YouTube",1–3 hours,No,Yes,No,Not Applicable,Offensive Comments,Others,Sometimes,Moderately,,1 (Very Low),No,Not Applicable,Social Media Community,"Blocked the user, Reported the account",1.0
13-09-2026 06:20,18–22,Female,Instagram,1–3 hours,No,Yes,No,Not Applicable,Offensive Comments,Instagram,Never,Slightly,,3,Friends,Not Applicable,Social Media Community,"Blocked the user, Reported the account",3.0
13-09-2026 08:04,23–30,Male,Instagram,1–3 hours,No,Yes,Yes,Self-defense,Offensive Comments,WhatsApp,Never,Not at all,,1 (Very Low),No,Not Applicable,Social Media Community,Ignored it,1.0
13-09-2026 08:34,18–22,Female,"Instagram, WhatsApp",3–5 hours,Yes,Yes,No,Not Applicable,"Offensive Comments, Hate Speech, Fake Profile",Instagram,Rarely,Slightly,,5 (Very High),No,Privacy Concerns,School / College,Took No Action,5.0
13-09-2026 08:54,31–40,Female,Others,1–3 hours,No,Yes,Yes,I was angry,Offensive Comments,WhatsApp,Never,Not at all,Loss of Confidence,1 (Very Low),No,Not Applicable,Unknown Stranger,"Blocked the user, Reported the account",1.0
13-09-2026 09:38,23–30,Male,Others,1–3 hours,Yes,Yes,No,Not Applicable,Fake Profile,Facebook,Often,Moderately,Anxiety,1 (Very Low),Friends,Didn't know how to report,Friends Circle,Ignored it,1.0
13-09-2026 11:03,18–22,Female,"WhatsApp, YouTube",1–3 hours,Yes,No,No,Not Applicable,"Offensive Comments, Hate Speech, Fake Profile",Instagram,Rarely,Slightly,"Stress, Depression",3,"Friends, Psychologist",Didn't know how to report,Family,Blocked the user,3.0
13-09-2026 11:49,18–22,Female,"Instagram, WhatsApp, YouTube",More than 5 hours,No,Yes,No,Not Applicable,Hate Speech,Instagram,Never,Slightly,,1 (Very Low),No,Not Applicable,School / College,Blocked the user,1.0
13-09-2026 11:59,18–22,Male,Instagram,More than 5 hours,Yes,No,No,Not Applicable,"Fake Rumors, Fake Profile",Instagram,Sometimes,Slightly,,3,No,Lack of Awareness,Social Media Community,Blocked the user,3.0
13-09-2026 11:59,23–30,Male,"Instagram, WhatsApp",3–5 hours,No,No,No,Not Applicable,Hate Speech,Instagram,Never,Slightly,,1 (Very Low),No,Not Applicable,Social Media Community,Took No Action,1.0
13-09-2026 12:04,23–30,Female,Others,1–3 hours,No,No,No,Not Applicable,Body Shaming,Instagram,Never,Slightly,Anger,3,No,Lack of Awareness,Family,Ignored it,3.0
13-09-2026 12:10,18–22,Female,"Instagram, WhatsApp",3–5 hours,No,Yes,No,Not Applicable,Stalking,Instagram,Sometimes,Not at all,Loss of Confidence,3,No,Not Applicable,Unknown Stranger,"Ignored it, Blocked the user",3.0
13-09-2026 12:15,18–22,Female,"Instagram, WhatsApp, YouTube, Others",1–3 hours,No,Yes,Yes,I did not realize it was harmful,Fake Rumors,WhatsApp,Never,Not at all,,2,No,Not Applicable,Social Media Community,"Ignored it, Blocked the user",2.0
13-09-2026 12:36,18–22,Female,Instagram,3–5 hours,Yes,Yes,No,Not Applicable,Hate Speech,WhatsApp,Sometimes,Moderately,Loss of Confidence,4,"Friends, Family",No reason,Unknown Stranger,Ignored it,4.0
13-09-2026 12:55,23–30,Male,YouTube,1–3 hours,No,Yes,Yes,Self-defense,Fake Rumors,Instagram,Rarely,Moderately,,1 (Very Low),Family,Lack of Awareness,Social Media Community,Told Friends / Family,1.0
13-09-2026 12:57,18–22,Male,"Instagram, WhatsApp",1–3 hours,No,No,No,Not Applicable,Offensive Comments,YouTube,Never,Slightly,,2,No,Lack of Awareness,Social Media Community,Ignored it,2.0
13-09-2026 13:26,18–22,Female,"WhatsApp, YouTube",3–5 hours,No,No,No,Not Applicable,Threats,WhatsApp,Rarely,Not at all,,2,No,Lack of Awareness,Social Media Community,Took No Action,2.0
13-09-2026 13:51,41–50,Male,"WhatsApp, YouTube",1–3 hours,No,No,No,Not Applicable,Threats,Instagram,Never,Slightly,,1 (Very Low),Family,Didn't think it was serious,School / College,Ignored it,1.0
13-09-2026 14:00,31–40,Male,"WhatsApp, YouTube",3–5 hours,No,Yes,Yes,For fun,Fake Profile,WhatsApp,Rarely,Not at all,,1 (Very Low),No,Not Applicable,Social Media Community,Took No Action,1.0
13-09-2026 16:51,23–30,Male,"Instagram, WhatsApp, YouTube",More than 5 hours,No,Yes,No,Not Applicable,Offensive Comments,YouTube,Never,Slightly,Loss of Confidence,3,No,Lack of Awareness,Unknown Stranger,Blocked the user,3.0
13-09-2026 16:58,23–30,Female,WhatsApp,3–5 hours,Yes,Yes,No,Not Applicable,Offensive Comments,WhatsApp,Rarely,Slightly,Loss of Confidence,4,"Friends, Family",Lack of Awareness,Social Media Community,Took No Action,4.0
13-09-2026 19:30,23–30,Female,"Instagram, WhatsApp",Less than 1 hour,No,Yes,No,Not Applicable,Body Shaming,Others,Rarely,Slightly,Loss of Confidence,2,Friends,Not Applicable,Family,Blocked the user,2.0
13-09-2026 19:49,18–22,Female,Instagram,3–5 hours,No,No,No,Not Applicable,Offensive Comments,YouTube,Never,Not at all,Anxiety,1 (Very Low),Friends,Didn't think it was serious,Friends Circle,Took No Action,1.0
13-09-2026 20:18,41–50,Female,"Instagram, WhatsApp, YouTube, Others",More than 5 hours,Yes,Yes,No,Not Applicable,Fake Profile,Others,Rarely,Severely,"Stress, Depression, Anger",4,Psychologist,Lack of Awareness,Social Media Community,Took No Action,4.0
13-09-2026 23:16,23–30,Female,Instagram,3–5 hours,Yes,No,No,Not Applicable,Threats,WhatsApp,Never,Severely,Loss of Confidence,4,Friends,No reason,Social Media Community,Ignored it,4.0
13-09-2026 23:21,18–22,Female,"WhatsApp, YouTube",1–3 hours,No,Yes,Yes,To respond to the person,Offensive Comments,Instagram,Rarely,Slightly,,1 (Very Low),Friends,Didn't think it was serious,Unknown Stranger,Took No Action,1.0
13-09-2026 23:39,18–22,Male,"Instagram, WhatsApp, YouTube",Less than 1 hour,No,Yes,Yes,To respond to the person,Hate Speech,Instagram,Never,Moderately,,1 (Very Low),No,Not Applicable,Friends Circle,Blocked the user,1.0
14-09-2026 00:24,31–40,Female,"Instagram, WhatsApp, YouTube",1–3 hours,No,No,No,Not Applicable,Fake Rumors,Others,Never,Not at all,Anxiety,1 (Very Low),Family,Not Applicable,Social Media Community,Ignored it,1.0
14-09-2026 01:03,18–22,Female,YouTube,1–3 hours,Yes,Yes,No,Not Applicable,Offensive Comments,Facebook,Rarely,Moderately,"Stress, Depression, Anger",1 (Very Low),Friends,Didn't know how to report,Friends Circle,"Blocked the user, Reported the account",1.0
14-09-2026 05:13,23–30,Male,"WhatsApp, YouTube",3–5 hours,No,Yes,No,Not Applicable,Body Shaming,Instagram,Rarely,Not at all,Anger,3,No,Didn't think it was serious,Social Media Community,Ignored it,3.0
14-09-2026 05:50,18–22,Female,"WhatsApp, YouTube",1–3 hours,Yes,Yes,Yes,I did not realize it was harmful,Body Shaming,WhatsApp,Rarely,Severely,"Stress, Depression, Loss of Confidence",2,No,Didn't think it was serious,Social Media Community,"Reported the account, Told Friends / Family",2.0
14-09-2026 05:52,23–30,Male,WhatsApp,More than 5 hours,Yes,Yes,No,Not Applicable,Fake Rumors,WhatsApp,Rarely,Moderately,"Stress, Depression, Anger",1 (Very Low),Friends,Didn't think it was serious,Social Media Community,Blocked the user,1.0
14-09-2026 05:57,18–22,Male,"WhatsApp, YouTube",1–3 hours,No,Yes,No,Not Applicable,Offensive Comments,Instagram,Never,Not at all,Loss of Confidence,1 (Very Low),No,Not Applicable,Unknown Stranger,Ignored it,1.0
14-09-2026 06:08,18–22,Female,WhatsApp,1–3 hours,Yes,No,Yes,Peer pressure,"Offensive Comments, Body Shaming, Fake Rumors",Others,Often,Moderately,Loss of Confidence,4,Family,Fear,Social Media Community,"Blocked the user, Reported the account",4.0
14-09-2026 07:55,23–30,Female,"Instagram, WhatsApp, YouTube, Others",1–3 hours,Yes,No,No,Not Applicable,Offensive Comments,WhatsApp,Never,Severely,Anxiety,5 (Very High),Friends,Fear,Friends Circle,"Reported the account, Told Friends / Family",5.0
14-09-2026 08:01,23–30,Female,"WhatsApp, YouTube",3–5 hours,No,Yes,No,Not Applicable,Threats,YouTube,Never,Moderately,Loss of Confidence,1 (Very Low),Friends,Didn't think it was serious,Unknown Stranger,"Reported the account, Told Friends / Family",1.0
14-09-2026 09:27,18–22,Male,Facebook,1–3 hours,No,No,Yes,I was angry,Fake Profile,Instagram,Sometimes,Not at all,,1 (Very Low),No,Didn't think it was serious,Family,Took No Action,1.0
14-09-2026 10:00,18–22,Female,YouTube,1–3 hours,Yes,No,No,Not Applicable,"Hate Speech, Threats, Fake Rumors, Fake Profile",YouTube,Sometimes,Moderately,"Stress, Depression",5 (Very High),Psychologist,Didn't know how to report,Unknown Stranger,"Blocked the user, Reported the account, Told Friends / Family",5.0
14-09-2026 10:40,18–22,Male,"Instagram, WhatsApp, YouTube",Less than 1 hour,No,Yes,Yes,For fun,Offensive Comments,WhatsApp,Never,Not at all,Anger,3,No,Not Applicable,Social Media Community,Ignored it,3.0
14-09-2026 10:43,18–22,Female,Instagram,3–5 hours,Yes,No,No,Not Applicable,Hate Speech,Facebook,Rarely,Severely,Loss of Confidence,1 (Very Low),"Friends, Family",Fear,School / College,"Blocked the user, Reported the account",1.0
14-09-2026 11:30,31–40,Male,"Instagram, WhatsApp",3–5 hours,No,Yes,No,Not Applicable,Fake Rumors,Facebook,Rarely,Moderately,,1 (Very Low),No,Lack of Awareness,Social Media Community,Blocked the user,1.0
14-09-2026 12:25,18–22,Female,"Instagram, WhatsApp, YouTube, Others",Less than 1 hour,No,Yes,No,Not Applicable,Offensive Comments,WhatsApp,Never,Not at all,,1 (Very Low),Friends,Lack of Awareness,Social Media Community,"Blocked the user, Reported the account",1.0
14-09-2026 12:36,23–30,Female,Instagram,3–5 hours,No,Yes,Yes,To respond to the person,Fake Rumors,Instagram,Sometimes,Not at all,Anxiety,1 (Very Low),Family,Not Applicable,Unknown Stranger,"Blocked the user, Reported the account, Told Friends / Family",1.0
14-09-2026 12:37,23–30,Male,"Instagram, WhatsApp, YouTube",3–5 hours,No,Yes,No,Not Applicable,Body Shaming,YouTube,Rarely,Moderately,,2,Family,Didn't think it was serious,Online Gaming,Blocked the user,2.0
14-09-2026 13:07,23–30,Male,"WhatsApp, YouTube",3–5 hours,No,Yes,No,Not Applicable,Offensive Comments,YouTube,Never,Not at all,,1 (Very Low),Family,Didn't think it was serious,Unknown Stranger,Ignored it,1.0
14-09-2026 13:33,18–22,Male,"Instagram, WhatsApp",1–3 hours,No,No,No,Not Applicable,Body Shaming,YouTube,Never,Not at all,Anxiety,1 (Very Low),Family,Didn't think it was serious,Friends Circle,Took No Action,1.0
14-09-2026 13:35,18–22,Female,YouTube,1–3 hours,Yes,Yes,No,Not Applicable,"Offensive Comments, Hate Speech, Fake Profile",WhatsApp,Never,Severely,Anger,1 (Very Low),No,Privacy Concerns,Unknown Stranger,Took No Action,1.0
14-09-2026 16:03,18–22,Male,"WhatsApp, YouTube",1–3 hours,No,Yes,No,Not Applicable,Fake Profile,Instagram,Never,Slightly,,1 (Very Low),No,Didn't think it was serious,Family,Ignored it,1.0
14-09-2026 17:46,18–22,Male,Instagram,1–3 hours,No,Yes,No,Not Applicable,Stalking,WhatsApp,Never,Not at all,Loss of Confidence,1 (Very Low),Friends,Not Applicable,Other,"Blocked the user, Reported the account",1.0
14-09-2026 18:28,18–22,Male,"Instagram, WhatsApp, YouTube",More than 5 hours,No,No,No,Not Applicable,Fake Rumors,YouTube,Rarely,Moderately,,3,Friends,Not Applicable,School / College,Took No Action,3.0
14-09-2026 19:12,18–22,Female,"Instagram, WhatsApp, YouTube, Others",1–3 hours,Yes,No,No,Not Applicable,Fake Profile,Others,Sometimes,Moderately,"Stress, Depression",4,Friends,Privacy Concerns,Online Gaming,Blocked the user,4.0
14-09-2026 19:52,23–30,Female,WhatsApp,3–5 hours,No,Yes,No,Not Applicable,Body Shaming,WhatsApp,Rarely,Not at all,,1 (Very Low),Family,Lack of Awareness,Social Media Community,Took No Action,1.0
14-09-2026 22:05,18–22,Female,Facebook,1–3 hours,Yes,No,No,Not Applicable,Stalking,Others,Rarely,Moderately,Anger,4,"Friends, Family",Lack of Awareness,Unknown Stranger,"Ignored it, Blocked the user",4.0
14-09-2026 22:52,31–40,Female,WhatsApp,1–3 hours,No,Yes,No,Not Applicable,Offensive Comments,WhatsApp,Rarely,Not at all,Anger,1 (Very Low),No,Not Applicable,Social Media Community,Ignored it,1.0
14-09-2026 22:56,18–22,Female,YouTube,3–5 hours,No,Yes,No,Not Applicable,Fake Profile,Instagram,Rarely,Not at all,,1 (Very Low),No,Lack of Awareness,Unknown Stranger,Blocked the user,1.0
14-09-2026 23:10,18–22,Male,"Instagram, WhatsApp, YouTube",More than 5 hours,Yes,Yes,No,Not Applicable,Hate Speech,WhatsApp,Sometimes,Moderately,"Stress, Depression, Loss of Confidence",4,"Friends, No",No reason,Friends Circle,Took No Action,4.0
15-09-2026 01:49,31–40,Female,"Instagram, WhatsApp, YouTube",1–3 hours,Yes,Yes,No,Not Applicable,"Fake Rumors, Fake Profile",Instagram,Rarely,Moderately,"Stress, Depression, Anger",1 (Very Low),"Friends, Family",Lack of Awareness,Unknown Stranger,Ignored it,1.0
15-09-2026 02:13,18–22,Male,"Instagram, WhatsApp",3–5 hours,No,No,No,Not Applicable,Offensive Comments,Instagram,Sometimes,Not at all,,2,No,Didn't think it was serious,Social Media Community,Blocked the user,2.0
15-09-2026 03:09,18–22,Male,WhatsApp,More than 5 hours,No,No,No,Not Applicable,Body Shaming,Facebook,Rarely,Not at all,,1 (Very Low),Friends,Lack of Awareness,Friends Circle,Blocked the user,1.0
15-09-2026 03:21,23–30,Female,"Instagram, WhatsApp",1–3 hours,No,No,No,Not Applicable,Offensive Comments,Others,Sometimes,Not at all,,1 (Very Low),Family,Not Applicable,Unknown Stranger,Took No Action,1.0
15-09-2026 03:44,18–22,Male,"Instagram, WhatsApp",1–3 hours,No,Yes,No,Not Applicable,Body Shaming,Facebook,Never,Moderately,,1 (Very Low),No,Lack of Awareness,Social Media Community,"Blocked the user, Reported the account, Told Friends / Family",1.0
15-09-2026 05:17,18–22,Male,"Instagram, WhatsApp, YouTube",3–5 hours,No,No,No,Not Applicable,Hate Speech,Instagram,Rarely,Not at all,Anxiety,1 (Very Low),No,Not Applicable,Social Media Community,Blocked the user,1.0
15-09-2026 06:52,18–22,Female,"Instagram, WhatsApp, YouTube",Less than 1 hour,No,No,No,Not Applicable,Fake Profile,Instagram,Rarely,Slightly,,3,No,Didn't think it was serious,Social Media Community,Took No Action,3.0
15-09-2026 07:46,18–22,Female,WhatsApp,More than 5 hours,No,No,Yes,I was angry,Offensive Comments,WhatsApp,Never,Not at all,Loss of Confidence,2,Family,Lack of Awareness,Other,Took No Action,2.0
15-09-2026 07:46,18–22,Male,"WhatsApp, YouTube",3–5 hours,Yes,Yes,No,Not Applicable,Fake Profile,WhatsApp,Never,Moderately,"Stress, Depression",3,No,Didn't think it was serious,Social Media Community,Told Friends / Family,3.0
15-09-2026 09:39,23–30,Female,WhatsApp,Less than 1 hour,Yes,No,Yes,Self-defense,"Hate Speech, Threats, Fake Rumors, Fake Profile",WhatsApp,Sometimes,Slightly,"Stress, Depression",2,Friends,Privacy Concerns,Friends Circle,Blocked the user,2.0
15-09-2026 09:46,31–40,Male,Facebook,3–5 hours,No,No,No,Not Applicable,Offensive Comments,WhatsApp,Never,Moderately,,3,No,Not Applicable,Unknown Stranger,Took No Action,3.0
15-09-2026 10:55,18–22,Female,YouTube,1–3 hours,No,Yes,No,Not Applicable,Offensive Comments,WhatsApp,Sometimes,Slightly,,2,No,Not Applicable,Social Media Community,Ignored it,2.0
15-09-2026 11:03,18–22,Male,"Instagram, WhatsApp, YouTube",3–5 hours,No,No,No,Not Applicable,Threats,Instagram,Never,Slightly,Loss of Confidence,1 (Very Low),No,Not Applicable,Unknown Stranger,Took No Action,1.0
15-09-2026 11:53,23–30,Female,WhatsApp,More than 5 hours,Yes,Yes,No,Not Applicable,Fake Profile,WhatsApp,Never,Slightly,Loss of Confidence,4,"Friends, Family",Not Applicable,Social Media Community,"Blocked the user, Reported the account, Told Friends / Family",4.0
15-09-2026 11:54,18–22,Female,"WhatsApp, YouTube",1–3 hours,No,No,No,Not Applicable,Body Shaming,Others,Rarely,Not at all,,3,Friends,Not Applicable,Unknown Stranger,Ignored it,3.0
15-09-2026 12:19,18–22,Male,Instagram,3–5 hours,No,No,No,Not Applicable,Fake Profile,Instagram,Sometimes,Slightly,,3,No,Not Applicable,Social Media Community,Took No Action,3.0
15-09-2026 12:42,18–22,Male,YouTube,1–3 hours,No,No,Yes,For fun,Offensive Comments,WhatsApp,Never,Not at all,Anger,1 (Very Low),No,Not Applicable,Friends Circle,Blocked the user,1.0
15-09-2026 12:45,23–30,Female,Instagram,3–5 hours,Yes,Yes,No,Not Applicable,"Fake Rumors, Fake Profile",Instagram,Rarely,Slightly,Stress,4,"Friends, Family",Lack of Awareness,Social Media Community,Told Friends / Family,4.0
15-09-2026 13:00,18–22,Female,"WhatsApp, YouTube",3–5 hours,No,No,No,Not Applicable,Body Shaming,YouTube,Never,Not at all,,3,Family,Not Applicable,Social Media Community,Blocked the user,3.0
15-09-2026 14:14,18–22,Male,"Instagram, WhatsApp",3–5 hours,Yes,Yes,No,Not Applicable,"Fake Rumors, Fake Profile",Instagram,Rarely,Not at all,"Stress, Depression",4,Friends,Didn't think it was serious,Social Media Community,Ignored it,4.0
15-09-2026 14:47,18–22,Female,Instagram,Less than 1 hour,Yes,Yes,Yes,Self-defense,Hate Speech,YouTube,Sometimes,Severely,Stress,4,"Friends, Psychologist",Didn't think it was serious,Friends Circle,Blocked the user,4.0
15-09-2026 15:01,18–22,Male,WhatsApp,More than 5 hours,Yes,No,No,Not Applicable,"Offensive Comments, Body Shaming, Fake Rumors",YouTube,Sometimes,Moderately,"Stress, Depression",4,Friends,Didn't know how to report,Social Media Community,"Blocked the user, Reported the account",4.0
15-09-2026 15:06,18–22,Male,Instagram,1–3 hours,Yes,Yes,No,Not Applicable,"Body Shaming, Hate Speech, Fake Rumors, Fake Profile",Instagram,Sometimes,Moderately,Stress,3,Psychologist,Lack of Awareness,Family,"Ignored it, Blocked the user",3.0
15-09-2026 16:41,23–30,Female,Instagram,1–3 hours,No,Yes,No,Not Applicable,Body Shaming,Others,Never,Not at all,,1 (Very Low),No,Didn't think it was serious,Friends Circle,Blocked the user,1.0
15-09-2026 18:27,18–22,Male,Instagram,More than 5 hours,No,Yes,No,Not Applicable,Hate Speech,WhatsApp,Rarely,Slightly,Anxiety,1 (Very Low),No,Lack of Awareness,Unknown Stranger,"Blocked the user, Reported the account",1.0
15-09-2026 19:36,18–22,Female,"Instagram, WhatsApp",1–3 hours,No,No,No,Not Applicable,Offensive Comments,WhatsApp,Rarely,Not at all,,1 (Very Low),No,Didn't think it was serious,Other,Took No Action,1.0
15-09-2026 20:41,18–22,Prefer not to say,WhatsApp,3–5 hours,Yes,No,No,Not Applicable,Fake Rumors,YouTube,Sometimes,Not at all,"Stress, Depression",4,No,Privacy Concerns,School / College,"Ignored it, Blocked the user",4.0
15-09-2026 21:00,18–22,Male,"Instagram, WhatsApp",1–3 hours,No,Yes,Yes,Self-defense,Stalking,Instagram,Rarely,Not at all,Loss of Confidence,3,No,Didn't think it was serious,Online Gaming,Ignored it,3.0
15-09-2026 21:42,18–22,Male,WhatsApp,3–5 hours,No,No,Yes,Peer pressure,Fake Profile,Instagram,Rarely,Slightly,Anxiety,1 (Very Low),Friends,Lack of Awareness,Social Media Community,Took No Action,1.0
15-09-2026 21:44,18–22,Male,"WhatsApp, YouTube",1–3 hours,No,Yes,No,Not Applicable,Fake Rumors,WhatsApp,Rarely,Not at all,,2,Family,Not Applicable,Social Media Community,Took No Action,2.0
15-09-2026 22:36,18–22,Female,"Instagram, WhatsApp, YouTube, Others",3–5 hours,Yes,Yes,No,Not Applicable,Hate Speech,Instagram,Sometimes,Moderately,"Stress, Depression",4,Friends,Didn't think it was serious,Social Media Community,Told Friends / Family,4.0
15-09-2026 22:53,23–30,Female,"Instagram, WhatsApp, YouTube",3–5 hours,No,No,Yes,I did not realize it was harmful,Fake Rumors,Instagram,Rarely,Not at all,Anger,3,Family,Not Applicable,Other,Ignored it,3.0
16-09-2026 00:39,18–22,Male,"Instagram, WhatsApp, YouTube, Others",3–5 hours,Yes,No,No,Not Applicable,Hate Speech,WhatsApp,Sometimes,Slightly,"Stress, Depression, Anger",3,No,No reason,Online Gaming,Ignored it,3.0
16-09-2026 01:34,18–22,Male,"WhatsApp, YouTube",3–5 hours,No,No,No,Not Applicable,Threats,WhatsApp,Never,Not at all,,1 (Very Low),No,Not Applicable,Social Media Community,Took No Action,1.0
16-09-2026 01:54,18–22,Male,WhatsApp,More than 5 hours,No,No,No,Not Applicable,Body Shaming,WhatsApp,Never,Not at all,Anger,1 (Very Low),Friends,Not Applicable,Online Gaming,Took No Action,1.0
16-09-2026 02:08,23–30,Male,"Instagram, WhatsApp, YouTube",Less than 1 hour,No,Yes,No,Not Applicable,Offensive Comments,Instagram,Rarely,Not at all,,1 (Very Low),No,Lack of Awareness,Friends Circle,"Blocked the user, Reported the account",1.0
16-09-2026 02:44,18–22,Female,YouTube,More than 5 hours,Yes,Yes,No,Not Applicable,"Hate Speech, Threats, Fake Rumors, Fake Profile",Others,Rarely,Slightly,Stress,1 (Very Low),No,Lack of Awareness,Friends Circle,Blocked the user,1.0
16-09-2026 02:45,18–22,Male,WhatsApp,1–3 hours,Yes,No,Yes,To respond to the person,"Offensive Comments, Body Shaming, Fake Rumors",Others,Rarely,Not at all,Stress,2,No,Didn't think it was serious,Friends Circle,Ignored it,2.0
16-09-2026 02:55,18–22,Female,Instagram,More than 5 hours,No,No,Yes,To respond to the person,Threats,Instagram,Sometimes,Not at all,Anger,2,Friends,Lack of Awareness,Social Media Community,Took No Action,2.0
16-09-2026 04:07,18–22,Prefer not to say,Facebook,3–5 hours,No,Yes,No,Not Applicable,Fake Rumors,Instagram,Never,Not at all,,2,No,Not Applicable,Unknown Stranger,"Blocked the user, Reported the account",2.0
16-09-2026 04:09,18–22,Male,YouTube,1–3 hours,No,Yes,No,Not Applicable,Threats,YouTube,Never,Slightly,Anger,1 (Very Low),No,Didn't think it was serious,Unknown Stranger,"Ignored it, Blocked the user",1.0
16-09-2026 04:24,23–30,Male,WhatsApp,More than 5 hours,Yes,No,No,Not Applicable,Hate Speech,WhatsApp,Never,Moderately,"Stress, Depression, Loss of Confidence",3,No,Didn't think it was serious,Friends Circle,Blocked the user,3.0
16-09-2026 04:32,23–30,Male,"WhatsApp, YouTube",3–5 hours,No,Yes,No,Not Applicable,Body Shaming,YouTube,Rarely,Not at all,,3,No,Not Applicable,Family,"Blocked the user, Reported the account",3.0
16-09-2026 04:44,31–40,Male,Instagram,More than 5 hours,No,Yes,No,Not Applicable,Fake Profile,Instagram,Never,Not at all,Loss of Confidence,1 (Very Low),Friends,Didn't think it was serious,Online Gaming,"Blocked the user, Reported the account",1.0
16-09-2026 04:54,18–22,Male,"Instagram, WhatsApp",3–5 hours,No,No,No,Not Applicable,Fake Rumors,YouTube,Rarely,Slightly,Loss of Confidence,2,No,Not Applicable,Unknown Stranger,Ignored it,2.0
16-09-2026 05:04,23–30,Female,"Instagram, WhatsApp",More than 5 hours,Yes,Yes,No,Not Applicable,Fake Profile,Instagram,Often,Moderately,"Stress, Depression, Anger",3,No,Didn't think it was serious,Family,"Reported the account, Sought Professional Help",3.0
16-09-2026 05:39,18–22,Female,YouTube,3–5 hours,No,Yes,Yes,I was angry,Offensive Comments,WhatsApp,Rarely,Slightly,Loss of Confidence,2,No,Didn't think it was serious,School / College,"Ignored it, Blocked the user",2.0
16-09-2026 09:23,18–22,Female,YouTube,1–3 hours,Yes,No,No,Not Applicable,Threats,Others,Very Often,Not at all,"Stress, Depression, Loss of Confidence",5 (Very High),Friends,Didn't know how to report,Social Media Community,"Ignored it, Blocked the user",5.0
16-09-2026 10:04,31–40,Male,"Instagram, WhatsApp",1–3 hours,No,Yes,No,Not Applicable,Threats,Instagram,Rarely,Moderately,Anger,1 (Very Low),Family,Not Applicable,Friends Circle,"Reported the account, Sought Professional Help",1.0
16-09-2026 10:09,18–22,Female,YouTube,1–3 hours,No,No,Yes,I did not realize it was harmful,Offensive Comments,YouTube,Sometimes,Slightly,,3,No,Lack of Awareness,Family,Ignored it,3.0
16-09-2026 10:13,18–22,Female,Instagram,Less than 1 hour,Yes,Yes,No,Not Applicable,Fake Profile,Instagram,Rarely,Not at all,Anger,4,"Friends, Family",Privacy Concerns,Unknown Stranger,"Reported the account, Told Friends / Family",4.0
16-09-2026 10:30,18–22,Male,WhatsApp,More than 5 hours,No,Yes,No,Not Applicable,Offensive Comments,YouTube,Rarely,Slightly,,3,Friends,Didn't think it was serious,Online Gaming,Blocked the user,3.0
16-09-2026 12:31,18–22,Female,"Instagram, WhatsApp, YouTube",1–3 hours,No,Yes,No,Not Applicable,Offensive Comments,Facebook,Never,Not at all,Anxiety,1 (Very Low),Friends,Lack of Awareness,School / College,"Reported the account, Told Friends / Family",1.0
16-09-2026 12:41,18–22,Female,Instagram,1–3 hours,Yes,No,No,Not Applicable,"Offensive Comments, Hate Speech, Fake Profile",WhatsApp,Often,Severely,Loss of Confidence,4,Family,Privacy Concerns,Social Media Community,"Ignored it, Blocked the user",4.0
16-09-2026 12:43,18–22,Male,"Instagram, WhatsApp, YouTube, Others",1–3 hours,No,Yes,No,Not Applicable,Body Shaming,Instagram,Never,Not at all,,1 (Very Low),No,Didn't think it was serious,Other,"Blocked the user, Reported the account, Told Friends / Family",1.0
16-09-2026 12:47,23–30,Female,"Instagram, WhatsApp, YouTube, Others",1–3 hours,Yes,Yes,No,Not Applicable,Offensive Comments,Others,Very Often,Severely,Loss of Confidence,3,No,Didn't think it was serious,Online Gaming,Blocked the user,3.0
16-09-2026 12:54,18–22,Male,Instagram,Less than 1 hour,No,No,Yes,I did not realize it was harmful,Offensive Comments,Instagram,Never,Moderately,,1 (Very Low),Family,Lack of Awareness,Unknown Stranger,Took No Action,1.0
16-09-2026 13:48,18–22,Male,"WhatsApp, YouTube",3–5 hours,Yes,Yes,No,Not Applicable,"Offensive Comments, Hate Speech, Fake Profile",Others,Rarely,Moderately,,4,Psychologist,Didn't think it was serious,Online Gaming,"Blocked the user, Reported the account",4.0
16-09-2026 15:24,18–22,Male,"Instagram, WhatsApp",More than 5 hours,Yes,Yes,No,Not Applicable,Body Shaming,Instagram,Rarely,Moderately,,3,Psychologist,No reason,Social Media Community,Told Friends / Family,3.0
16-09-2026 15:34,23–30,Male,"Instagram, WhatsApp, YouTube",3–5 hours,Yes,Yes,No,Not Applicable,"Offensive Comments, Hate Speech, Fake Profile",Instagram,Rarely,Moderately,Anxiety,3,Friends,Privacy Concerns,Social Media Community,Blocked the user,3.0
16-09-2026 17:36,18–22,Male,"WhatsApp, YouTube",More than 5 hours,No,No,No,Not Applicable,Stalking,Facebook,Never,Moderately,Loss of Confidence,2,No,Not Applicable,Unknown Stranger,Took No Action,2.0
16-09-2026 17:56,18–22,Male,"Instagram, WhatsApp, YouTube",1–3 hours,No,No,No,Not Applicable,Stalking,Others,Never,Not at all,Loss of Confidence,1 (Very Low),No,Not Applicable,School / College,Took No Action,1.0
16-09-2026 19:07,23–30,Male,"Instagram, WhatsApp, YouTube",More than 5 hours,No,Yes,Yes,I was angry,Body Shaming,WhatsApp,Never,Slightly,Anger,2,Friends,Didn't think it was serious,Online Gaming,Told Friends / Family,2.0
16-09-2026 19:13,23–30,Male,Instagram,1–3 hours,No,Yes,No,Not Applicable,Offensive Comments,WhatsApp,Rarely,Not at all,Anger,1 (Very Low),Family,Lack of Awareness,Social Media Community,Told Friends / Family,1.0
16-09-2026 19:49,18–22,Male,Facebook,3–5 hours,No,No,No,Not Applicable,Body Shaming,WhatsApp,Sometimes,Not at all,,2,No,Lack of Awareness,Friends Circle,Took No Action,2.0
16-09-2026 19:54,23–30,Female,"Instagram, WhatsApp, YouTube",1–3 hours,Yes,No,No,Not Applicable,Hate Speech,YouTube,Often,Slightly,"Stress, Depression, Anger",3,Family,No reason,Family,"Reported the account, Told Friends / Family",3.0
16-09-2026 20:52,31–40,Female,Facebook,Less than 1 hour,Yes,Yes,No,Not Applicable,"Fake Rumors, Fake Profile",WhatsApp,Very Often,Slightly,Anger,3,No,Privacy Concerns,Unknown Stranger,"Blocked the user, Reported the account",3.0
16-09-2026 22:46,23–30,Female,WhatsApp,More than 5 hours,No,No,Yes,Other,Hate Speech,Instagram,Rarely,Slightly,,2,Family,Lack of Awareness,Family,Ignored it,2.0
16-09-2026 23:12,23–30,Male,YouTube,3–5 hours,No,No,No,Not Applicable,Fake Profile,WhatsApp,Never,Not at all,Loss of Confidence,2,No,Not Applicable,Friends Circle,Ignored it,2.0
17-09-2026 00:44,23–30,Female,Instagram,1–3 hours,Yes,Yes,No,Not Applicable,Fake Profile,Instagram,Rarely,Slightly,,1 (Very Low),Friends,Didn't think it was serious,Social Media Community,"Ignored it, Blocked the user",1.0
17-09-2026 01:09,41–50,Female,Others,1–3 hours,No,Yes,No,Not Applicable,Offensive Comments,Instagram,Never,Not at all,,1 (Very Low),Family,Didn't think it was serious,Social Media Community,Blocked the user,1.0
17-09-2026 01:15,18–22,Male,"Instagram, WhatsApp",3–5 hours,No,No,No,Not Applicable,Hate Speech,Instagram,Never,Slightly,,1 (Very Low),Friends,Didn't think it was serious,Social Media Community,Took No Action,1.0
17-09-2026 01:27,18–22,Male,"Instagram, WhatsApp, YouTube",3–5 hours,No,Yes,No,Not Applicable,Stalking,Instagram,Never,Not at all,,1 (Very Low),No,Lack of Awareness,School / College,"Ignored it, Blocked the user",1.0
17-09-2026 01:30,31–40,Male,YouTube,1–3 hours,No,Yes,No,Not Applicable,Hate Speech,Instagram,Never,Slightly,Loss of Confidence,1 (Very Low),No,Not Applicable,Unknown Stranger,Took No Action,1.0
17-09-2026 02:17,18–22,Male,WhatsApp,1–3 hours,Yes,No,No,Not Applicable,Hate Speech,WhatsApp,Rarely,Slightly,,4,Family,Didn't think it was serious,Social Media Community,Took No Action,4.0
17-09-2026 03:21,41–50,Male,"Instagram, WhatsApp, YouTube",1–3 hours,No,No,No,Not Applicable,Body Shaming,WhatsApp,Rarely,Not at all,Loss of Confidence,3,No,Lack of Awareness,Social Media Community,Ignored it,3.0
17-09-2026 03:28,18–22,Male,WhatsApp,1–3 hours,Yes,Yes,No,Not Applicable,Stalking,Others,Rarely,Not at all,Anger,2,"Friends, Family",Didn't know how to report,School / College,Blocked the user,2.0
17-09-2026 03:48,31–40,Male,YouTube,1–3 hours,Yes,No,No,Not Applicable,Fake Rumors,YouTube,Often,Moderately,Stress,3,Psychologist,Didn't think it was serious,Social Media Community,Blocked the user,3.0
17-09-2026 05:09,18–22,Male,"Instagram, WhatsApp, YouTube",3–5 hours,No,No,No,Not Applicable,Offensive Comments,Facebook,Never,Not at all,Loss of Confidence,2,No,Lack of Awareness,Social Media Community,Took No Action,2.0
17-09-2026 05:37,18–22,Male,Others,1–3 hours,No,Yes,No,Not Applicable,Body Shaming,Instagram,Never,Not at all,,1 (Very Low),No,Lack of Awareness,School / College,"Blocked the user, Reported the account",1.0
17-09-2026 06:42,18–22,Male,"Instagram, WhatsApp, YouTube",1–3 hours,No,No,No,Not Applicable,Body Shaming,YouTube,Never,Not at all,Loss of Confidence,1 (Very Low),No,Not Applicable,Unknown Stranger,Took No Action,1.0
17-09-2026 07:01,23–30,Prefer not to say,Facebook,More than 5 hours,No,No,No,Not Applicable,Hate Speech,Instagram,Rarely,Not at all,Loss of Confidence,3,Friends,Lack of Awareness,Social Media Community,Ignored it,3.0
17-09-2026 07:38,18–22,Female,"Instagram, WhatsApp, YouTube",1–3 hours,No,Yes,No,Not Applicable,Hate Speech,Others,Never,Not at all,Anxiety,1 (Very Low),Family,Lack of Awareness,Social Media Community,Took No Action,1.0
17-09-2026 08:20,23–30,Male,YouTube,3–5 hours,No,No,No,Not Applicable,Stalking,WhatsApp,Never,Slightly,Anxiety,3,No,Not Applicable,Unknown Stranger,Blocked the user,3.0
17-09-2026 12:07,23–30,Female,"Instagram, WhatsApp",3–5 hours,Yes,Yes,No,Not Applicable,Fake Profile,Facebook,Rarely,Severely,,2,Friends,Privacy Concerns,Family,"Blocked the user, Reported the account",2.0
17-09-2026 13:32,18–22,Non-binary,"Instagram, WhatsApp",Less than 1 hour,No,No,Yes,Peer pressure,Offensive Comments,WhatsApp,Sometimes,Slightly,,2,No,Lack of Awareness,Other,Took No Action,2.0
17-09-2026 14:37,18–22,Female,"WhatsApp, YouTube",1–3 hours,No,No,No,Not Applicable,Fake Profile,WhatsApp,Rarely,Moderately,Loss of Confidence,1 (Very Low),Friends,Not Applicable,Family,Took No Action,1.0
17-09-2026 14:52,31–40,Female,"Instagram, WhatsApp, YouTube, Others",1–3 hours,No,No,No,Not Applicable,Fake Rumors,WhatsApp,Never,Not at all,,1 (Very Low),Friends,Not Applicable,Unknown Stranger,Ignored it,1.0
17-09-2026 15:36,18–22,Male,"Instagram, WhatsApp, YouTube",3–5 hours,Yes,No,No,Not Applicable,Body Shaming,Facebook,Rarely,Moderately,Anxiety,3,Family,Lack of Awareness,Family,Blocked the user,3.0
17-09-2026 15:55,23–30,Female,Others,Less than 1 hour,No,Yes,No,Not Applicable,Body Shaming,Instagram,Sometimes,Slightly,Loss of Confidence,3,No,Not Applicable,Friends Circle,Blocked the user,3.0
17-09-2026 16:02,18–22,Male,WhatsApp,More than 5 hours,No,Yes,Yes,I was angry,Hate Speech,YouTube,Rarely,Slightly,Loss of Confidence,3,Friends,Lack of Awareness,Social Media Community,Blocked the user,3.0
17-09-2026 16:18,23–30,Male,"Instagram, WhatsApp",1–3 hours,No,Yes,No,Not Applicable,Body Shaming,Instagram,Rarely,Not at all,,1 (Very Low),No,Not Applicable,Friends Circle,Blocked the user,1.0
17-09-2026 19:56,18–22,Male,YouTube,1–3 hours,No,No,No,Not Applicable,Fake Rumors,WhatsApp,Rarely,Not at all,Anger,1 (Very Low),No,Not Applicable,Family,Took No Action,1.0
17-09-2026 20:13,23–30,Female,"Instagram, WhatsApp, YouTube",1–3 hours,Yes,No,No,Not Applicable,Offensive Comments,WhatsApp,Often,Severely,"Stress, Depression",3,"Friends, Family",Lack of Awareness,Friends Circle,Told Friends / Family,3.0
17-09-2026 20:14,18–22,Female,WhatsApp,Less than 1 hour,No,Yes,No,Not Applicable,Fake Profile,Instagram,Never,Slightly,Anxiety,2,No,Not Applicable,Other,"Blocked the user, Reported the account, Told Friends / Family",2.0
17-09-2026 21:02,18–22,Female,"Instagram, WhatsApp, YouTube, Others",More than 5 hours,Yes,Yes,No,Not Applicable,Fake Rumors,YouTube,Sometimes,Moderately,Stress,1 (Very Low),Family,Lack of Awareness,Friends Circle,Blocked the user,1.0
17-09-2026 21:48,18–22,Female,Instagram,1–3 hours,No,No,No,Not Applicable,Body Shaming,YouTube,Rarely,Moderately,,1 (Very Low),No,Lack of Awareness,Unknown Stranger,Took No Action,1.0
17-09-2026 22:59,23–30,Female,Instagram,1–3 hours,No,No,No,Not Applicable,Hate Speech,YouTube,Never,Slightly,,1 (Very Low),Friends,Lack of Awareness,Online Gaming,Took No Action,1.0
18-09-2026 00:21,18–22,Male,"Instagram, WhatsApp, YouTube, Others",3–5 hours,No,No,No,Not Applicable,Offensive Comments,Facebook,Never,Not at all,Anger,3,No,Not Applicable,Social Media Community,Took No Action,3.0
18-09-2026 01:52,23–30,Male,"Instagram, WhatsApp, YouTube",Less than 1 hour,Yes,Yes,No,Not Applicable,Offensive Comments,YouTube,Sometimes,Slightly,Anxiety,5 (Very High),No,Lack of Awareness,Unknown Stranger,Blocked the user,5.0
18-09-2026 01:58,23–30,Male,"Instagram, WhatsApp, YouTube",1–3 hours,No,Yes,No,Not Applicable,Threats,YouTube,Rarely,Not at all,Anxiety,2,Friends,Not Applicable,Unknown Stranger,Blocked the user,2.0
18-09-2026 01:58,18–22,Female,WhatsApp,1–3 hours,No,Yes,No,Not Applicable,Fake Profile,Others,Rarely,Slightly,,1 (Very Low),No,Lack of Awareness,Unknown Stranger,"Blocked the user, Reported the account",1.0
18-09-2026 02:39,23–30,Female,WhatsApp,1–3 hours,No,No,Yes,Other,Fake Rumors,Facebook,Sometimes,Slightly,Loss of Confidence,1 (Very Low),Friends,Didn't think it was serious,Friends Circle,Took No Action,1.0
18-09-2026 04:00,23–30,Male,Facebook,More than 5 hours,No,Yes,No,Not Applicable,Stalking,YouTube,Rarely,Slightly,,1 (Very Low),Family,Didn't think it was serious,Family,Told Friends / Family,1.0
18-09-2026 04:51,18–22,Male,"Instagram, WhatsApp",More than 5 hours,Yes,Yes,No,Not Applicable,Fake Rumors,Instagram,Rarely,Moderately,"Stress, Depression, Loss of Confidence",3,"Friends, Family",No reason,Other,"Blocked the user, Reported the account",3.0
18-09-2026 05:33,18–22,Non-binary,WhatsApp,1–3 hours,No,Yes,No,Not Applicable,Hate Speech,WhatsApp,Never,Not at all,,2,No,Not Applicable,Online Gaming,"Blocked the user, Reported the account",2.0
18-09-2026 05:58,18–22,Male,"Instagram, WhatsApp, YouTube",Less than 1 hour,No,Yes,No,Not Applicable,Fake Rumors,Instagram,Never,Slightly,Anger,1 (Very Low),Friends,Not Applicable,Unknown Stranger,"Blocked the user, Reported the account",1.0
18-09-2026 06:54,18–22,Male,"Instagram, WhatsApp, YouTube",Less than 1 hour,No,Yes,No,Not Applicable,Stalking,Instagram,Rarely,Not at all,,1 (Very Low),No,Not Applicable,Social Media Community,Blocked the user,1.0
18-09-2026 08:31,23–30,Female,YouTube,1–3 hours,Yes,No,No,Not Applicable,Fake Rumors,Instagram,Rarely,Slightly,Anxiety,2,Friends,Didn't know how to report,Family,"Ignored it, Blocked the user",2.0
18-09-2026 08:52,18–22,Female,"Instagram, WhatsApp",1–3 hours,Yes,No,No,Not Applicable,Fake Rumors,WhatsApp,Never,Severely,Anger,1 (Very Low),"Friends, Family, No",Privacy Concerns,Social Media Community,Ignored it,1.0
18-09-2026 09:03,18–22,Female,Facebook,More than 5 hours,Yes,No,No,Not Applicable,"Offensive Comments, Body Shaming, Fake Rumors",YouTube,Often,Not at all,Anger,1 (Very Low),Psychologist,No reason,School / College,Blocked the user,1.0
18-09-2026 10:52,23–30,Female,Facebook,1–3 hours,No,No,No,Not Applicable,Fake Profile,YouTube,Rarely,Not at all,,1 (Very Low),Friends,Didn't think it was serious,Social Media Community,Took No Action,1.0
18-09-2026 11:09,18–22,Male,"Instagram, WhatsApp, YouTube",More than 5 hours,No,Yes,No,Not Applicable,Stalking,WhatsApp,Rarely,Moderately,,1 (Very Low),Friends,Lack of Awareness,Unknown Stranger,Blocked the user,1.0
18-09-2026 11:14,18–22,Non-binary,YouTube,3–5 hours,No,Yes,No,Not Applicable,Body Shaming,Others,Rarely,Not at all,,2,Friends,Not Applicable,Social Media Community,"Blocked the user, Reported the account",2.0
18-09-2026 11:37,23–30,Female,Instagram,1–3 hours,No,No,Yes,Self-defense,Offensive Comments,WhatsApp,Never,Moderately,Anger,1 (Very Low),Friends,Not Applicable,Online Gaming,Took No Action,1.0
18-09-2026 12:19,18–22,Female,Instagram,1–3 hours,No,Yes,No,Not Applicable,Hate Speech,Instagram,Never,Slightly,,1 (Very Low),No,Not Applicable,Unknown Stranger,Blocked the user,1.0
18-09-2026 13:43,31–40,Male,WhatsApp,Less than 1 hour,Yes,Yes,No,Not Applicable,"Offensive Comments, Body Shaming, Fake Rumors",Instagram,Sometimes,Moderately,"Stress, Depression, Anger",1 (Very Low),"Friends, Family",Privacy Concerns,Unknown Stranger,"Blocked the user, Reported the account, Told Friends / Family",1.0
18-09-2026 14:01,23–30,Male,"Instagram, WhatsApp, YouTube",Less than 1 hour,Yes,Yes,Yes,Self-defense,"Fake Rumors, Fake Profile",Instagram,Sometimes,Not at all,"Stress, Depression, Loss of Confidence",5 (Very High),"Friends, No",Didn't think it was serious,Social Media Community,Blocked the user,5.0
18-09-2026 15:20,23–30,Female,Others,1–3 hours,No,Yes,No,Not Applicable,Hate Speech,WhatsApp,Rarely,Not at all,,1 (Very Low),Friends,Lack of Awareness,Online Gaming,"Blocked the user, Reported the account",1.0
18-09-2026 16:43,23–30,Male,"Instagram, WhatsApp, YouTube",Less than 1 hour,Yes,Yes,No,Not Applicable,Hate Speech,Instagram,Often,Moderately,,4,No,Lack of Awareness,School / College,Blocked the user,4.0
18-09-2026 16:44,23–30,Male,YouTube,3–5 hours,No,No,No,Not Applicable,Offensive Comments,Instagram,Never,Moderately,,1 (Very Low),Friends,Not Applicable,School / College,Took No Action,1.0
18-09-2026 17:22,18–22,Female,WhatsApp,3–5 hours,No,Yes,No,Not Applicable,Stalking,WhatsApp,Rarely,Moderately,Loss of Confidence,1 (Very Low),Friends,Not Applicable,Online Gaming,"Blocked the user, Reported the account",1.0
18-09-2026 17:35,18–22,Male,"Instagram, WhatsApp",1–3 hours,Yes,No,No,Not Applicable,Fake Rumors,Instagram,Sometimes,Severely,,5 (Very High),Friends,No reason,Social Media Community,Told Friends / Family,5.0
18-09-2026 18:46,18–22,Female,"Instagram, WhatsApp",1–3 hours,Yes,No,Yes,Self-defense,"Body Shaming, Hate Speech, Fake Rumors, Fake Profile",Instagram,Rarely,Severely,,3,Family,Didn't think it was serious,Family,"Blocked the user, Reported the account",3.0
18-09-2026 19:03,23–30,Male,Facebook,1–3 hours,Yes,No,No,Not Applicable,Fake Profile,Instagram,Rarely,Severely,Stress,4,Family,Lack of Awareness,Social Media Community,Blocked the user,4.0
19-09-2026 08:53,18–22,Female,"Instagram, WhatsApp, YouTube, Others",1–3 hours,No,No,No,Not Applicable,Hate Speech,Instagram,Never,Not at all,,1 (Very Low),No,Didn't think it was serious,Family,Ignored it,1.0
19-09-2026 10:01,31–40,Female,"Instagram, WhatsApp",Less than 1 hour,No,No,No,Not Applicable,Offensive Comments,Others,Rarely,Slightly,,1 (Very Low),No,Didn't think it was serious,School / College,Took No Action,1.0
19-09-2026 10:09,18–22,Male,"WhatsApp, YouTube",1–3 hours,Yes,Yes,No,Not Applicable,Fake Profile,Instagram,Rarely,Slightly,Anger,4,Family,Didn't know how to report,Social Media Community,"Blocked the user, Reported the account",4.0
19-09-2026 11:45,18–22,Male,"Instagram, WhatsApp",1–3 hours,No,Yes,No,Not Applicable,Offensive Comments,Instagram,Never,Not at all,Anxiety,1 (Very Low),No,Lack of Awareness,Online Gaming,Blocked the user,1.0
19-09-2026 11:56,18–22,Male,"Instagram, WhatsApp, YouTube",3–5 hours,No,Yes,Yes,Self-defense,Offensive Comments,WhatsApp,Never,Moderately,,1 (Very Low),Family,Didn't think it was serious,Online Gaming,Ignored it,1.0
19-09-2026 11:58,18–22,Female,"Instagram, WhatsApp, YouTube",3–5 hours,No,Yes,No,Not Applicable,Fake Rumors,WhatsApp,Rarely,Not at all,,2,No,Lack of Awareness,School / College,"Ignored it, Blocked the user",2.0
19-09-2026 12:13,18–22,Male,Facebook,3–5 hours,No,No,No,Not Applicable,Threats,Instagram,Rarely,Not at all,Anger,1 (Very Low),No,Didn't think it was serious,Online Gaming,Took No Action,1.0
19-09-2026 12:31,18–22,Male,Instagram,3–5 hours,No,Yes,No,Not Applicable,Body Shaming,Others,Never,Moderately,,2,No,Lack of Awareness,Unknown Stranger,"Blocked the user, Reported the account, Told Friends / Family",2.0
19-09-2026 12:46,18–22,Male,Instagram,1–3 hours,No,No,No,Not Applicable,Hate Speech,WhatsApp,Rarely,Slightly,,3,Friends,Didn't think it was serious,Unknown Stranger,"Blocked the user, Reported the account",3.0
19-09-2026 12:47,31–40,Male,YouTube,3–5 hours,No,No,No,Not Applicable,Threats,Instagram,Rarely,Not at all,Anxiety,2,Friends,Lack of Awareness,Friends Circle,"Reported the account, Told Friends / Family",2.0
19-09-2026 13:09,23–30,Male,"Instagram, WhatsApp",3–5 hours,No,No,Yes,To respond to the person,Offensive Comments,Instagram,Never,Slightly,Loss of Confidence,1 (Very Low),No,Didn't think it was serious,Friends Circle,Took No Action,1.0
19-09-2026 13:59,18–22,Male,"Instagram, WhatsApp, YouTube",1–3 hours,No,No,No,Not Applicable,Offensive Comments,Instagram,Never,Slightly,Anger,1 (Very Low),No,Didn't think it was serious,School / College,Blocked the user,1.0
19-09-2026 14:05,31–40,Male,Instagram,More than 5 hours,Yes,No,Yes,Self-defense,Offensive Comments,WhatsApp,Never,Not at all,,3,"Friends, Family",No reason,Social Media Community,"Blocked the user, Reported the account",3.0
19-09-2026 16:12,23–30,Female,WhatsApp,Less than 1 hour,Yes,Yes,No,Not Applicable,Fake Profile,Instagram,Rarely,Severely,,4,No,Lack of Awareness,Online Gaming,Blocked the user,4.0
19-09-2026 16:23,18–22,Male,YouTube,1–3 hours,Yes,Yes,No,Not Applicable,"Fake Rumors, Fake Profile",Instagram,Never,Moderately,"Stress, Depression, Anger",5 (Very High),No,Lack of Awareness,School / College,"Ignored it, Blocked the user",5.0
19-09-2026 16:41,23–30,Male,Instagram,1–3 hours,No,Yes,No,Not Applicable,Fake Profile,WhatsApp,Rarely,Slightly,,2,No,Didn't think it was serious,Other,Took No Action,2.0
19-09-2026 16:57,18–22,Male,WhatsApp,More than 5 hours,No,No,No,Not Applicable,Fake Profile,WhatsApp,Rarely,Not at all,,2,Friends,Lack of Awareness,Unknown Stranger,Blocked the user,2.0
19-09-2026 17:03,23–30,Male,"WhatsApp, YouTube",3–5 hours,No,Yes,No,Not Applicable,Stalking,Instagram,Rarely,Slightly,,1 (Very Low),Family,Didn't think it was serious,Friends Circle,Blocked the user,1.0
19-09-2026 17:46,18–22,Male,YouTube,More than 5 hours,No,Yes,No,Not Applicable,Body Shaming,Instagram,Sometimes,Moderately,Anxiety,1 (Very Low),Friends,Lack of Awareness,Social Media Community,"Ignored it, Blocked the user",1.0
19-09-2026 17:59,23–30,Male,"Instagram, WhatsApp, YouTube, Others",1–3 hours,Yes,No,Yes,For fun,Offensive Comments,Instagram,Never,Not at all,Anxiety,3,Psychologist,Didn't know how to report,Friends Circle,"Reported the account, Told Friends / Family",3.0
19-09-2026 18:00,23–30,Male,"Instagram, WhatsApp, YouTube, Others",3–5 hours,No,No,No,Not Applicable,Fake Profile,Instagram,Sometimes,Slightly,Anger,1 (Very Low),Family,Lack of Awareness,School / College,Blocked the user,1.0
19-09-2026 18:04,18–22,Male,Others,3–5 hours,No,Yes,Yes,I was angry,Offensive Comments,WhatsApp,Rarely,Not at all,Anxiety,2,No,Didn't think it was serious,Online Gaming,Took No Action,2.0
19-09-2026 18:49,18–22,Male,"Instagram, WhatsApp, YouTube",3–5 hours,No,No,No,Not Applicable,Threats,Instagram,Rarely,Slightly,,1 (Very Low),No,Didn't think it was serious,Unknown Stranger,"Blocked the user, Reported the account",1.0
19-09-2026 18:56,18–22,Male,Instagram,More than 5 hours,Yes,No,No,Not Applicable,"Fake Rumors, Fake Profile",WhatsApp,Rarely,Moderately,Anxiety,1 (Very Low),Friends,No reason,Family,Blocked the user,1.0
19-09-2026 19:51,18–22,Male,Instagram,1–3 hours,Yes,Yes,No,Not Applicable,Fake Profile,YouTube,Never,Moderately,"Stress, Depression",4,Friends,Didn't think it was serious,Other,"Reported the account, Told Friends / Family",4.0
19-09-2026 20:09,18–22,Male,"Instagram, WhatsApp, YouTube, Others",3–5 hours,No,Yes,Yes,Self-defense,Stalking,Instagram,Rarely,Not at all,,2,Friends,Didn't think it was serious,Social Media Community,Took No Action,2.0
19-09-2026 20:34,18–22,Male,Others,3–5 hours,Yes,No,No,Not Applicable,Fake Profile,YouTube,Rarely,Moderately,"Stress, Depression",3,No,Lack of Awareness,Friends Circle,"Ignored it, Blocked the user",3.0
19-09-2026 20:39,18–22,Male,"Instagram, WhatsApp, YouTube",1–3 hours,Yes,Yes,No,Not Applicable,Fake Profile,Others,Often,Moderately,,1 (Very Low),No,Fear,Online Gaming,"Blocked the user, Reported the account",1.0
19-09-2026 21:44,18–22,Female,"Instagram, WhatsApp, YouTube",3–5 hours,Yes,Yes,No,Not Applicable,Offensive Comments,WhatsApp,Sometimes,Moderately,Stress,5 (Very High),"Friends, Family",Didn't know how to report,Online Gaming,"Reported the account, Told Friends / Family",5.0
19-09-2026 21:50,18–22,Female,"Instagram, WhatsApp, YouTube",1–3 hours,No,Yes,No,Not Applicable,Body Shaming,Instagram,Never,Moderately,,1 (Very Low),No,Lack of Awareness,Unknown Stranger,Blocked the user,1.0
19-09-2026 22:49,23–30,Male,"Instagram, WhatsApp, YouTube, Others",3–5 hours,Yes,No,No,Not Applicable,Stalking,WhatsApp,Rarely,Slightly,"Stress, Depression, Anger",3,Psychologist,Privacy Concerns,Social Media Community,Blocked the user,3.0
19-09-2026 23:55,23–30,Female,"Instagram, WhatsApp, YouTube",More than 5 hours,No,No,No,Not Applicable,Fake Profile,Instagram,Never,Not at all,,3,No,Didn't think it was serious,Online Gaming,Told Friends / Family,3.0
19-09-2026 23:59,23–30,Female,"Instagram, WhatsApp",3–5 hours,No,Yes,Yes,For fun,Fake Profile,Others,Never,Not at all,Anger,2,No,Lack of Awareness,Online Gaming,Ignored it,2.0
20-09-2026 00:47,18–22,Male,"WhatsApp, YouTube",3–5 hours,No,No,No,Not Applicable,Stalking,YouTube,Rarely,Not at all,Loss of Confidence,1 (Very Low),No,Lack of Awareness,Social Media Community,Ignored it,1.0
20-09-2026 00:58,18–22,Male,WhatsApp,More than 5 hours,Yes,No,No,Not Applicable,Offensive Comments,YouTube,Sometimes,Not at all,Anger,3,Family,Didn't think it was serious,School / College,Blocked the user,3.0
20-09-2026 01:21,31–40,Female,"Instagram, WhatsApp",Less than 1 hour,No,No,No,Not Applicable,Body Shaming,Facebook,Rarely,Slightly,,2,Family,Lack of Awareness,Social Media Community,Blocked the user,2.0
20-09-2026 02:03,23–30,Male,"Instagram, WhatsApp",1–3 hours,No,Yes,No,Not Applicable,Hate Speech,Others,Rarely,Not at all,,3,Friends,Didn't think it was serious,Social Media Community,Ignored it,3.0
20-09-2026 04:31,18–22,Male,"Instagram, WhatsApp",3–5 hours,Yes,No,Yes,Self-defense,Offensive Comments,YouTube,Rarely,Not at all,"Stress, Depression, Anger",1 (Very Low),Friends,Privacy Concerns,Friends Circle,Blocked the user,1.0
20-09-2026 05:21,18–22,Male,WhatsApp,More than 5 hours,No,Yes,No,Not Applicable,Body Shaming,Instagram,Never,Slightly,,3,Family,Lack of Awareness,Social Media Community,"Blocked the user, Reported the account",3.0
20-09-2026 05:47,18–22,Female,"Instagram, WhatsApp, YouTube",1–3 hours,Yes,No,Yes,For fun,Fake Profile,Instagram,Very Often,Moderately,Anxiety,3,Psychologist,Didn't think it was serious,Social Media Community,"Ignored it, Blocked the user",3.0
20-09-2026 06:14,23–30,Male,Instagram,1–3 hours,Yes,Yes,No,Not Applicable,"Offensive Comments, Hate Speech, Fake Profile",WhatsApp,Rarely,Moderately,,4,No,No reason,Social Media Community,Blocked the user,4.0
20-09-2026 06:18,23–30,Male,WhatsApp,3–5 hours,Yes,Yes,No,Not Applicable,Fake Rumors,Instagram,Often,Severely,"Stress, Depression, Anger",3,"Friends, Family",Fear,Unknown Stranger,"Blocked the user, Reported the account",3.0
20-09-2026 06:57,18–22,Male,"Instagram, WhatsApp",1–3 hours,Yes,No,No,Not Applicable,Fake Profile,WhatsApp,Sometimes,Moderately,Stress,4,No,Didn't think it was serious,Social Media Community,Blocked the user,4.0
20-09-2026 08:47,23–30,Female,"Instagram, WhatsApp, YouTube, Others",1–3 hours,No,Yes,No,Not Applicable,Threats,WhatsApp,Rarely,Moderately,,1 (Very Low),Family,Lack of Awareness,Friends Circle,Blocked the user,1.0
20-09-2026 09:10,23–30,Male,"Instagram, WhatsApp, YouTube, Others",3–5 hours,No,Yes,No,Not Applicable,Offensive Comments,WhatsApp,Rarely,Not at all,Anger,2,No,Didn't think it was serious,Other,Ignored it,2.0
20-09-2026 09:18,18–22,Prefer not to say,YouTube,3–5 hours,No,No,Yes,To respond to the person,Body Shaming,Instagram,Never,Slightly,Anger,3,Friends,Didn't think it was serious,Online Gaming,Took No Action,3.0
20-09-2026 10:16,18–22,Male,WhatsApp,More than 5 hours,No,No,No,Not Applicable,Body Shaming,Instagram,Never,Moderately,,1 (Very Low),No,Didn't think it was serious,Family,Ignored it,1.0
20-09-2026 11:23,18–22,Female,Others,3–5 hours,Yes,No,No,Not Applicable,Hate Speech,WhatsApp,Sometimes,Severely,Anxiety,2,Psychologist,No reason,Social Media Community,Ignored it,2.0
20-09-2026 11:43,23–30,Male,WhatsApp,1–3 hours,No,Yes,No,Not Applicable,Fake Rumors,Instagram,Never,Slightly,,3,Family,Didn't think it was serious,Social Media Community,Told Friends / Family,3.0
20-09-2026 13:40,18–22,Non-binary,"Instagram, WhatsApp",1–3 hours,No,No,No,Not Applicable,Fake Rumors,WhatsApp,Never,Not at all,,3,Friends,Lack of Awareness,Family,Took No Action,3.0
20-09-2026 14:30,18–22,Male,"Instagram, WhatsApp",More than 5 hours,No,Yes,Yes,Self-defense,Hate Speech,Instagram,Never,Not at all,,1 (Very Low),Friends,Didn't think it was serious,Online Gaming,Ignored it,1.0
20-09-2026 14:45,18–22,Male,Instagram,1–3 hours,Yes,Yes,No,Not Applicable,Hate Speech,Others,Rarely,Slightly,,4,"Friends, Psychologist",Privacy Concerns,Unknown Stranger,Blocked the user,4.0
20-09-2026 15:10,18–22,Female,"Instagram, WhatsApp, YouTube",1–3 hours,No,No,No,Not Applicable,Threats,YouTube,Rarely,Not at all,Loss of Confidence,1 (Very Low),Friends,Lack of Awareness,Social Media Community,Took No Action,1.0
20-09-2026 15:13,23–30,Male,"Instagram, WhatsApp, YouTube",1–3 hours,No,Yes,No,Not Applicable,Fake Rumors,Facebook,Never,Slightly,,1 (Very Low),Family,Lack of Awareness,Other,"Blocked the user, Reported the account",1.0
20-09-2026 15:38,18–22,Female,Instagram,3–5 hours,No,Yes,Yes,I did not realize it was harmful,Fake Profile,WhatsApp,Rarely,Not at all,,1 (Very Low),Friends,Lack of Awareness,Other,Blocked the user,1.0
20-09-2026 16:48,31–40,Male,Instagram,More than 5 hours,No,Yes,Yes,I did not realize it was harmful,Body Shaming,Instagram,Never,Not at all,Anxiety,1 (Very Low),No,Lack of Awareness,Family,Took No Action,1.0
20-09-2026 17:02,31–40,Female,"Instagram, WhatsApp, YouTube, Others",3–5 hours,Yes,Yes,No,Not Applicable,Fake Profile,Instagram,Rarely,Slightly,Loss of Confidence,1 (Very Low),Friends,No reason,Friends Circle,Blocked the user,1.0
20-09-2026 17:08,23–30,Female,WhatsApp,1–3 hours,Yes,No,No,Not Applicable,Stalking,WhatsApp,Rarely,Moderately,"Stress, Depression",3,"Friends, Family",Lack of Awareness,Unknown Stranger,Blocked the user,3.0
20-09-2026 18:14,18–22,Male,WhatsApp,1–3 hours,No,Yes,No,Not Applicable,Hate Speech,Others,Never,Not at all,,1 (Very Low),No,Lack of Awareness,Other,Blocked the user,1.0
20-09-2026 18:22,18–22,Male,"Instagram, WhatsApp, YouTube",3–5 hours,No,No,Yes,Self-defense,Fake Profile,Instagram,Never,Not at all,Loss of Confidence,1 (Very Low),Friends,Lack of Awareness,Social Media Community,"Blocked the user, Reported the account",1.0
20-09-2026 19:05,23–30,Male,"Instagram, WhatsApp",1–3 hours,No,No,No,Not Applicable,Fake Rumors,Instagram,Never,Not at all,Anger,1 (Very Low),No,Lack of Awareness,Social Media Community,Took No Action,1.0
20-09-2026 19:27,23–30,Male,"Instagram, WhatsApp, YouTube",1–3 hours,No,Yes,No,Not Applicable,Fake Rumors,WhatsApp,Rarely,Not at all,,1 (Very Low),No,Didn't think it was serious,Social Media Community,Took No Action,1.0
20-09-2026 19:34,18–22,Female,Instagram,More than 5 hours,No,No,No,Not Applicable,Fake Rumors,WhatsApp,Never,Not at all,,1 (Very Low),No,Didn't think it was serious,Unknown Stranger,Blocked the user,1.0
20-09-2026 19:48,18–22,Male,Facebook,3–5 hours,No,Yes,No,Not Applicable,Threats,WhatsApp,Never,Not at all,Anxiety,1 (Very Low),Friends,Didn't think it was serious,Social Media Community,"Ignored it, Blocked the user",1.0
20-09-2026 19:54,31–40,Male,"Instagram, WhatsApp, YouTube, Others",More than 5 hours,No,Yes,No,Not Applicable,Fake Rumors,YouTube,Never,Slightly,Anger,1 (Very Low),No,Didn't think it was serious,School / College,Took No Action,1.0
20-09-2026 20:13,18–22,Male,Instagram,1–3 hours,No,Yes,No,Not Applicable,Fake Profile,YouTube,Sometimes,Slightly,Loss of Confidence,1 (Very Low),No,Didn't think it was serious,Online Gaming,Took No Action,1.0
20-09-2026 20:29,18–22,Male,WhatsApp,Less than 1 hour,No,Yes,Yes,I was angry,Fake Rumors,Others,Sometimes,Not at all,,1 (Very Low),No,Lack of Awareness,Online Gaming,Ignored it,1.0
20-09-2026 20:36,23–30,Female,"Instagram, WhatsApp, YouTube",More than 5 hours,Yes,Yes,No,Not Applicable,Fake Rumors,Facebook,Rarely,Slightly,Stress,4,"Friends, Family",Lack of Awareness,Social Media Community,Told Friends / Family,4.0
20-09-2026 21:01,18–22,Male,"Instagram, WhatsApp",More than 5 hours,No,No,No,Not Applicable,Body Shaming,Instagram,Sometimes,Not at all,Anger,1 (Very Low),No,Lack of Awareness,Online Gaming,Ignored it,1.0
20-09-2026 21:08,18–22,Female,"WhatsApp, YouTube",3–5 hours,No,Yes,No,Not Applicable,Body Shaming,WhatsApp,Sometimes,Not at all,,1 (Very Low),No,Didn't think it was serious,Unknown Stranger,Blocked the user,1.0
20-09-2026 21:40,18–22,Non-binary,"Instagram, WhatsApp, YouTube, Others",3–5 hours,No,Yes,No,Not Applicable,Threats,WhatsApp,Rarely,Slightly,Anxiety,1 (Very Low),No,Didn't think it was serious,Unknown Stranger,Took No Action,1.0
20-09-2026 21:45,18–22,Male,"Instagram, WhatsApp",1–3 hours,Yes,No,No,Not Applicable,Fake Profile,WhatsApp,Rarely,Severely,Stress,1 (Very Low),No,Didn't think it was serious,Other,Blocked the user,1.0
20-09-2026 23:32,18–22,Female,WhatsApp,3–5 hours,No,Yes,No,Not Applicable,Hate Speech,YouTube,Never,Not at all,Loss of Confidence,1 (Very Low),Friends,Lack of Awareness,Unknown Stranger,Blocked the user,1.0
20-09-2026 23:43,18–22,Male,WhatsApp,More than 5 hours,Yes,Yes,No,Not Applicable,"Offensive Comments, Body Shaming, Fake Rumors",WhatsApp,Sometimes,Severely,"Anger, Loss of Confidence",5 (Very High),No,Fear,School / College,Blocked the user,5.0
21-09-2026 01:01,23–30,Male,Instagram,3–5 hours,No,No,No,Not Applicable,Fake Rumors,WhatsApp,Rarely,Not at all,Anger,3,Friends,Lack of Awareness,Social Media Community,Took No Action,3.0
21-09-2026 01:17,18–22,Male,YouTube,1–3 hours,No,Yes,Yes,Self-defense,Fake Rumors,Instagram,Never,Not at all,Loss of Confidence,2,Family,Lack of Awareness,Friends Circle,Took No Action,2.0
21-09-2026 01:45,23–30,Female,"Instagram, WhatsApp",3–5 hours,No,Yes,No,Not Applicable,Offensive Comments,Instagram,Never,Not at all,,3,No,Lack of Awareness,Friends Circle,"Reported the account, Told Friends / Family",3.0
21-09-2026 02:39,41–50,Female,YouTube,More than 5 hours,No,No,No,Not Applicable,Body Shaming,WhatsApp,Never,Slightly,,3,No,Lack of Awareness,Friends Circle,Blocked the user,3.0
21-09-2026 03:01,23–30,Female,Facebook,Less than 1 hour,Yes,Yes,No,Not Applicable,Fake Profile,WhatsApp,Rarely,Severely,Loss of Confidence,4,No,Lack of Awareness,School / College,Told Friends / Family,4.0
21-09-2026 03:03,18–22,Male,YouTube,1–3 hours,No,Yes,No,Not Applicable,Fake Rumors,Others,Never,Not at all,,2,No,Lack of Awareness,Unknown Stranger,Blocked the user,2.0
21-09-2026 03:14,18–22,Male,"Instagram, WhatsApp, YouTube",1–3 hours,No,Yes,No,Not Applicable,Offensive Comments,Others,Never,Not at all,,1 (Very Low),Friends,Lack of Awareness,Social Media Community,Blocked the user,1.0
21-09-2026 04:17,18–22,Male,"Instagram, WhatsApp, YouTube",1–3 hours,No,No,No,Not Applicable,Hate Speech,YouTube,Never,Not at all,Loss of Confidence,1 (Very Low),Friends,Lack of Awareness,School / College,Took No Action,1.0
21-09-2026 04:21,31–40,Female,"WhatsApp, YouTube",More than 5 hours,No,No,No,Not Applicable,Fake Rumors,Others,Never,Not at all,Anxiety,1 (Very Low),No,Lack of Awareness,Unknown Stranger,"Reported the account, Told Friends / Family",1.0
21-09-2026 06:57,18–22,Male,"WhatsApp, YouTube",1–3 hours,No,No,No,Not Applicable,Threats,YouTube,Sometimes,Not at all,Anger,2,No,Didn't think it was serious,Social Media Community,Ignored it,2.0
21-09-2026 07:10,18–22,Female,Facebook,3–5 hours,No,Yes,No,Not Applicable,Stalking,Others,Rarely,Slightly,,3,Family,Lack of Awareness,Unknown Stranger,Ignored it,3.0
21-09-2026 08:02,18–22,Female,YouTube,1–3 hours,No,No,No,Not Applicable,Threats,Instagram,Never,Not at all,Anxiety,1 (Very Low),Family,Lack of Awareness,Social Media Community,"Blocked the user, Reported the account, Told Friends / Family",1.0
21-09-2026 08:27,23–30,Prefer not to say,YouTube,3–5 hours,Yes,No,No,Not Applicable,Fake Profile,YouTube,Sometimes,Moderately,"Stress, Depression, Anger",5 (Very High),Psychologist,Privacy Concerns,School / College,Told Friends / Family,5.0
21-09-2026 09:31,23–30,Male,"Instagram, WhatsApp, YouTube",1–3 hours,No,Yes,No,Not Applicable,Threats,Instagram,Rarely,Not at all,,1 (Very Low),Family,Lack of Awareness,Other,Took No Action,1.0
21-09-2026 09:59,23–30,Male,"Instagram, WhatsApp",3–5 hours,No,Yes,No,Not Applicable,Body Shaming,WhatsApp,Never,Slightly,Loss of Confidence,2,No,Lack of Awareness,Social Media Community,Ignored it,2.0
21-09-2026 10:05,18–22,Female,Instagram,3–5 hours,Yes,Yes,No,Not Applicable,Offensive Comments,Facebook,Rarely,Slightly,"Stress, Depression, Anger",5 (Very High),Psychologist,Didn't think it was serious,Social Media Community,"Blocked the user, Reported the account",5.0
21-09-2026 10:07,31–40,Female,"Instagram, WhatsApp",1–3 hours,Yes,No,No,Not Applicable,"Body Shaming, Hate Speech, Fake Rumors, Fake Profile",Facebook,Rarely,Not at all,Anger,1 (Very Low),Family,Lack of Awareness,Family,"Blocked the user, Reported the account",1.0
21-09-2026 10:18,18–22,Male,"Instagram, WhatsApp",More than 5 hours,No,Yes,No,Not Applicable,Hate Speech,Instagram,Never,Not at all,,1 (Very Low),Friends,Didn't think it was serious,Online Gaming,Ignored it,1.0
21-09-2026 10:27,31–40,Male,YouTube,1–3 hours,Yes,Yes,No,Not Applicable,Fake Profile,Facebook,Sometimes,Slightly,,5 (Very High),No,Didn't know how to report,Social Media Community,"Ignored it, Blocked the user",5.0
21-09-2026 10:43,18–22,Male,Instagram,1–3 hours,Yes,No,No,Not Applicable,Hate Speech,WhatsApp,Rarely,Slightly,"Stress, Depression, Anger",4,Family,Privacy Concerns,Other,Told Friends / Family,4.0
21-09-2026 10:55,23–30,Female,WhatsApp,Less than 1 hour,No,Yes,No,Not Applicable,Fake Profile,WhatsApp,Never,Not at all,,2,Friends,Lack of Awareness,Social Media Community,Blocked the user,2.0
21-09-2026 12:25,18–22,Female,Instagram,More than 5 hours,No,Yes,No,Not Applicable,Fake Rumors,WhatsApp,Rarely,Not at all,,2,No,Lack of Awareness,School / College,Took No Action,2.0
21-09-2026 12:29,18–22,Male,"Instagram, WhatsApp, YouTube",Less than 1 hour,No,No,Yes,Self-defense,Fake Rumors,YouTube,Never,Not at all,Loss of Confidence,1 (Very Low),Family,Didn't think it was serious,Unknown Stranger,Ignored it,1.0
21-09-2026 13:45,41–50,Female,"Instagram, WhatsApp, YouTube",3–5 hours,Yes,No,No,Not Applicable,"Fake Rumors, Fake Profile",Others,Rarely,Slightly,Loss of Confidence,1 (Very Low),No,Didn't know how to report,Friends Circle,"Blocked the user, Reported the account",1.0
21-09-2026 13:54,23–30,Female,"WhatsApp, YouTube",1–3 hours,No,Yes,Yes,I did not realize it was harmful,Body Shaming,Instagram,Never,Slightly,,1 (Very Low),Friends,Lack of Awareness,Social Media Community,Took No Action,1.0
21-09-2026 15:38,23–30,Female,Instagram,1–3 hours,Yes,Yes,No,Not Applicable,Hate Speech,WhatsApp,Rarely,Severely,"Stress, Depression",3,Friends,Didn't think it was serious,School / College,Told Friends / Family,3.0
21-09-2026 15:49,23–30,Female,WhatsApp,More than 5 hours,No,Yes,Yes,Peer pressure,Threats,Instagram,Rarely,Not at all,,3,Friends,Didn't think it was serious,Social Media Community,"Ignored it, Blocked the user",3.0
21-09-2026 18:55,31–40,Female,"Instagram, WhatsApp, YouTube",1–3 hours,Yes,No,No,Not Applicable,"Fake Rumors, Fake Profile",WhatsApp,Sometimes,Slightly,"Stress, Depression, Anger",1 (Very Low),Family,Fear,Social Media Community,"Ignored it, Blocked the user",1.0
21-09-2026 18:56,23–30,Male,"Instagram, WhatsApp, YouTube",More than 5 hours,No,Yes,No,Not Applicable,Hate Speech,Instagram,Rarely,Not at all,Loss of Confidence,1 (Very Low),Friends,Didn't think it was serious,Friends Circle,"Blocked the user, Reported the account",1.0
21-09-2026 18:58,18–22,Male,YouTube,1–3 hours,No,Yes,Yes,I was angry,Offensive Comments,YouTube,Never,Slightly,Loss of Confidence,3,No,Lack of Awareness,Friends Circle,Ignored it,3.0
21-09-2026 19:04,18–22,Female,"Instagram, WhatsApp",1–3 hours,No,Yes,No,Not Applicable,Hate Speech,WhatsApp,Sometimes,Not at all,Anger,2,Family,Lack of Awareness,Social Media Community,Blocked the user,2.0
21-09-2026 19:57,23–30,Female,Instagram,3–5 hours,No,Yes,Yes,To respond to the person,Offensive Comments,Instagram,Rarely,Not at all,Loss of Confidence,1 (Very Low),No,Lack of Awareness,Unknown Stranger,Took No Action,1.0
21-09-2026 20:00,18–22,Male,Others,1–3 hours,No,No,No,Not Applicable,Hate Speech,Others,Never,Not at all,,2,No,Lack of Awareness,Online Gaming,Took No Action,2.0
21-09-2026 20:43,18–22,Male,Instagram,1–3 hours,Yes,Yes,No,Not Applicable,Body Shaming,WhatsApp,Very Often,Severely,,1 (Very Low),Family,Didn't think it was serious,Social Media Community,"Reported the account, Sought Professional Help",1.0
21-09-2026 21:00,18–22,Male,"Instagram, WhatsApp, YouTube",3–5 hours,Yes,No,Yes,Other,Stalking,YouTube,Rarely,Severely,Stress,4,"Friends, Family",Didn't think it was serious,Social Media Community,"Reported the account, Told Friends / Family",4.0
21-09-2026 21:21,18–22,Male,"Instagram, WhatsApp, YouTube",More than 5 hours,No,No,Yes,I was angry,Hate Speech,YouTube,Sometimes,Not at all,,1 (Very Low),No,Didn't think it was serious,School / College,Took No Action,1.0
21-09-2026 21:45,18–22,Male,"Instagram, WhatsApp",3–5 hours,No,No,No,Not Applicable,Fake Profile,YouTube,Never,Moderately,,2,No,Lack of Awareness,School / College,Took No Action,2.0
21-09-2026 22:18,18–22,Male,WhatsApp,3–5 hours,No,Yes,No,Not Applicable,Fake Rumors,Instagram,Never,Not at all,Anxiety,1 (Very Low),No,Lack of Awareness,Social Media Community,Took No Action,1.0
21-09-2026 22:18,23–30,Female,"Instagram, WhatsApp",3–5 hours,Yes,Yes,Yes,Self-defense,Body Shaming,Facebook,Sometimes,Severely,"Stress, Depression, Anger",2,No,Didn't think it was serious,Social Media Community,Blocked the user,2.0
21-09-2026 22:33,18–22,Female,"Instagram, WhatsApp, YouTube",Less than 1 hour,No,No,No,Not Applicable,Fake Rumors,WhatsApp,Rarely,Not at all,,1 (Very Low),Friends,Lack of Awareness,Social Media Community,Took No Action,1.0
21-09-2026 22:46,23–30,Prefer not to say,"Instagram, WhatsApp, YouTube",More than 5 hours,No,Yes,No,Not Applicable,Fake Rumors,YouTube,Rarely,Slightly,Anxiety,1 (Very Low),Friends,Lack of Awareness,Family,Ignored it,1.0
22-09-2026 00:01,23–30,Male,WhatsApp,1–3 hours,No,Yes,No,Not Applicable,Offensive Comments,Facebook,Never,Moderately,,1 (Very Low),Family,Lack of Awareness,Social Media Community,Took No Action,1.0
22-09-2026 01:14,18–22,Female,"WhatsApp, YouTube",1–3 hours,Yes,Yes,No,Not Applicable,Fake Rumors,YouTube,Very Often,Not at all,"Stress, Depression, Loss of Confidence",4,Psychologist,Didn't think it was serious,School / College,"Blocked the user, Reported the account, Told Friends / Family",4.0
22-09-2026 01:36,23–30,Male,"Instagram, WhatsApp",Less than 1 hour,No,Yes,No,Not Applicable,Hate Speech,YouTube,Never,Not at all,Anger,3,No,Lack of Awareness,Unknown Stranger,Ignored it,3.0
22-09-2026 03:02,41–50,Male,Instagram,3–5 hours,No,Yes,Yes,Self-defense,Threats,WhatsApp,Sometimes,Not at all,,1 (Very Low),Friends,Didn't think it was serious,School / College,Took No Action,1.0
22-09-2026 03:26,23–30,Male,WhatsApp,1–3 hours,No,Yes,No,Not Applicable,Fake Profile,Instagram,Sometimes,Slightly,,1 (Very Low),No,Didn't think it was serious,Friends Circle,Ignored it,1.0
22-09-2026 03:28,23–30,Male,WhatsApp,1–3 hours,No,Yes,No,Not Applicable,Threats,YouTube,Rarely,Not at all,,1 (Very Low),No,Lack of Awareness,School / College,Blocked the user,1.0
22-09-2026 03:35,18–22,Male,WhatsApp,3–5 hours,Yes,Yes,No,Not Applicable,"Offensive Comments, Hate Speech, Fake Profile",WhatsApp,Never,Severely,,2,No,Privacy Concerns,Friends Circle,"Ignored it, Blocked the user",2.0
22-09-2026 04:54,23–30,Male,YouTube,3–5 hours,No,No,No,Not Applicable,Offensive Comments,Facebook,Never,Slightly,,2,No,Didn't think it was serious,Family,Blocked the user,2.0
22-09-2026 05:06,18–22,Female,Others,1–3 hours,Yes,Yes,No,Not Applicable,"Hate Speech, Threats, Fake Rumors, Fake Profile",Facebook,Never,Moderately,"Stress, Depression, Anger",3,Psychologist,Fear,Family,"Reported the account, Told Friends / Family",3.0
22-09-2026 06:38,18–22,Male,"Instagram, WhatsApp, YouTube",3–5 hours,Yes,Yes,Yes,I was angry,Stalking,Instagram,Often,Severely,Loss of Confidence,2,No,Lack of Awareness,Social Media Community,Blocked the user,2.0
22-09-2026 07:26,18–22,Male,Facebook,3–5 hours,No,Yes,No,Not Applicable,Offensive Comments,Instagram,Never,Not at all,,1 (Very Low),No,Lack of Awareness,Unknown Stranger,Ignored it,1.0
22-09-2026 07:53,18–22,Male,"Instagram, WhatsApp",More than 5 hours,No,Yes,No,Not Applicable,Fake Rumors,Instagram,Never,Not at all,Loss of Confidence,1 (Very Low),No,Lack of Awareness,Online Gaming,Blocked the user,1.0
22-09-2026 08:53,23–30,Female,Instagram,Less than 1 hour,No,Yes,No,Not Applicable,Body Shaming,WhatsApp,Never,Slightly,,1 (Very Low),No,Lack of Awareness,Social Media Community,"Ignored it, Blocked the user",1.0
22-09-2026 09:27,18–22,Male,Others,3–5 hours,No,No,No,Not Applicable,Body Shaming,Instagram,Rarely,Not at all,,1 (Very Low),No,Didn't think it was serious,Social Media Community,Ignored it,1.0
22-09-2026 09:31,23–30,Male,Others,1–3 hours,Yes,No,No,Not Applicable,Hate Speech,Instagram,Sometimes,Moderately,Anger,5 (Very High),Friends,Privacy Concerns,School / College,Blocked the user,5.0
22-09-2026 09:56,18–22,Female,"Instagram, WhatsApp, YouTube",3–5 hours,No,No,No,Not Applicable,Threats,Instagram,Never,Slightly,,1 (Very Low),No,Lack of Awareness,Social Media Community,Took No Action,1.0
22-09-2026 09:57,23–30,Male,WhatsApp,More than 5 hours,No,Yes,Yes,I was angry,Body Shaming,WhatsApp,Never,Not at all,,1 (Very Low),Family,Lack of Awareness,Online Gaming,"Blocked the user, Reported the account",1.0
22-09-2026 10:09,18–22,Female,WhatsApp,3–5 hours,No,No,No,Not Applicable,Fake Profile,Instagram,Rarely,Not at all,,1 (Very Low),No,Didn't think it was serious,Unknown Stranger,"Blocked the user, Reported the account",1.0
22-09-2026 10:21,18–22,Female,"WhatsApp, YouTube",1–3 hours,Yes,Yes,No,Not Applicable,"Offensive Comments, Body Shaming, Fake Rumors",Instagram,Often,Slightly,Stress,1 (Very Low),"Friends, Family",Lack of Awareness,School / College,Ignored it,1.0
22-09-2026 10:30,18–22,Female,WhatsApp,More than 5 hours,Yes,Yes,Yes,Self-defense,Offensive Comments,Others,Never,Moderately,Loss of Confidence,1 (Very Low),No,Fear,Unknown Stranger,"Ignored it, Blocked the user",1.0
22-09-2026 11:07,18–22,Male,"WhatsApp, YouTube",More than 5 hours,No,Yes,No,Not Applicable,Stalking,Instagram,Never,Not at all,,2,No,Lack of Awareness,Unknown Stranger,"Blocked the user, Reported the account",2.0
22-09-2026 11:23,18–22,Female,Instagram,3–5 hours,No,Yes,Yes,Self-defense,Fake Profile,WhatsApp,Rarely,Slightly,,2,No,Didn't think it was serious,Social Media Community,Took No Action,2.0
22-09-2026 11:30,23–30,Male,"Instagram, WhatsApp",3–5 hours,No,Yes,No,Not Applicable,Stalking,Instagram,Rarely,Slightly,,1 (Very Low),Friends,Didn't think it was serious,Social Media Community,"Ignored it, Blocked the user",1.0
22-09-2026 11:33,18–22,Female,"Instagram, WhatsApp, YouTube",More than 5 hours,Yes,No,No,Not Applicable,Stalking,Others,Rarely,Not at all,,5 (Very High),Family,Lack of Awareness,Unknown Stranger,"Reported the account, Told Friends / Family",5.0
22-09-2026 12:20,18–22,Female,Instagram,1–3 hours,Yes,Yes,No,Not Applicable,Fake Profile,WhatsApp,Sometimes,Slightly,Loss of Confidence,3,Psychologist,Lack of Awareness,Online Gaming,"Blocked the user, Reported the account",3.0
22-09-2026 13:13,18–22,Male,"WhatsApp, YouTube",1–3 hours,No,Yes,No,Not Applicable,Hate Speech,Instagram,Never,Not at all,Anxiety,1 (Very Low),Friends,Lack of Awareness,Online Gaming,"Blocked the user, Reported the account, Told Friends / Family",1.0
22-09-2026 13:48,31–40,Male,Instagram,1–3 hours,Yes,Yes,No,Not Applicable,Stalking,Instagram,Sometimes,Moderately,Anxiety,3,Family,Didn't think it was serious,Social Media Community,Blocked the user,3.0
22-09-2026 14:51,18–22,Male,Instagram,3–5 hours,No,Yes,No,Not Applicable,Body Shaming,WhatsApp,Never,Not at all,Loss of Confidence,1 (Very Low),No,Lack of Awareness,Unknown Stranger,Ignored it,1.0
22-09-2026 14:52,18–22,Male,Facebook,3–5 hours,Yes,Yes,No,Not Applicable,Hate Speech,Instagram,Rarely,Slightly,Anxiety,4,Psychologist,Didn't know how to report,Social Media Community,"Ignored it, Blocked the user",4.0
22-09-2026 15:26,18–22,Male,YouTube,1–3 hours,Yes,No,No,Not Applicable,Fake Rumors,Others,Often,Moderately,,4,Friends,Lack of Awareness,Unknown Stranger,"Reported the account, Told Friends / Family",4.0
22-09-2026 16:19,18–22,Male,WhatsApp,1–3 hours,Yes,No,No,Not Applicable,"Fake Rumors, Fake Profile",Instagram,Sometimes,Not at all,"Stress, Depression, Anger",4,No,Didn't know how to report,Social Media Community,Told Friends / Family,4.0
22-09-2026 16:47,18–22,Female,"Instagram, WhatsApp",More than 5 hours,No,No,No,Not Applicable,Hate Speech,WhatsApp,Rarely,Slightly,Loss of Confidence,1 (Very Low),No,Lack of Awareness,Social Media Community,"Blocked the user, Reported the account",1.0
22-09-2026 17:04,18–22,Female,"Instagram, WhatsApp, YouTube, Others",1–3 hours,Yes,No,No,Not Applicable,Hate Speech,Instagram,Never,Moderately,Loss of Confidence,3,Psychologist,Lack of Awareness,Family,Told Friends / Family,3.0
22-09-2026 17:22,31–40,Female,Others,1–3 hours,No,Yes,No,Not Applicable,Hate Speech,YouTube,Never,Not at all,Anger,1 (Very Low),Friends,Didn't think it was serious,Family,Ignored it,1.0
22-09-2026 17:22,31–40,Male,WhatsApp,More than 5 hours,No,Yes,No,Not Applicable,Fake Profile,YouTube,Never,Not at all,Anger,1 (Very Low),Friends,Didn't think it was serious,Social Media Community,Blocked the user,1.0
22-09-2026 17:27,18–22,Female,Facebook,1–3 hours,Yes,Yes,No,Not Applicable,"Body Shaming, Hate Speech, Fake Rumors, Fake Profile",Instagram,Rarely,Not at all,"Stress, Depression",4,"Friends, Family",Fear,Online Gaming,Took No Action,4.0
22-09-2026 18:03,31–40,Female,"Instagram, WhatsApp, YouTube",3–5 hours,No,Yes,Yes,Self-defense,Stalking,Instagram,Rarely,Not at all,Loss of Confidence,1 (Very Low),Friends,Lack of Awareness,Unknown Stranger,Blocked the user,1.0
22-09-2026 18:04,18–22,Female,Others,More than 5 hours,No,Yes,No,Not Applicable,Hate Speech,Instagram,Never,Not at all,Loss of Confidence,3,Family,Lack of Awareness,Other,"Blocked the user, Reported the account",3.0
22-09-2026 18:12,41–50,Female,Instagram,1–3 hours,Yes,Yes,No,Not Applicable,"Hate Speech, Threats, Fake Rumors, Fake Profile",Others,Very Often,Slightly,"Stress, Depression, Anger",3,Friends,Privacy Concerns,Other,Blocked the user,3.0
22-09-2026 18:16,18–22,Male,"Instagram, WhatsApp",3–5 hours,No,No,Yes,Self-defense,Threats,Instagram,Rarely,Not at all,Anger,1 (Very Low),Friends,Didn't think it was serious,Social Media Community,Blocked the user,1.0
22-09-2026 18:27,18–22,Female,"WhatsApp, YouTube",1–3 hours,No,Yes,No,Not Applicable,Fake Rumors,YouTube,Never,Slightly,,1 (Very Low),No,Didn't think it was serious,Social Media Community,Ignored it,1.0
22-09-2026 18:49,18–22,Female,YouTube,1–3 hours,No,Yes,No,Not Applicable,Offensive Comments,WhatsApp,Rarely,Not at all,,2,Friends,Lack of Awareness,School / College,Ignored it,2.0
22-09-2026 20:41,23–30,Female,"WhatsApp, YouTube",3–5 hours,Yes,Yes,No,Not Applicable,Fake Rumors,WhatsApp,Often,Moderately,"Stress, Depression, Loss of Confidence",1 (Very Low),"Friends, Family",Privacy Concerns,Family,"Reported the account, Told Friends / Family",1.0
22-09-2026 21:02,23–30,Female,Instagram,3–5 hours,No,Yes,Yes,Self-defense,Body Shaming,Instagram,Rarely,Not at all,,3,Family,Didn't think it was serious,Online Gaming,"Blocked the user, Reported the account",3.0
22-09-2026 21:04,18–22,Male,"Instagram, WhatsApp, YouTube, Others",3–5 hours,No,No,No,Not Applicable,Fake Rumors,Instagram,Rarely,Slightly,Anxiety,2,No,Lack of Awareness,Family,Blocked the user,2.0
22-09-2026 21:15,18–22,Female,Others,1–3 hours,Yes,Yes,No,Not Applicable,"Offensive Comments, Hate Speech, Fake Profile",WhatsApp,Rarely,Slightly,Anxiety,5 (Very High),"Friends, Psychologist",Fear,Unknown Stranger,Took No Action,5.0
22-09-2026 22:20,18–22,Male,Facebook,3–5 hours,Yes,No,No,Not Applicable,Body Shaming,Instagram,Rarely,Moderately,"Stress, Depression, Loss of Confidence",2,"Friends, No",Lack of Awareness,Family,"Reported the account, Told Friends / Family",2.0
22-09-2026 22:21,18–22,Male,Facebook,1–3 hours,Yes,No,No,Not Applicable,Fake Profile,Instagram,Often,Moderately,,4,Psychologist,Lack of Awareness,Social Media Community,Told Friends / Family,4.0
22-09-2026 22:23,18–22,Male,"Instagram, WhatsApp",1–3 hours,No,No,No,Not Applicable,Body Shaming,WhatsApp,Never,Not at all,,1 (Very Low),No,Didn't think it was serious,Friends Circle,Blocked the user,1.0
22-09-2026 22:54,23–30,Non-binary,"Instagram, WhatsApp",1–3 hours,No,No,No,Not Applicable,Hate Speech,WhatsApp,Never,Moderately,Anxiety,1 (Very Low),No,Didn't think it was serious,Online Gaming,Took No Action,1.0
23-09-2026 00:58,18–22,Female,"Instagram, WhatsApp, YouTube",1–3 hours,Yes,Yes,No,Not Applicable,Body Shaming,Instagram,Rarely,Moderately,"Stress, Depression, Loss of Confidence",1 (Very Low),Psychologist,Fear,Family,"Ignored it, Blocked the user",1.0
23-09-2026 01:36,41–50,Female,Facebook,1–3 hours,Yes,No,No,Not Applicable,"Offensive Comments, Body Shaming, Fake Rumors",YouTube,Very Often,Severely,Loss of Confidence,2,Psychologist,Lack of Awareness,Social Media Community,"Reported the account, Told Friends / Family",2.0
23-09-2026 01:54,23–30,Non-binary,WhatsApp,3–5 hours,No,No,Yes,I did not realize it was harmful,Fake Rumors,Facebook,Never,Slightly,Anxiety,2,Friends,Didn't think it was serious,School / College,Took No Action,2.0
23-09-2026 01:57,18–22,Female,"Instagram, WhatsApp, YouTube",1–3 hours,Yes,Yes,No,Not Applicable,Hate Speech,Instagram,Often,Severely,Loss of Confidence,4,No,Privacy Concerns,Unknown Stranger,"Ignored it, Blocked the user",4.0
23-09-2026 03:23,18–22,Male,"Instagram, WhatsApp, YouTube",3–5 hours,No,Yes,Yes,Self-defense,Stalking,Instagram,Never,Slightly,,1 (Very Low),No,Didn't think it was serious,Family,"Blocked the user, Reported the account",1.0
23-09-2026 03:36,31–40,Female,WhatsApp,1–3 hours,Yes,No,Yes,I was angry,Fake Profile,YouTube,Often,Not at all,"Stress, Depression",3,No,Lack of Awareness,Social Media Community,Ignored it,3.0
23-09-2026 04:22,23–30,Female,"Instagram, WhatsApp",1–3 hours,No,Yes,No,Not Applicable,Fake Rumors,Instagram,Never,Slightly,Anxiety,1 (Very Low),Family,Lack of Awareness,Unknown Stranger,Took No Action,1.0
23-09-2026 04:45,18–22,Male,WhatsApp,3–5 hours,Yes,Yes,No,Not Applicable,Offensive Comments,Others,Rarely,Severely,"Anger, Loss of Confidence",3,No,No reason,Unknown Stranger,Blocked the user,3.0
23-09-2026 05:08,41–50,Female,Facebook,3–5 hours,No,Yes,No,Not Applicable,Fake Profile,Instagram,Rarely,Not at all,,2,Friends,Didn't think it was serious,Friends Circle,"Ignored it, Blocked the user",2.0
23-09-2026 05:40,18–22,Male,"WhatsApp, YouTube",3–5 hours,No,Yes,No,Not Applicable,Fake Profile,Instagram,Never,Not at all,,3,No,Didn't think it was serious,School / College,Blocked the user,3.0
23-09-2026 05:44,18–22,Female,WhatsApp,3–5 hours,Yes,Yes,Yes,To respond to the person,"Offensive Comments, Body Shaming, Fake Rumors",YouTube,Never,Moderately,"Stress, Depression",4,Family,Didn't think it was serious,School / College,Blocked the user,4.0
23-09-2026 05:54,18–22,Female,Instagram,3–5 hours,No,Yes,No,Not Applicable,Hate Speech,WhatsApp,Rarely,Not at all,Loss of Confidence,1 (Very Low),Friends,Lack of Awareness,Friends Circle,"Reported the account, Told Friends / Family",1.0
23-09-2026 06:34,18–22,Male,YouTube,1–3 hours,No,Yes,No,Not Applicable,Hate Speech,Instagram,Sometimes,Not at all,,1 (Very Low),No,Lack of Awareness,Unknown Stranger,Took No Action,1.0
23-09-2026 07:21,18–22,Female,WhatsApp,1–3 hours,No,Yes,No,Not Applicable,Body Shaming,Instagram,Never,Not at all,,2,Family,Lack of Awareness,Friends Circle,"Blocked the user, Reported the account, Told Friends / Family",2.0
23-09-2026 07:30,18–22,Male,"WhatsApp, YouTube",3–5 hours,No,Yes,No,Not Applicable,Fake Rumors,Instagram,Never,Slightly,,3,No,Didn't think it was serious,Family,"Blocked the user, Reported the account",3.0
23-09-2026 07:49,18–22,Male,WhatsApp,More than 5 hours,No,No,No,Not Applicable,Fake Profile,Instagram,Sometimes,Not at all,Anger,1 (Very Low),No,Didn't think it was serious,Social Media Community,Blocked the user,1.0
23-09-2026 10:03,18–22,Male,"Instagram, WhatsApp",3–5 hours,No,Yes,Yes,Self-defense,Fake Profile,Others,Never,Slightly,,2,Family,Lack of Awareness,Unknown Stranger,Took No Action,2.0
23-09-2026 10:46,18–22,Female,"Instagram, WhatsApp",3–5 hours,No,No,No,Not Applicable,Body Shaming,YouTube,Sometimes,Not at all,Anger,1 (Very Low),Friends,Didn't think it was serious,Family,Blocked the user,1.0
23-09-2026 11:18,41–50,Female,YouTube,More than 5 hours,No,No,No,Not Applicable,Fake Rumors,Instagram,Never,Not at all,Anxiety,1 (Very Low),No,Lack of Awareness,School / College,Ignored it,1.0
23-09-2026 11:26,41–50,Female,"Instagram, WhatsApp, YouTube, Others",1–3 hours,No,No,No,Not Applicable,Offensive Comments,Instagram,Rarely,Slightly,,2,No,Lack of Awareness,Family,Took No Action,2.0
23-09-2026 11:48,18–22,Male,WhatsApp,Less than 1 hour,No,Yes,No,Not Applicable,Hate Speech,Instagram,Rarely,Slightly,Loss of Confidence,1 (Very Low),No,Didn't think it was serious,Family,Blocked the user,1.0
23-09-2026 12:01,18–22,Female,Instagram,More than 5 hours,No,Yes,No,Not Applicable,Offensive Comments,Others,Never,Moderately,,1 (Very Low),No,Lack of Awareness,Friends Circle,Blocked the user,1.0
23-09-2026 12:09,18–22,Male,"Instagram, WhatsApp",1–3 hours,No,Yes,No,Not Applicable,Threats,WhatsApp,Rarely,Moderately,,1 (Very Low),Family,Lack of Awareness,Social Media Community,Blocked the user,1.0
23-09-2026 14:07,31–40,Male,Facebook,1–3 hours,No,No,No,Not Applicable,Offensive Comments,Instagram,Rarely,Slightly,,1 (Very Low),No,Didn't think it was serious,Unknown Stranger,Ignored it,1.0
23-09-2026 14:31,18–22,Male,"Instagram, WhatsApp, YouTube",3–5 hours,Yes,No,No,Not Applicable,"Offensive Comments, Body Shaming, Fake Rumors",Instagram,Sometimes,Slightly,"Stress, Depression, Anger",3,"Friends, Family",Didn't think it was serious,Social Media Community,"Blocked the user, Reported the account, Told Friends / Family",3.0
23-09-2026 14:54,18–22,Male,YouTube,1–3 hours,No,Yes,No,Not Applicable,Body Shaming,WhatsApp,Never,Moderately,,3,Family,Lack of Awareness,Online Gaming,Took No Action,3.0
23-09-2026 16:10,18–22,Male,"Instagram, WhatsApp, YouTube",3–5 hours,Yes,No,Yes,For fun,Stalking,Others,Never,Slightly,"Stress, Depression",4,No,Didn't think it was serious,Online Gaming,Blocked the user,4.0
23-09-2026 16:56,23–30,Female,YouTube,1–3 hours,No,Yes,No,Not Applicable,Fake Profile,YouTube,Never,Slightly,Anger,1 (Very Low),Family,Lack of Awareness,Social Media Community,Took No Action,1.0
23-09-2026 16:59,23–30,Female,"WhatsApp, YouTube",3–5 hours,No,No,No,Not Applicable,Offensive Comments,Instagram,Never,Not at all,,1 (Very Low),No,Lack of Awareness,School / College,"Reported the account, Told Friends / Family",1.0
23-09-2026 17:19,31–40,Female,YouTube,1–3 hours,Yes,Yes,No,Not Applicable,Stalking,Instagram,Very Often,Slightly,"Stress, Depression",3,Friends,Privacy Concerns,Online Gaming,Ignored it,3.0
23-09-2026 18:00,23–30,Female,Facebook,3–5 hours,No,Yes,No,Not Applicable,Offensive Comments,Instagram,Never,Not at all,Loss of Confidence,2,No,Didn't think it was serious,Social Media Community,Blocked the user,2.0
23-09-2026 18:25,31–40,Female,Instagram,1–3 hours,Yes,Yes,No,Not Applicable,Offensive Comments,WhatsApp,Sometimes,Severely,,3,"Friends, Family",Privacy Concerns,Family,Took No Action,3.0
23-09-2026 18:46,41–50,Female,"WhatsApp, YouTube",1–3 hours,No,No,No,Not Applicable,Threats,WhatsApp,Rarely,Moderately,,3,No,Lack of Awareness,Social Media Community,Blocked the user,3.0
23-09-2026 18:59,41–50,Male,"Instagram, WhatsApp, YouTube",1–3 hours,Yes,Yes,No,Not Applicable,Fake Rumors,YouTube,Sometimes,Moderately,"Stress, Depression",2,Friends,Didn't think it was serious,Family,"Ignored it, Blocked the user",2.0
23-09-2026 19:27,41–50,Male,WhatsApp,1–3 hours,Yes,No,No,Not Applicable,"Offensive Comments, Body Shaming, Fake Rumors",Instagram,Rarely,Moderately,Anxiety,4,"Friends, Family",Privacy Concerns,Social Media Community,Took No Action,4.0
25-09-2026 08:05,18–22,Female,WhatsApp,1–3 hours,Yes,Yes,No,Not Applicable,Hate Speech,WhatsApp,Very Often,Severely,"Stress, Anxiety, Depression, Anger",5 (Very High),"Friends, Psychologist",Didn't know how to report,Family,"Blocked the user, Reported the account",5.0
25-09-2026 08:14,23–30,Male,"Instagram, WhatsApp, YouTube",3–5 hours,Yes,Yes,No,Not Applicable,Other,Facebook,Often,Moderately,"Anger, Loss of Confidence",4,Friends,No reason,Workplace,Told Friends / Family,4.0
25-09-2026 08:24,23–30,Non-binary,Instagram,1–3 hours,No,Yes,No,Not Applicable,Threats,WhatsApp,Rarely,Slightly,"Stress, Anxiety",2,No,Didn't think it was serious,Friends Circle,"Ignored it, Blocked the user",2.0
25-09-2026 08:34,31–40,Female,Others,More than 5 hours,No,No,No,Not Applicable,,,Never,Not at all,,1 (Very Low),No,Fear,Other,Blocked the user,1.0
25-09-2026 08:44,18–22,Prefer not to say,"Instagram, WhatsApp, YouTube",1–3 hours,Yes,Yes,No,Not Applicable,Fake Profile,Instagram,Sometimes,Severely,"Stress, Depression, Loss of Confidence",5 (Very High),Psychologist,Didn't think it was serious,Social Media Community,Told Friends / Family,5.0
25-09-2026 08:53,18–22,Female,"Instagram, WhatsApp, YouTube",Less than 1 hour,Yes,No,No,Not Applicable,Threats,Instagram,Very Often,Severely,"Stress, Depression, Loss of Confidence",5 (Very High),"Friends, Family, Teacher",Fear,Friends Circle,"Reported the account, Told Friends / Family",5.0
25-09-2026 09:03,18–22,Male,WhatsApp,More than 5 hours,Yes,Yes,No,Not Applicable,Fake Rumors,Others,Sometimes,Severely,"Stress, Depression, Anger",5 (Very High),Psychologist,Didn't think it was serious,Friends Circle,"Blocked the user, Reported the account",5.0
25-09-2026 09:13,31–40,Non-binary,"Instagram, WhatsApp",1–3 hours,Yes,Yes,No,Not Applicable,"Fake Rumors, Fake Profile",WhatsApp,Never,Not at all,,1 (Very Low),No,Didn't think it was serious,School / College,Took No Action,1.0
25-09-2026 09:23,23–30,Male,"WhatsApp, YouTube",3–5 hours,Yes,Yes,No,Not Applicable,Other,Instagram,Sometimes,Moderately,"Anger, Loss of Confidence",4,Family,Lack of Awareness,School / College,"Ignored it, Blocked the user",4.0
25-09-2026 09:33,18–22,Male,Instagram,1–3 hours,No,Yes,No,Not Applicable,Fake Profile,Others,Never,Not at all,,1 (Very Low),No,Lack of Awareness,Social Media Community,Took No Action,1.0
25-09-2026 09:42,18–22,Male,Instagram,3–5 hours,Yes,Yes,No,Not Applicable,Stalking,Facebook,Sometimes,Moderately,"Stress, Anxiety",3,"Friends, Family",Didn't think it was serious,School / College,"Ignored it, Blocked the user",3.0
25-09-2026 09:52,23–30,Female,"WhatsApp, YouTube",3–5 hours,No,No,No,Not Applicable,,,Never,Not at all,,1 (Very Low),No,Didn't know how to report,Social Media Community,Blocked the user,1.0
25-09-2026 10:02,18–22,Male,"Instagram, WhatsApp, YouTube",More than 5 hours,No,No,No,Not Applicable,,,Sometimes,Not at all,,1 (Very Low),No,Didn't think it was serious,Unknown Stranger,Blocked the user,1.0
25-09-2026 10:12,23–30,Male,"Instagram, WhatsApp",3–5 hours,Yes,Yes,No,Not Applicable,Offensive Comments,Facebook,Very Often,Severely,"Stress, Anxiety, Depression, Anger, Loss of Confidence",5 (Very High),Friends,Didn't know how to report,Social Media Community,"Reported the account, Told Friends / Family",5.0
25-09-2026 10:21,23–30,Female,"Instagram, WhatsApp, YouTube",1–3 hours,No,Yes,No,Not Applicable,Stalking,Others,Rarely,Slightly,Loss of Confidence,2,No,Privacy Concerns,Unknown Stranger,Took No Action,2.0
25-09-2026 10:31,23–30,Male,"Instagram, WhatsApp",3–5 hours,No,No,No,Not Applicable,,,Rarely,Not at all,,1 (Very Low),No,Fear,Other,Blocked the user,1.0
25-09-2026 10:41,18–22,Male,WhatsApp,3–5 hours,Yes,No,No,Not Applicable,Fake Rumors,YouTube,Rarely,Moderately,"Stress, Anxiety",3,Friends,Lack of Awareness,Unknown Stranger,Blocked the user,3.0
25-09-2026 10:51,23–30,Male,"Instagram, WhatsApp",More than 5 hours,Yes,Yes,No,Not Applicable,"Fake Rumors, Fake Profile",Facebook,Very Often,Severely,"Stress, Anxiety, Depression",5 (Very High),"Family, Psychologist",Fear,Unknown Stranger,"Reported the account, Sought Professional Help",5.0
25-09-2026 11:01,18–22,Male,YouTube,1–3 hours,No,Yes,No,Not Applicable,Other,WhatsApp,Rarely,Moderately,"Anger, Loss of Confidence",3,"Friends, Family",Lack of Awareness,Online Gaming,"Ignored it, Blocked the user",3.0
25-09-2026 11:10,23–30,Female,WhatsApp,More than 5 hours,Yes,Yes,Yes,For fun,Other,Instagram,Often,Severely,"Stress, Depression, Loss of Confidence",5 (Very High),"Friends, Family",Lack of Awareness,Family,"Blocked the user, Reported the account",5.0
25-09-2026 11:20,18–22,Female,"Instagram, WhatsApp, YouTube",1–3 hours,Yes,Yes,Yes,It was a joke,"Offensive Comments, Body Shaming",YouTube,Rarely,Moderately,Stress,4,No,Didn't know how to report,Friends Circle,Blocked the user,4.0
25-09-2026 11:30,23–30,Female,WhatsApp,1–3 hours,Yes,Yes,No,Not Applicable,Threats,Instagram,Rarely,Slightly,Loss of Confidence,2,"Friends, Family",Privacy Concerns,Other,"Ignored it, Blocked the user",2.0
25-09-2026 11:40,18–22,Male,"Instagram, WhatsApp, YouTube",1–3 hours,Yes,Yes,No,Not Applicable,Fake Rumors,Facebook,Rarely,Slightly,Anxiety,2,No,No reason,Unknown Stranger,Took No Action,2.0
25-09-2026 11:49,23–30,Male,YouTube,Less than 1 hour,No,Yes,No,Not Applicable,Fake Rumors,Facebook,Never,Not at all,,1 (Very Low),No,Lack of Awareness,Workplace,Blocked the user,1.0
25-09-2026 11:59,23–30,Female,"Instagram, WhatsApp, YouTube",1–3 hours,No,No,No,Not Applicable,,,Never,Not at all,,1 (Very Low),No,Fear,Unknown Stranger,Ignored it,1.0
25-09-2026 12:09,18–22,Male,"Instagram, WhatsApp, YouTube",1–3 hours,No,Yes,No,Not Applicable,Other,WhatsApp,Never,Not at all,,1 (Very Low),No,Privacy Concerns,Friends Circle,Blocked the user,1.0
25-09-2026 12:19,18–22,Female,Instagram,Less than 1 hour,Yes,No,No,Not Applicable,Offensive Comments,YouTube,Never,Not at all,,1 (Very Low),No,Lack of Awareness,Friends Circle,Took No Action,1.0
25-09-2026 12:29,Below 18,Male,Others,1–3 hours,Yes,Yes,No,Not Applicable,Stalking,Others,Often,Moderately,"Stress, Depression, Anger",4,Family,Fear,Workplace,"Reported the account, Told Friends / Family",4.0
25-09-2026 12:38,18–22,Female,"Instagram, WhatsApp, YouTube",1–3 hours,Yes,Yes,No,Not Applicable,"Fake Rumors, Fake Profile",WhatsApp,Rarely,Not at all,,1 (Very Low),No,Fear,School / College,Took No Action,1.0
25-09-2026 12:48,18–22,Female,Facebook,More than 5 hours,Yes,No,Yes,Other,"Fake Rumors, Fake Profile",Others,Rarely,Slightly,Stress,2,No,Didn't think it was serious,Unknown Stranger,Took No Action,2.0
25-09-2026 12:58,31–40,Female,"Instagram, WhatsApp",Less than 1 hour,No,Yes,Yes,I was angry,Other,Facebook,Sometimes,Slightly,"Stress, Anxiety",2,No,Didn't think it was serious,Family,"Ignored it, Blocked the user",2.0
25-09-2026 13:08,18–22,Male,Instagram,1–3 hours,Yes,Yes,No,Not Applicable,Threats,Facebook,Often,Severely,"Stress, Depression, Loss of Confidence",5 (Very High),"Friends, Family",No reason,Other,"Blocked the user, Reported the account",5.0
25-09-2026 13:17,18–22,Female,YouTube,3–5 hours,No,No,No,Not Applicable,,,Sometimes,Moderately,Depression,4,Family,Lack of Awareness,Unknown Stranger,"Blocked the user, Reported the account",4.0
25-09-2026 13:27,18–22,Male,"Instagram, WhatsApp",1–3 hours,No,Yes,No,Not Applicable,Stalking,WhatsApp,Rarely,Not at all,,1 (Very Low),No,Privacy Concerns,Workplace,Ignored it,1.0
25-09-2026 13:37,23–30,Male,"Instagram, WhatsApp",More than 5 hours,Yes,Yes,Yes,Other,Other,YouTube,Often,Severely,"Stress, Depression, Loss of Confidence",5 (Very High),Friends,Fear,School / College,"Blocked the user, Reported the account, Told Friends / Family",5.0
25-09-2026 13:47,18–22,Female,YouTube,1–3 hours,Yes,Yes,No,Not Applicable,Fake Rumors,WhatsApp,Never,Not at all,,1 (Very Low),No,No reason,Workplace,Blocked the user,1.0
25-09-2026 13:57,18–22,Female,"WhatsApp, YouTube",3–5 hours,Yes,Yes,No,Not Applicable,Offensive Comments,Instagram,Often,Moderately,Anxiety,3,Psychologist,Privacy Concerns,Workplace,Told Friends / Family,3.0
25-09-2026 14:06,18–22,Male,"Instagram, WhatsApp, YouTube",1–3 hours,Yes,Yes,No,Not Applicable,Body Shaming,Facebook,Sometimes,Slightly,"Stress, Anxiety",2,Friends,Fear,School / College,Ignored it,2.0
25-09-2026 14:16,23–30,Male,"Instagram, WhatsApp, YouTube",1–3 hours,Yes,Yes,No,Not Applicable,Stalking,WhatsApp,Sometimes,Moderately,"Stress, Anxiety, Depression",3,No,Privacy Concerns,Family,"Ignored it, Blocked the user",3.0
25-09-2026 14:26,18–22,Male,"Instagram, WhatsApp, YouTube",1–3 hours,Yes,Yes,No,Not Applicable,"Offensive Comments, Body Shaming",WhatsApp,Sometimes,Moderately,"Stress, Depression, Loss of Confidence",4,No,Didn't know how to report,Friends Circle,"Ignored it, Blocked the user",4.0
25-09-2026 14:36,18–22,Female,WhatsApp,1–3 hours,No,No,Yes,For fun,,,Rarely,Not at all,,1 (Very Low),No,Privacy Concerns,Social Media Community,Took No Action,1.0
25-09-2026 14:45,18–22,Female,"Instagram, WhatsApp, YouTube, Others",1–3 hours,Yes,Yes,No,Not Applicable,Fake Profile,Instagram,Sometimes,Slightly,Stress,2,Friends,Fear,Online Gaming,Took No Action,2.0
25-09-2026 14:55,23–30,Female,WhatsApp,3–5 hours,No,No,No,Not Applicable,,,Never,Not at all,,1 (Very Low),No,Didn't know how to report,Other,Ignored it,1.0
25-09-2026 15:05,18–22,Female,YouTube,3–5 hours,No,No,No,Not Applicable,,,Rarely,Slightly,Stress,2,No,Privacy Concerns,Unknown Stranger,"Ignored it, Blocked the user",2.0
25-09-2026 15:15,18–22,Male,"Instagram, WhatsApp",1–3 hours,Yes,Yes,No,Not Applicable,Fake Profile,Others,Sometimes,Severely,"Stress, Depression, Anger",5 (Very High),"Friends, Psychologist",Privacy Concerns,Unknown Stranger,"Reported the account, Sought Professional Help",5.0
25-09-2026 15:25,23–30,Female,"Instagram, WhatsApp",3–5 hours,Yes,Yes,No,Not Applicable,Hate Speech,Others,Very Often,Severely,"Stress, Depression, Anger",5 (Very High),"Friends, Family, Teacher",Privacy Concerns,Family,"Reported the account, Told Friends / Family",5.0
25-09-2026 15:34,23–30,Female,"Instagram, WhatsApp, YouTube",1–3 hours,No,Yes,No,Not Applicable,"Offensive Comments, Body Shaming",Instagram,Rarely,Moderately,Anxiety,4,No,No reason,Social Media Community,Told Friends / Family,4.0
25-09-2026 15:44,18–22,Male,"Instagram, WhatsApp",More than 5 hours,No,Yes,No,Not Applicable,Fake Profile,WhatsApp,Never,Not at all,,1 (Very Low),No,No reason,Social Media Community,Ignored it,1.0
25-09-2026 15:54,23–30,Female,"Instagram, WhatsApp",3–5 hours,No,No,Not Sure,,,,Never,Not at all,,1 (Very Low),No,No reason,Unknown Stranger,Took No Action,1.0
25-09-2026 16:04,41–50,Female,Others,3–5 hours,Yes,Yes,No,Not Applicable,Fake Profile,YouTube,Sometimes,Severely,"Stress, Depression, Anger",5 (Very High),Psychologist,Lack of Awareness,Friends Circle,"Reported the account, Sought Professional Help",5.0
25-09-2026 16:13,18–22,Male,Others,1–3 hours,No,Yes,No,Not Applicable,Threats,YouTube,Rarely,Moderately,"Stress, Depression",3,Psychologist,Fear,Social Media Community,"Ignored it, Blocked the user",3.0
25-09-2026 16:23,23–30,Female,Instagram,More than 5 hours,No,No,No,Not Applicable,,,Never,Not at all,,1 (Very Low),No,Didn't think it was serious,Social Media Community,Took No Action,1.0
25-09-2026 16:33,31–40,Male,"Instagram, WhatsApp, YouTube, Others",3–5 hours,Yes,Yes,No,Not Applicable,Hate Speech,WhatsApp,Rarely,Slightly,Loss of Confidence,2,Friends,Didn't think it was serious,Workplace,Ignored it,2.0
25-09-2026 16:43,23–30,Male,WhatsApp,1–3 hours,No,No,No,Not Applicable,,,Never,Not at all,,1 (Very Low),No,No reason,Unknown Stranger,Took No Action,1.0
25-09-2026 16:53,18–22,Female,"Instagram, WhatsApp",1–3 hours,No,No,Yes,Self-defense,,,Rarely,Moderately,"Stress, Depression",3,Family,Privacy Concerns,Social Media Community,Blocked the user,3.0
25-09-2026 17:02,18–22,Female,"WhatsApp, YouTube",More than 5 hours,Yes,Yes,No,Not Applicable,Fake Rumors,Instagram,Often,Severely,"Stress, Anxiety, Depression",5 (Very High),"Family, Psychologist",Fear,School / College,"Blocked the user, Reported the account",5.0
25-09-2026 17:12,23–30,Male,WhatsApp,1–3 hours,Yes,Yes,Yes,Peer pressure,Other,Facebook,Very Often,Severely,"Stress, Depression, Loss of Confidence",5 (Very High),"Friends, Family, Teacher",Didn't know how to report,Unknown Stranger,"Blocked the user, Reported the account, Told Friends / Family",5.0
25-09-2026 17:22,18–22,Male,WhatsApp,3–5 hours,No,Yes,No,Not Applicable,"Offensive Comments, Body Shaming",YouTube,Rarely,Not at all,,1 (Very Low),No,Lack of Awareness,Other,Took No Action,1.0
25-09-2026 17:32,18–22,Male,WhatsApp,Less than 1 hour,Yes,Yes,No,Not Applicable,Body Shaming,Facebook,Rarely,Severely,"Stress, Depression, Anger",5 (Very High),"Friends, Family, Teacher",No reason,Unknown Stranger,Told Friends / Family,5.0
25-09-2026 17:41,23–30,Male,"Instagram, WhatsApp, YouTube",3–5 hours,Yes,Yes,Yes,Self-defense,Offensive Comments,Others,Sometimes,Severely,"Stress, Anxiety, Depression",5 (Very High),Psychologist,Didn't know how to report,Friends Circle,"Blocked the user, Reported the account",5.0
25-09-2026 17:51,23–30,Male,"WhatsApp, YouTube",3–5 hours,Yes,No,No,Not Applicable,Threats,Others,Never,Slightly,"Stress, Loss of Confidence",2,Family,Fear,School / College,Ignored it,2.0
25-09-2026 18:01,23–30,Female,Facebook,More than 5 hours,No,Yes,No,Not Applicable,Other,Facebook,Never,Not at all,,1 (Very Low),No,No reason,Friends Circle,Took No Action,1.0
25-09-2026 18:11,18–22,Male,WhatsApp,1–3 hours,Yes,Yes,No,Not Applicable,Offensive Comments,Instagram,Sometimes,Moderately,"Stress, Anxiety, Depression",3,Family,Fear,Workplace,Blocked the user,3.0
25-09-2026 18:21,23–30,Male,WhatsApp,More than 5 hours,Yes,Yes,No,Not Applicable,Body Shaming,Facebook,Very Often,Severely,"Stress, Anxiety, Depression",5 (Very High),"Friends, Family, Teacher",Lack of Awareness,Other,Told Friends / Family,5.0
25-09-2026 18:30,23–30,Male,"Instagram, WhatsApp",3–5 hours,No,No,No,Not Applicable,,,Never,Not at all,,1 (Very Low),No,Lack of Awareness,Unknown Stranger,Ignored it,1.0
25-09-2026 18:40,18–22,Female,Others,3–5 hours,Yes,Yes,No,Not Applicable,"Fake Rumors, Fake Profile",Instagram,Often,Severely,"Stress, Depression, Anger",5 (Very High),"Family, Psychologist",No reason,Unknown Stranger,Told Friends / Family,5.0
25-09-2026 18:50,18–22,Male,"Instagram, WhatsApp",3–5 hours,Yes,Yes,Yes,For fun,"Fake Rumors, Fake Profile",Instagram,Rarely,Moderately,Stress,4,Psychologist,Didn't think it was serious,Other,"Reported the account, Told Friends / Family",4.0
25-09-2026 19:00,18–22,Female,"Instagram, WhatsApp, YouTube",1–3 hours,Yes,Yes,No,Not Applicable,Threats,YouTube,Rarely,Slightly,"Stress, Anxiety",2,No,Fear,Unknown Stranger,"Ignored it, Blocked the user",2.0
25-09-2026 19:09,18–22,Female,"Instagram, WhatsApp",1–3 hours,Yes,Yes,No,Not Applicable,Other,Instagram,Very Often,Severely,"Stress, Anxiety, Depression, Anger, Loss of Confidence",5 (Very High),"Friends, Family, Teacher",Lack of Awareness,Online Gaming,"Reported the account, Told Friends / Family",5.0
25-09-2026 19:19,18–22,Male,"Instagram, WhatsApp, YouTube",1–3 hours,No,Yes,No,Not Applicable,Other,YouTube,Sometimes,Slightly,Stress,2,Friends,Didn't know how to report,Family,"Ignored it, Blocked the user",2.0
25-09-2026 19:29,18–22,Female,"Instagram, WhatsApp, YouTube",1–3 hours,No,No,No,Not Applicable,,,Sometimes,Not at all,,1 (Very Low),No,Lack of Awareness,Other,Ignored it,1.0
25-09-2026 19:39,18–22,Male,"Instagram, WhatsApp",1–3 hours,Yes,Yes,No,Not Applicable,Fake Profile,WhatsApp,Never,Moderately,Anxiety,3,"Friends, Family",Didn't know how to report,Unknown Stranger,"Blocked the user, Reported the account",3.0
25-09-2026 19:49,23–30,Male,"Instagram, WhatsApp, YouTube",1–3 hours,Yes,No,No,Not Applicable,"Fake Rumors, Fake Profile",WhatsApp,Rarely,Not at all,,1 (Very Low),No,Didn't know how to report,School / College,Blocked the user,1.0
25-09-2026 19:58,18–22,Female,Facebook,3–5 hours,Yes,Yes,No,Not Applicable,Offensive Comments,Others,Rarely,Slightly,Loss of Confidence,2,Friends,Fear,Unknown Stranger,"Ignored it, Blocked the user",2.0
25-09-2026 20:08,23–30,Male,"Instagram, WhatsApp",3–5 hours,No,Yes,Not Sure,,"Fake Rumors, Fake Profile",Facebook,Sometimes,Moderately,"Stress, Anxiety, Depression",4,Family,No reason,School / College,Told Friends / Family,4.0
25-09-2026 20:18,18–22,Male,"Instagram, WhatsApp, YouTube",1–3 hours,Yes,Yes,No,Not Applicable,"Offensive Comments, Body Shaming",WhatsApp,Sometimes,Moderately,Anxiety,3,"Friends, Family",Privacy Concerns,Other,Told Friends / Family,3.0
25-09-2026 20:28,18–22,Female,Others,1–3 hours,No,Yes,Not Sure,,"Fake Rumors, Fake Profile",YouTube,Rarely,Slightly,Loss of Confidence,2,Friends,Lack of Awareness,Friends Circle,Blocked the user,2.0
25-09-2026 20:37,18–22,Female,Facebook,3–5 hours,No,No,No,Not Applicable,,,Never,Not at all,,1 (Very Low),No,Lack of Awareness,Other,Blocked the user,1.0
25-09-2026 20:47,23–30,Male,WhatsApp,More than 5 hours,Yes,No,No,Not Applicable,Threats,Instagram,Never,Not at all,,1 (Very Low),No,Didn't know how to report,Workplace,Ignored it,1.0
25-09-2026 20:57,18–22,Female,"Instagram, WhatsApp",1–3 hours,No,No,No,Not Applicable,,,Rarely,Slightly,"Stress, Anxiety",2,Friends,Fear,Social Media Community,Took No Action,2.0
25-09-2026 21:07,18–22,Female,Instagram,1–3 hours,No,No,No,Not Applicable,,,Never,Not at all,,1 (Very Low),No,Lack of Awareness,Social Media Community,Took No Action,1.0
25-09-2026 21:17,23–30,Female,"Instagram, WhatsApp, YouTube",Less than 1 hour,Yes,Yes,No,Not Applicable,Other,Facebook,Rarely,Not at all,,1 (Very Low),No,Privacy Concerns,Social Media Community,Ignored it,1.0
25-09-2026 21:26,23–30,Male,"Instagram, WhatsApp, YouTube",1–3 hours,No,Yes,No,Not Applicable,Stalking,YouTube,Rarely,Slightly,"Stress, Anxiety",2,"Friends, Family",Lack of Awareness,School / College,Ignored it,2.0
25-09-2026 21:36,18–22,Male,YouTube,1–3 hours,No,No,Yes,Peer pressure,,,Rarely,Not at all,,1 (Very Low),No,Fear,Social Media Community,Blocked the user,1.0
25-09-2026 21:46,Below 18,Female,WhatsApp,1–3 hours,Yes,No,No,Not Applicable,Offensive Comments,Instagram,Rarely,Slightly,"Stress, Loss of Confidence",2,No,Privacy Concerns,Online Gaming,Ignored it,2.0
25-09-2026 21:56,18–22,Male,"Instagram, YouTube",More than 5 hours,Yes,Yes,No,Not Applicable,Hate Speech,WhatsApp,Sometimes,Moderately,"Anger, Loss of Confidence",3,Friends,No reason,Friends Circle,Blocked the user,3.0
25-09-2026 22:05,31–40,Male,"Instagram, WhatsApp, YouTube",3–5 hours,No,No,No,Not Applicable,,,Never,Not at all,,1 (Very Low),No,Didn't know how to report,Social Media Community,Took No Action,1.0
25-09-2026 22:15,18–22,Male,"Instagram, WhatsApp",Less than 1 hour,Yes,Yes,No,Not Applicable,Fake Rumors,YouTube,Sometimes,Slightly,"Stress, Anxiety",2,Family,Didn't know how to report,Unknown Stranger,"Ignored it, Blocked the user",2.0
25-09-2026 22:25,18–22,Male,"Instagram, YouTube",3–5 hours,Yes,Yes,No,Not Applicable,Threats,WhatsApp,Rarely,Severely,"Stress, Anxiety, Depression, Anger",5 (Very High),"Friends, Psychologist",No reason,Social Media Community,"Reported the account, Told Friends / Family",5.0
25-09-2026 22:35,18–22,Female,Instagram,1–3 hours,Yes,Yes,Yes,Self-defense,Body Shaming,Facebook,Sometimes,Slightly,Anxiety,2,Friends,Fear,Unknown Stranger,Blocked the user,2.0
25-09-2026 22:45,23–30,Male,WhatsApp,3–5 hours,Yes,Yes,No,Not Applicable,Threats,WhatsApp,Sometimes,Moderately,Anxiety,3,Friends,Fear,Other,Blocked the user,3.0
26-09-2026 08:05,18–22,Female,"Instagram, WhatsApp",1–3 hours,No,No,No,Not Applicable,,,Rarely,Not at all,,1 (Very Low),No,Privacy Concerns,Unknown Stranger,Ignored it,1.0
26-09-2026 08:14,18–22,Male,Instagram,1–3 hours,Yes,Yes,No,Not Applicable,"Fake Rumors, Fake Profile",Instagram,Often,Moderately,Anxiety,3,Friends,No reason,Family,Blocked the user,3.0
26-09-2026 08:24,31–40,Male,"Instagram, WhatsApp",Less than 1 hour,Yes,Yes,No,Not Applicable,"Fake Rumors, Fake Profile",YouTube,Rarely,Severely,"Stress, Anxiety, Depression, Anger",5 (Very High),"Friends, Psychologist",Lack of Awareness,Workplace,Told Friends / Family,5.0
26-09-2026 08:34,18–22,Female,WhatsApp,1–3 hours,Yes,Yes,No,Not Applicable,"Fake Rumors, Fake Profile",Others,Often,Severely,"Stress, Anxiety, Depression",5 (Very High),"Friends, Psychologist",Didn't know how to report,Workplace,"Reported the account, Told Friends / Family",5.0
26-09-2026 08:44,18–22,Female,"Instagram, WhatsApp",Less than 1 hour,Yes,Yes,No,Not Applicable,"Offensive Comments, Body Shaming",YouTube,Very Often,Severely,"Stress, Anxiety, Depression, Anger, Loss of Confidence",5 (Very High),"Family, Psychologist",Fear,Family,"Reported the account, Sought Professional Help",5.0
26-09-2026 08:53,23–30,Female,"Instagram, WhatsApp",More than 5 hours,Yes,Yes,No,Not Applicable,Threats,WhatsApp,Never,Not at all,,1 (Very Low),No,No reason,Social Media Community,Ignored it,1.0
26-09-2026 09:03,18–22,Female,"Instagram, YouTube",More than 5 hours,No,Yes,Yes,It was a joke,Threats,YouTube,Rarely,Moderately,"Stress, Depression, Anger",3,Friends,Didn't know how to report,Online Gaming,Blocked the user,3.0
26-09-2026 09:13,18–22,Female,"Instagram, WhatsApp",3–5 hours,No,No,No,Not Applicable,,,Never,Not at all,,1 (Very Low),No,Fear,Social Media Community,Blocked the user,1.0
26-09-2026 09:23,31–40,Female,"WhatsApp, YouTube",Less than 1 hour,No,No,No,Not Applicable,,,Never,Not at all,,1 (Very Low),No,Privacy Concerns,Other,Blocked the user,1.0
26-09-2026 09:33,31–40,Female,Instagram,1–3 hours,Yes,No,No,Not Applicable,"Offensive Comments, Body Shaming",WhatsApp,Rarely,Slightly,"Stress, Loss of Confidence",2,No,No reason,Social Media Community,Took No Action,2.0
26-09-2026 09:42,18–22,Female,WhatsApp,3–5 hours,No,Yes,No,Not Applicable,Offensive Comments,WhatsApp,Sometimes,Slightly,"Stress, Anxiety",2,No,Privacy Concerns,Online Gaming,Blocked the user,2.0
26-09-2026 09:52,18–22,Female,"Instagram, WhatsApp, YouTube, Others",1–3 hours,Yes,Yes,No,Not Applicable,Body Shaming,YouTube,Often,Severely,"Stress, Depression, Loss of Confidence",5 (Very High),"Friends, Psychologist",Privacy Concerns,School / College,"Reported the account, Told Friends / Family",5.0
26-09-2026 10:02,18–22,Male,"Instagram, WhatsApp, YouTube",1–3 hours,No,No,No,Not Applicable,,,Sometimes,Not at all,,1 (Very Low),No,No reason,Social Media Community,Ignored it,1.0
26-09-2026 10:12,18–22,Male,Others,1–3 hours,Yes,Yes,Yes,I was angry,Other,YouTube,Often,Severely,"Stress, Anxiety, Depression",5 (Very High),"Friends, Family",Didn't know how to report,Online Gaming,"Reported the account, Sought Professional Help",5.0
26-09-2026 10:21,18–22,Male,"Instagram, WhatsApp, YouTube",1–3 hours,Yes,Yes,Not Sure,,Body Shaming,Facebook,Often,Severely,"Stress, Anxiety, Depression, Anger, Loss of Confidence",5 (Very High),"Family, Psychologist",Lack of Awareness,Other,"Blocked the user, Reported the account",5.0
26-09-2026 10:31,Below 18,Male,"Instagram, WhatsApp, YouTube",3–5 hours,Yes,Yes,Yes,To respond to the person,"Offensive Comments, Body Shaming",Instagram,Often,Severely,"Stress, Anxiety, Depression, Anger",5 (Very High),"Friends, Family, Teacher",Fear,Unknown Stranger,"Blocked the user, Reported the account, Told Friends / Family",5.0
26-09-2026 10:41,18–22,Female,"Instagram, YouTube",3–5 hours,Yes,No,No,Not Applicable,Body Shaming,WhatsApp,Never,Slightly,Anxiety,2,No,Didn't think it was serious,Workplace,"Ignored it, Blocked the user",2.0
26-09-2026 10:51,18–22,Female,WhatsApp,3–5 hours,Yes,Yes,Yes,To respond to the person,"Fake Rumors, Fake Profile",WhatsApp,Sometimes,Slightly,"Stress, Loss of Confidence",2,Friends,Didn't think it was serious,Unknown Stranger,Ignored it,2.0
26-09-2026 11:01,18–22,Male,"Instagram, WhatsApp",1–3 hours,Yes,No,Yes,I did not realize it was harmful,Other,YouTube,Never,Not at all,,1 (Very Low),No,Privacy Concerns,Unknown Stranger,Ignored it,1.0
26-09-2026 11:10,18–22,Male,"Instagram, WhatsApp, YouTube",1–3 hours,Yes,No,Not Sure,,Other,Instagram,Never,Not at all,,1 (Very Low),No,Lack of Awareness,Other,Ignored it,1.0
26-09-2026 11:20,23–30,Female,YouTube,More than 5 hours,Yes,No,No,Not Applicable,Fake Profile,Others,Rarely,Slightly,"Stress, Anxiety",2,Family,Privacy Concerns,Family,Ignored it,2.0
26-09-2026 11:30,18–22,Male,"Instagram, WhatsApp, YouTube, Others",1–3 hours,Yes,Yes,No,Not Applicable,"Offensive Comments, Body Shaming",Instagram,Very Often,Severely,"Stress, Anxiety, Depression, Anger",5 (Very High),Psychologist,Lack of Awareness,Unknown Stranger,Told Friends / Family,5.0
26-09-2026 11:40,23–30,Male,YouTube,More than 5 hours,Yes,No,Not Sure,,Offensive Comments,WhatsApp,Rarely,Slightly,Anxiety,2,Friends,Privacy Concerns,Social Media Community,Ignored it,2.0
26-09-2026 11:49,18–22,Female,"Instagram, WhatsApp",1–3 hours,Yes,No,No,Not Applicable,Fake Rumors,Others,Rarely,Severely,"Stress, Anxiety, Depression",5 (Very High),"Friends, Family",Fear,Family,"Blocked the user, Reported the account",5.0
26-09-2026 11:59,23–30,Male,Facebook,Less than 1 hour,Yes,Yes,No,Not Applicable,Body Shaming,Others,Never,Slightly,Anxiety,2,Friends,Fear,Workplace,Took No Action,2.0
26-09-2026 12:09,23–30,Male,"WhatsApp, YouTube",3–5 hours,Yes,No,Yes,To respond to the person,Threats,WhatsApp,Never,Not at all,,1 (Very Low),No,Didn't know how to report,School / College,Blocked the user,1.0
26-09-2026 12:19,18–22,Non-binary,"Instagram, WhatsApp, YouTube",1–3 hours,Yes,Yes,No,Not Applicable,Hate Speech,Facebook,Never,Slightly,Anxiety,2,Friends,No reason,Other,Blocked the user,2.0
26-09-2026 12:29,18–22,Male,"Instagram, WhatsApp",3–5 hours,Yes,Yes,No,Not Applicable,Offensive Comments,Others,Often,Severely,"Stress, Depression, Loss of Confidence",5 (Very High),Psychologist,Didn't think it was serious,Unknown Stranger,"Blocked the user, Reported the account, Told Friends / Family",5.0
26-09-2026 12:38,31–40,Male,"Instagram, WhatsApp, YouTube",More than 5 hours,Yes,Yes,No,Not Applicable,Offensive Comments,YouTube,Very Often,Severely,"Stress, Anxiety, Depression, Anger",5 (Very High),"Friends, Family, Teacher",Didn't know how to report,Online Gaming,"Blocked the user, Reported the account",5.0
26-09-2026 12:48,18–22,Female,"Instagram, WhatsApp, YouTube",1–3 hours,No,Yes,No,Not Applicable,Stalking,WhatsApp,Sometimes,Slightly,Stress,2,Friends,Privacy Concerns,Workplace,Ignored it,2.0
26-09-2026 12:58,23–30,Male,"Instagram, WhatsApp",Less than 1 hour,No,No,Yes,Peer pressure,,,Never,Not at all,,1 (Very Low),No,Privacy Concerns,Unknown Stranger,Ignored it,1.0
26-09-2026 13:08,18–22,Male,"Instagram, WhatsApp, YouTube",Less than 1 hour,Yes,Yes,No,Not Applicable,Fake Profile,WhatsApp,Often,Moderately,"Stress, Anxiety",4,No,Lack of Awareness,Online Gaming,Told Friends / Family,4.0
26-09-2026 13:17,23–30,Male,Instagram,1–3 hours,Yes,Yes,No,Not Applicable,Other,YouTube,Sometimes,Slightly,Loss of Confidence,2,"Friends, Family",Didn't know how to report,Workplace,Blocked the user,2.0
26-09-2026 13:27,18–22,Male,YouTube,1–3 hours,Yes,No,No,Not Applicable,Stalking,Others,Rarely,Not at all,,1 (Very Low),No,Fear,Workplace,Ignored it,1.0
26-09-2026 13:37,18–22,Male,"Instagram, WhatsApp, YouTube",1–3 hours,Yes,No,Yes,I did not realize it was harmful,Stalking,YouTube,Rarely,Slightly,Stress,2,Family,Fear,School / College,Blocked the user,2.0
26-09-2026 13:47,18–22,Female,Instagram,1–3 hours,No,No,No,Not Applicable,,,Sometimes,Not at all,,1 (Very Low),No,Privacy Concerns,Other,Ignored it,1.0
26-09-2026 13:57,23–30,Female,"Instagram, WhatsApp",3–5 hours,Yes,Yes,Yes,I did not realize it was harmful,Threats,YouTube,Often,Severely,"Stress, Anxiety, Depression, Anger, Loss of Confidence",5 (Very High),"Friends, Psychologist",Fear,Other,"Blocked the user, Reported the account, Told Friends / Family",5.0
26-09-2026 14:06,23–30,Male,WhatsApp,1–3 hours,Yes,Yes,Yes,To respond to the person,"Offensive Comments, Body Shaming",Instagram,Very Often,Severely,"Stress, Depression, Anger",5 (Very High),"Friends, Family",Didn't know how to report,Workplace,"Reported the account, Sought Professional Help",5.0
26-09-2026 14:16,23–30,Female,"WhatsApp, YouTube",3–5 hours,No,No,No,Not Applicable,,,Sometimes,Slightly,"Stress, Anxiety",2,No,Lack of Awareness,Other,Ignored it,2.0
26-09-2026 14:26,31–40,Male,"Instagram, WhatsApp, YouTube",3–5 hours,Yes,No,No,Not Applicable,"Fake Rumors, Fake Profile",YouTube,Rarely,Slightly,Loss of Confidence,2,Friends,Privacy Concerns,School / College,Ignored it,2.0
26-09-2026 14:36,18–22,Male,WhatsApp,1–3 hours,Yes,Yes,No,Not Applicable,Other,WhatsApp,Very Often,Severely,"Stress, Depression, Anger",5 (Very High),"Friends, Family",Didn't think it was serious,Social Media Community,"Reported the account, Sought Professional Help",5.0
26-09-2026 14:45,31–40,Male,"Instagram, WhatsApp",3–5 hours,Yes,Yes,No,Not Applicable,Offensive Comments,Others,Often,Severely,"Stress, Anxiety, Depression",5 (Very High),Psychologist,No reason,Family,"Blocked the user, Reported the account",5.0
26-09-2026 14:55,18–22,Male,Instagram,1–3 hours,No,Yes,No,Not Applicable,Threats,WhatsApp,Never,Not at all,,1 (Very Low),No,No reason,Unknown Stranger,Ignored it,1.0
26-09-2026 15:05,18–22,Male,"Instagram, WhatsApp, YouTube",3–5 hours,No,No,No,Not Applicable,,,Never,Not at all,,1 (Very Low),No,No reason,Unknown Stranger,Blocked the user,1.0
26-09-2026 15:15,41–50,Prefer not to say,"Instagram, WhatsApp, YouTube",1–3 hours,Yes,No,No,Not Applicable,Body Shaming,YouTube,Rarely,Moderately,Anxiety,3,Family,Didn't know how to report,Online Gaming,Told Friends / Family,3.0
26-09-2026 15:25,18–22,Male,"Instagram, WhatsApp, YouTube",More than 5 hours,No,No,No,Not Applicable,,,Sometimes,Slightly,"Stress, Anxiety",2,Friends,Lack of Awareness,Social Media Community,"Ignored it, Blocked the user",2.0
26-09-2026 15:34,18–22,Male,"Instagram, WhatsApp, YouTube",Less than 1 hour,No,No,No,Not Applicable,,,Rarely,Not at all,,1 (Very Low),No,Privacy Concerns,Social Media Community,Ignored it,1.0
26-09-2026 15:44,18–22,Male,"Instagram, WhatsApp, YouTube",More than 5 hours,No,No,No,Not Applicable,,,Never,Not at all,,1 (Very Low),No,Didn't know how to report,Social Media Community,Blocked the user,1.0
26-09-2026 15:54,18–22,Female,"Instagram, YouTube",1–3 hours,Yes,No,Not Sure,,Other,WhatsApp,Never,Not at all,,1 (Very Low),No,Didn't think it was serious,Other,Ignored it,1.0
26-09-2026 16:04,18–22,Female,"Instagram, YouTube",3–5 hours,No,Yes,Yes,For fun,"Offensive Comments, Body Shaming",Others,Sometimes,Moderately,"Stress, Depression",3,Friends,Didn't think it was serious,Family,"Reported the account, Told Friends / Family",3.0
26-09-2026 16:13,18–22,Male,Others,3–5 hours,No,Yes,No,Not Applicable,Body Shaming,Instagram,Never,Not at all,,1 (Very Low),No,Didn't think it was serious,Family,Took No Action,1.0
26-09-2026 16:23,18–22,Male,Instagram,1–3 hours,No,Yes,No,Not Applicable,Fake Rumors,Facebook,Rarely,Slightly,Anxiety,2,No,No reason,Unknown Stranger,Took No Action,2.0
26-09-2026 16:33,18–22,Male,WhatsApp,1–3 hours,Yes,No,No,Not Applicable,Fake Rumors,YouTube,Sometimes,Moderately,"Stress, Depression, Anger",3,Psychologist,Didn't think it was serious,Unknown Stranger,Blocked the user,3.0
26-09-2026 16:43,23–30,Male,"WhatsApp, YouTube",3–5 hours,Yes,Yes,No,Not Applicable,Offensive Comments,YouTube,Sometimes,Slightly,"Stress, Loss of Confidence",2,Friends,Lack of Awareness,Other,Ignored it,2.0
26-09-2026 16:53,18–22,Female,Instagram,More than 5 hours,No,Yes,Yes,To respond to the person,"Fake Rumors, Fake Profile",YouTube,Rarely,Slightly,"Stress, Anxiety",2,Friends,Didn't know how to report,Friends Circle,Ignored it,2.0
26-09-2026 17:02,18–22,Male,"Instagram, WhatsApp",1–3 hours,Yes,Yes,Yes,Other,Fake Rumors,Instagram,Sometimes,Moderately,"Stress, Anxiety",3,Family,No reason,School / College,"Reported the account, Told Friends / Family",3.0
26-09-2026 17:12,18–22,Female,Instagram,1–3 hours,Yes,Yes,No,Not Applicable,Body Shaming,Instagram,Rarely,Moderately,Anxiety,3,"Friends, Family",Didn't think it was serious,Other,"Blocked the user, Reported the account",3.0
26-09-2026 17:22,18–22,Male,Instagram,3–5 hours,No,Yes,No,Not Applicable,Hate Speech,Instagram,Sometimes,Moderately,"Anger, Loss of Confidence",3,"Friends, Family",Didn't think it was serious,Friends Circle,"Reported the account, Told Friends / Family",3.0
26-09-2026 17:32,Below 18,Male,"Instagram, WhatsApp, YouTube",3–5 hours,No,Yes,No,Not Applicable,Offensive Comments,YouTube,Never,Not at all,,1 (Very Low),No,No reason,Workplace,Took No Action,1.0
26-09-2026 17:41,23–30,Female,"Instagram, WhatsApp",More than 5 hours,No,Yes,Not Sure,,Threats,WhatsApp,Sometimes,Moderately,Stress,3,Family,Lack of Awareness,Family,"Blocked the user, Reported the account",3.0
26-09-2026 17:51,18–22,Female,"Instagram, WhatsApp, YouTube, Others",1–3 hours,Yes,Yes,Not Sure,,Threats,Facebook,Sometimes,Severely,"Stress, Depression, Anger",5 (Very High),Psychologist,Lack of Awareness,Online Gaming,"Reported the account, Told Friends / Family",5.0
26-09-2026 18:01,23–30,Male,"Instagram, WhatsApp",Less than 1 hour,Yes,Yes,Not Sure,,Other,Facebook,Rarely,Severely,"Stress, Depression, Loss of Confidence",5 (Very High),"Friends, Family",Didn't know how to report,Family,"Blocked the user, Reported the account, Told Friends / Family",5.0
26-09-2026 18:11,23–30,Male,YouTube,1–3 hours,Yes,Yes,No,Not Applicable,Fake Rumors,Others,Never,Moderately,"Stress, Depression",3,Family,Lack of Awareness,School / College,"Reported the account, Told Friends / Family",3.0
26-09-2026 18:21,18–22,Male,WhatsApp,1–3 hours,Yes,Yes,Not Sure,,Threats,YouTube,Rarely,Severely,"Stress, Anxiety, Depression, Anger, Loss of Confidence",5 (Very High),"Friends, Psychologist",Lack of Awareness,Workplace,"Blocked the user, Reported the account",5.0
26-09-2026 18:30,18–22,Male,"Instagram, WhatsApp",3–5 hours,Yes,Yes,Yes,Self-defense,Fake Rumors,Others,Often,Moderately,"Stress, Anxiety, Depression",3,Friends,Didn't think it was serious,Social Media Community,Told Friends / Family,3.0
26-09-2026 18:40,18–22,Male,"Instagram, WhatsApp",1–3 hours,Yes,Yes,No,Not Applicable,Hate Speech,Facebook,Sometimes,Moderately,"Stress, Anxiety, Depression",4,Friends,Privacy Concerns,Unknown Stranger,"Ignored it, Blocked the user",4.0
26-09-2026 18:50,18–22,Female,"Instagram, WhatsApp, YouTube, Others",3–5 hours,No,No,Yes,For fun,,,Rarely,Not at all,,1 (Very Low),No,Didn't think it was serious,Unknown Stranger,Blocked the user,1.0
26-09-2026 19:00,18–22,Male,Instagram,1–3 hours,Yes,Yes,No,Not Applicable,"Fake Rumors, Fake Profile",Others,Often,Severely,"Stress, Depression, Anger",5 (Very High),Psychologist,Lack of Awareness,School / College,"Reported the account, Told Friends / Family",5.0
26-09-2026 19:09,31–40,Male,"Instagram, WhatsApp",3–5 hours,No,No,No,Not Applicable,,,Never,Not at all,,1 (Very Low),No,Fear,Other,Took No Action,1.0
26-09-2026 19:19,18–22,Male,"Instagram, WhatsApp, YouTube",Less than 1 hour,Yes,Yes,No,Not Applicable,Fake Profile,Instagram,Never,Slightly,Stress,2,"Friends, Family",Didn't think it was serious,Unknown Stranger,"Ignored it, Blocked the user",2.0
26-09-2026 19:29,18–22,Male,"Instagram, WhatsApp",3–5 hours,Yes,Yes,No,Not Applicable,Offensive Comments,WhatsApp,Often,Severely,"Stress, Anxiety, Depression",5 (Very High),"Friends, Family, Teacher",Privacy Concerns,Other,"Blocked the user, Reported the account, Told Friends / Family",5.0
26-09-2026 19:39,18–22,Female,"Instagram, WhatsApp, YouTube",3–5 hours,Yes,No,No,Not Applicable,"Offensive Comments, Body Shaming",Others,Rarely,Slightly,Anxiety,2,Friends,Lack of Awareness,Unknown Stranger,Ignored it,2.0
26-09-2026 19:49,31–40,Female,WhatsApp,1–3 hours,Yes,Yes,No,Not Applicable,Threats,Facebook,Sometimes,Moderately,Depression,3,Psychologist,No reason,Social Media Community,"Ignored it, Blocked the user",3.0
26-09-2026 19:58,18–22,Male,"Instagram, WhatsApp",1–3 hours,Yes,No,No,Not Applicable,"Fake Rumors, Fake Profile",WhatsApp,Often,Moderately,Depression,3,"Friends, Family",Didn't know how to report,Workplace,"Blocked the user, Reported the account",3.0
26-09-2026 20:08,18–22,Female,Instagram,1–3 hours,No,Yes,No,Not Applicable,"Fake Rumors, Fake Profile",YouTube,Never,Not at all,,1 (Very Low),No,Lack of Awareness,Workplace,Took No Action,1.0
26-09-2026 20:18,18–22,Male,WhatsApp,1–3 hours,No,No,No,Not Applicable,,,Rarely,Slightly,Loss of Confidence,2,Family,Fear,Other,Blocked the user,2.0
26-09-2026 20:28,18–22,Male,WhatsApp,1–3 hours,Yes,Yes,No,Not Applicable,Other,Facebook,Rarely,Moderately,Anxiety,3,Family,Didn't think it was serious,Friends Circle,"Blocked the user, Reported the account",3.0
26-09-2026 20:37,23–30,Male,"Instagram, WhatsApp, YouTube",1–3 hours,No,Yes,No,Not Applicable,"Offensive Comments, Body Shaming",WhatsApp,Rarely,Slightly,Anxiety,2,No,Privacy Concerns,Family,Took No Action,2.0
26-09-2026 20:47,Below 18,Non-binary,"Instagram, WhatsApp, YouTube",1–3 hours,Yes,No,No,Not Applicable,Fake Profile,Others,Rarely,Not at all,,1 (Very Low),No,No reason,School / College,Took No Action,1.0
26-09-2026 20:57,31–40,Female,"Instagram, WhatsApp, YouTube",1–3 hours,No,Yes,No,Not Applicable,Body Shaming,Facebook,Sometimes,Slightly,"Stress, Loss of Confidence",2,No,Lack of Awareness,Other,Took No Action,2.0
26-09-2026 21:07,18–22,Male,"Instagram, WhatsApp",More than 5 hours,Yes,Yes,Yes,Peer pressure,Other,WhatsApp,Sometimes,Moderately,"Stress, Anxiety",3,Friends,Fear,School / College,Told Friends / Family,3.0
26-09-2026 21:17,18–22,Prefer not to say,"WhatsApp, YouTube",3–5 hours,Yes,Yes,No,Not Applicable,Threats,WhatsApp,Sometimes,Severely,"Stress, Depression, Anger",5 (Very High),"Friends, Psychologist",Didn't know how to report,Online Gaming,"Blocked the user, Reported the account, Told Friends / Family",5.0
26-09-2026 21:26,18–22,Female,WhatsApp,3–5 hours,No,Yes,No,Not Applicable,Hate Speech,Instagram,Rarely,Not at all,,1 (Very Low),No,Didn't think it was serious,Social Media Community,Ignored it,1.0
26-09-2026 21:36,18–22,Male,WhatsApp,3–5 hours,Yes,Yes,No,Not Applicable,Threats,Others,Never,Not at all,,1 (Very Low),No,Didn't know how to report,School / College,Took No Action,1.0
26-09-2026 21:46,Below 18,Male,Others,Less than 1 hour,Yes,Yes,No,Not Applicable,Fake Rumors,Others,Often,Moderately,"Anger, Loss of Confidence",4,Friends,Fear,Unknown Stranger,"Ignored it, Blocked the user",4.0
26-09-2026 21:56,18–22,Male,Instagram,More than 5 hours,Yes,Yes,No,Not Applicable,Fake Rumors,Others,Often,Severely,"Stress, Anxiety, Depression",5 (Very High),"Friends, Psychologist",Didn't think it was serious,School / College,"Blocked the user, Reported the account",5.0
26-09-2026 22:05,18–22,Male,"Instagram, WhatsApp",More than 5 hours,Yes,Yes,No,Not Applicable,Other,Facebook,Rarely,Severely,"Stress, Anxiety, Depression, Anger",5 (Very High),Psychologist,Didn't know how to report,Friends Circle,"Reported the account, Told Friends / Family",5.0
26-09-2026 22:15,18–22,Male,"Instagram, WhatsApp",1–3 hours,Yes,Yes,Not Sure,,"Offensive Comments, Body Shaming",WhatsApp,Rarely,Moderately,Stress,3,Friends,Fear,Unknown Stranger,"Blocked the user, Reported the account",3.0
26-09-2026 22:25,23–30,Female,Instagram,1–3 hours,Yes,Yes,No,Not Applicable,Hate Speech,Instagram,Rarely,Moderately,"Stress, Depression, Anger",4,"Friends, Family",Lack of Awareness,Workplace,Told Friends / Family,4.0
26-09-2026 22:35,18–22,Male,"WhatsApp, YouTube",3–5 hours,Yes,Yes,No,Not Applicable,Stalking,Others,Often,Severely,"Stress, Anxiety, Depression, Anger, Loss of Confidence",5 (Very High),"Friends, Psychologist",No reason,Unknown Stranger,"Reported the account, Told Friends / Family",5.0
26-09-2026 22:45,18–22,Female,YouTube,More than 5 hours,Yes,No,Yes,Peer pressure,Other,YouTube,Sometimes,Moderately,Anxiety,3,Psychologist,Fear,School / College,Blocked the user,3.0
27-09-2026 08:05,18–22,Female,"Instagram, WhatsApp, YouTube",1–3 hours,No,Yes,No,Not Applicable,Other,Others,Never,Not at all,,1 (Very Low),No,Didn't think it was serious,Family,Took No Action,1.0
27-09-2026 08:14,41–50,Male,"Instagram, WhatsApp, YouTube",More than 5 hours,No,No,No,Not Applicable,,,Never,Not at all,,1 (Very Low),No,Fear,Social Media Community,Ignored it,1.0
27-09-2026 08:24,23–30,Male,Others,More than 5 hours,No,Yes,No,Not Applicable,Threats,YouTube,Rarely,Not at all,,1 (Very Low),No,Didn't know how to report,School / College,Blocked the user,1.0
27-09-2026 08:34,18–22,Male,WhatsApp,1–3 hours,No,No,No,Not Applicable,,,Sometimes,Severely,"Stress, Depression, Loss of Confidence",5 (Very High),"Friends, Family",No reason,Unknown Stranger,"Reported the account, Sought Professional Help",5.0
27-09-2026 08:44,31–40,Male,"Instagram, WhatsApp, YouTube",More than 5 hours,No,No,No,Not Applicable,,,Never,Slightly,Loss of Confidence,2,No,Fear,Unknown Stranger,Blocked the user,2.0
27-09-2026 08:53,23–30,Female,"Instagram, YouTube",1–3 hours,No,Yes,No,Not Applicable,Other,Instagram,Never,Not at all,,1 (Very Low),No,Fear,School / College,Blocked the user,1.0
27-09-2026 09:03,23–30,Male,"Instagram, WhatsApp",3–5 hours,Yes,Yes,No,Not Applicable,"Fake Rumors, Fake Profile",Others,Often,Severely,"Stress, Depression, Loss of Confidence",5 (Very High),"Friends, Family",Lack of Awareness,Unknown Stranger,"Blocked the user, Reported the account, Told Friends / Family",5.0
27-09-2026 09:13,18–22,Male,"Instagram, WhatsApp, YouTube",Less than 1 hour,Yes,Yes,No,Not Applicable,"Fake Rumors, Fake Profile",YouTube,Rarely,Severely,"Stress, Depression, Loss of Confidence",5 (Very High),"Friends, Family",Fear,Social Media Community,"Blocked the user, Reported the account, Told Friends / Family",5.0
27-09-2026 09:23,31–40,Non-binary,"Instagram, WhatsApp, YouTube, Others",3–5 hours,No,No,No,Not Applicable,,,Rarely,Slightly,"Stress, Loss of Confidence",2,Family,Didn't know how to report,Other,"Ignored it, Blocked the user",2.0
27-09-2026 09:33,23–30,Female,"Instagram, WhatsApp, YouTube",1–3 hours,No,Yes,No,Not Applicable,Hate Speech,Others,Sometimes,Slightly,Stress,2,Friends,Didn't think it was serious,School / College,Ignored it,2.0
27-09-2026 09:42,31–40,Male,Facebook,1–3 hours,No,No,No,Not Applicable,,,Sometimes,Not at all,,1 (Very Low),No,Privacy Concerns,Unknown Stranger,Took No Action,1.0
27-09-2026 09:52,18–22,Male,Instagram,Less than 1 hour,Yes,Yes,No,Not Applicable,Body Shaming,Instagram,Sometimes,Moderately,"Stress, Anxiety, Depression",4,Friends,Fear,Online Gaming,"Ignored it, Blocked the user",4.0
27-09-2026 10:02,18–22,Male,"Instagram, WhatsApp",3–5 hours,Yes,Yes,No,Not Applicable,"Offensive Comments, Body Shaming",Others,Very Often,Severely,"Stress, Depression, Loss of Confidence",5 (Very High),"Family, Psychologist",Privacy Concerns,Other,"Reported the account, Told Friends / Family",5.0
27-09-2026 10:12,18–22,Female,WhatsApp,1–3 hours,Yes,No,Yes,Other,"Fake Rumors, Fake Profile",Others,Rarely,Slightly,Loss of Confidence,2,Family,Fear,Unknown Stranger,Blocked the user,2.0
27-09-2026 10:21,31–40,Male,"Instagram, WhatsApp, YouTube",3–5 hours,Yes,Yes,Not Sure,,Threats,WhatsApp,Rarely,Moderately,"Stress, Depression, Loss of Confidence",3,Friends,Fear,Workplace,Told Friends / Family,3.0
27-09-2026 10:31,18–22,Male,"Instagram, YouTube",More than 5 hours,Yes,Yes,No,Not Applicable,Body Shaming,Facebook,Often,Severely,"Stress, Depression, Loss of Confidence",5 (Very High),Psychologist,Didn't think it was serious,Online Gaming,"Reported the account, Told Friends / Family",5.0
27-09-2026 10:41,18–22,Female,WhatsApp,1–3 hours,Yes,Yes,No,Not Applicable,Body Shaming,WhatsApp,Sometimes,Moderately,"Stress, Anxiety, Depression",3,"Friends, Family",Privacy Concerns,Other,"Ignored it, Blocked the user",3.0
27-09-2026 10:51,18–22,Male,WhatsApp,3–5 hours,Yes,Yes,No,Not Applicable,Fake Rumors,YouTube,Sometimes,Moderately,Anxiety,3,"Friends, Family",Didn't know how to report,Friends Circle,"Blocked the user, Reported the account",3.0
27-09-2026 11:01,18–22,Female,WhatsApp,1–3 hours,No,Yes,No,Not Applicable,Offensive Comments,Others,Sometimes,Slightly,Anxiety,2,No,Didn't think it was serious,Social Media Community,"Ignored it, Blocked the user",2.0
27-09-2026 11:10,18–22,Male,"WhatsApp, YouTube",1–3 hours,Yes,Yes,No,Not Applicable,"Fake Rumors, Fake Profile",YouTube,Sometimes,Severely,"Stress, Anxiety, Depression, Anger",5 (Very High),"Family, Psychologist",Fear,School / College,"Blocked the user, Reported the account, Told Friends / Family",5.0
27-09-2026 11:20,18–22,Female,"Instagram, WhatsApp, YouTube, Others",1–3 hours,No,No,No,Not Applicable,,,Rarely,Slightly,Stress,2,No,No reason,Unknown Stranger,"Ignored it, Blocked the user",2.0
27-09-2026 11:30,18–22,Male,"Instagram, WhatsApp",1–3 hours,No,Yes,No,Not Applicable,Stalking,Instagram,Never,Slightly,Stress,2,No,Lack of Awareness,Unknown Stranger,Took No Action,2.0
27-09-2026 11:40,23–30,Male,"Instagram, WhatsApp, YouTube",More than 5 hours,No,No,Yes,Self-defense,,,Rarely,Slightly,"Stress, Anxiety",2,No,Fear,Unknown Stranger,Took No Action,2.0
27-09-2026 11:49,23–30,Female,"Instagram, WhatsApp, YouTube",Less than 1 hour,Yes,No,No,Not Applicable,"Offensive Comments, Body Shaming",Instagram,Sometimes,Moderately,"Stress, Depression, Anger",4,"Friends, Family",Didn't know how to report,Online Gaming,"Ignored it, Blocked the user",4.0
27-09-2026 11:59,18–22,Female,"Instagram, WhatsApp, YouTube",1–3 hours,No,No,Yes,Other,,,Sometimes,Slightly,"Stress, Loss of Confidence",2,Friends,Lack of Awareness,Social Media Community,Took No Action,2.0
27-09-2026 12:09,18–22,Female,"Instagram, WhatsApp",1–3 hours,Yes,Yes,No,Not Applicable,Stalking,Instagram,Often,Severely,"Stress, Depression, Loss of Confidence",5 (Very High),"Friends, Family, Teacher",Lack of Awareness,Online Gaming,Told Friends / Family,5.0
27-09-2026 12:19,18–22,Female,"Instagram, WhatsApp, YouTube",3–5 hours,Yes,Yes,No,Not Applicable,Offensive Comments,Instagram,Often,Moderately,"Stress, Depression, Loss of Confidence",4,Friends,Fear,Family,"Reported the account, Told Friends / Family",4.0
27-09-2026 12:29,23–30,Male,"WhatsApp, YouTube",1–3 hours,Yes,Yes,Not Sure,,"Offensive Comments, Body Shaming",WhatsApp,Often,Severely,"Stress, Depression, Anger",5 (Very High),Psychologist,Fear,Family,Told Friends / Family,5.0
27-09-2026 12:38,18–22,Female,"WhatsApp, YouTube",1–3 hours,Yes,Yes,No,Not Applicable,Threats,Instagram,Rarely,Slightly,Stress,2,No,Didn't know how to report,Social Media Community,Ignored it,2.0
27-09-2026 12:48,18–22,Female,"Instagram, WhatsApp",More than 5 hours,No,No,Yes,Other,,,Sometimes,Slightly,"Stress, Anxiety",2,"Friends, Family",Didn't think it was serious,Social Media Community,Blocked the user,2.0
27-09-2026 12:58,18–22,Male,YouTube,1–3 hours,Yes,Yes,No,Not Applicable,"Offensive Comments, Body Shaming",YouTube,Often,Severely,"Stress, Anxiety, Depression",5 (Very High),Psychologist,Didn't think it was serious,Friends Circle,"Reported the account, Told Friends / Family",5.0
27-09-2026 13:08,18–22,Female,WhatsApp,3–5 hours,No,Yes,No,Not Applicable,Body Shaming,YouTube,Sometimes,Slightly,"Stress, Loss of Confidence",2,No,No reason,Workplace,Ignored it,2.0
27-09-2026 13:17,23–30,Male,"Instagram, WhatsApp",1–3 hours,No,Yes,No,Not Applicable,Offensive Comments,YouTube,Never,Not at all,,1 (Very Low),No,Fear,Social Media Community,Ignored it,1.0
27-09-2026 13:27,23–30,Male,Others,More than 5 hours,Yes,No,No,Not Applicable,Other,Facebook,Never,Not at all,,1 (Very Low),No,Didn't think it was serious,Unknown Stranger,Took No Action,1.0
27-09-2026 13:37,23–30,Male,"Instagram, WhatsApp, YouTube",3–5 hours,Yes,Yes,Not Sure,,Fake Profile,Facebook,Never,Not at all,,1 (Very Low),No,Didn't think it was serious,Social Media Community,Blocked the user,1.0
27-09-2026 13:47,23–30,Female,"Instagram, WhatsApp, YouTube, Others",3–5 hours,Yes,No,No,Not Applicable,"Fake Rumors, Fake Profile",Instagram,Never,Slightly,Loss of Confidence,2,Friends,Didn't think it was serious,Workplace,"Ignored it, Blocked the user",2.0
27-09-2026 13:57,18–22,Male,"Instagram, WhatsApp",More than 5 hours,Yes,Yes,No,Not Applicable,Hate Speech,Facebook,Very Often,Severely,"Stress, Depression, Anger",5 (Very High),Psychologist,Didn't think it was serious,School / College,"Reported the account, Told Friends / Family",5.0
27-09-2026 14:06,41–50,Male,Instagram,3–5 hours,No,No,No,Not Applicable,,,Sometimes,Moderately,Anxiety,3,Family,No reason,Other,Told Friends / Family,3.0
27-09-2026 14:16,18–22,Female,Instagram,3–5 hours,Yes,No,No,Not Applicable,Fake Profile,YouTube,Rarely,Severely,"Stress, Depression, Anger",5 (Very High),"Friends, Family",Lack of Awareness,Friends Circle,"Blocked the user, Reported the account, Told Friends / Family",5.0
27-09-2026 14:26,18–22,Female,Instagram,More than 5 hours,Yes,Yes,No,Not Applicable,"Offensive Comments, Body Shaming",Facebook,Sometimes,Slightly,Anxiety,2,Friends,Lack of Awareness,Online Gaming,Blocked the user,2.0
27-09-2026 14:36,23–30,Male,YouTube,Less than 1 hour,Yes,Yes,No,Not Applicable,Stalking,Others,Sometimes,Severely,"Stress, Anxiety, Depression, Anger",5 (Very High),Friends,Privacy Concerns,Online Gaming,"Reported the account, Told Friends / Family",5.0
27-09-2026 14:45,31–40,Female,"Instagram, WhatsApp",1–3 hours,No,Yes,Yes,Peer pressure,Other,Instagram,Never,Not at all,,1 (Very Low),No,Didn't think it was serious,Family,Blocked the user,1.0
27-09-2026 14:55,23–30,Female,"Instagram, YouTube",1–3 hours,No,No,No,Not Applicable,,,Never,Not at all,,1 (Very Low),No,No reason,Other,Took No Action,1.0
27-09-2026 15:05,18–22,Female,YouTube,Less than 1 hour,Yes,Yes,No,Not Applicable,Hate Speech,Facebook,Sometimes,Severely,"Stress, Anxiety, Depression, Anger, Loss of Confidence",5 (Very High),"Friends, Family, Teacher",Didn't think it was serious,Family,"Reported the account, Sought Professional Help",5.0
27-09-2026 15:15,18–22,Prefer not to say,"Instagram, WhatsApp, YouTube",1–3 hours,No,Yes,No,Not Applicable,Offensive Comments,Facebook,Rarely,Slightly,"Stress, Loss of Confidence",2,No,Privacy Concerns,Unknown Stranger,Blocked the user,2.0
27-09-2026 15:25,18–22,Male,"Instagram, WhatsApp, YouTube, Others",3–5 hours,Yes,No,Yes,For fun,"Offensive Comments, Body Shaming",Instagram,Never,Not at all,,1 (Very Low),No,No reason,Online Gaming,Took No Action,1.0
27-09-2026 15:34,23–30,Female,YouTube,1–3 hours,Yes,No,No,Not Applicable,Offensive Comments,Others,Sometimes,Moderately,Depression,3,Family,Privacy Concerns,Social Media Community,Told Friends / Family,3.0
27-09-2026 15:44,18–22,Male,"Instagram, YouTube",Less than 1 hour,No,Yes,No,Not Applicable,Fake Profile,Others,Rarely,Slightly,Stress,2,Family,Fear,Social Media Community,"Ignored it, Blocked the user",2.0
27-09-2026 15:54,18–22,Female,Instagram,3–5 hours,Yes,Yes,No,Not Applicable,Hate Speech,WhatsApp,Often,Moderately,Depression,3,Psychologist,Privacy Concerns,Unknown Stranger,"Reported the account, Told Friends / Family",3.0
27-09-2026 16:04,23–30,Male,YouTube,1–3 hours,Yes,Yes,Yes,I did not realize it was harmful,Fake Rumors,Facebook,Often,Severely,"Stress, Anxiety, Depression",5 (Very High),"Family, Psychologist",Didn't know how to report,Friends Circle,"Blocked the user, Reported the account, Told Friends / Family",5.0
27-09-2026 16:13,18–22,Female,WhatsApp,1–3 hours,No,Yes,Yes,Self-defense,Fake Profile,Facebook,Never,Not at all,,1 (Very Low),No,Didn't think it was serious,Unknown Stranger,Took No Action,1.0
27-09-2026 16:23,18–22,Non-binary,"Instagram, WhatsApp, YouTube",Less than 1 hour,Yes,Yes,No,Not Applicable,Fake Rumors,Others,Often,Moderately,Anxiety,3,Friends,Fear,Social Media Community,"Reported the account, Told Friends / Family",3.0
27-09-2026 16:33,31–40,Male,"Instagram, WhatsApp, YouTube",3–5 hours,Yes,Yes,No,Not Applicable,"Fake Rumors, Fake Profile",WhatsApp,Sometimes,Slightly,Loss of Confidence,2,Friends,Fear,Online Gaming,"Ignored it, Blocked the user",2.0
27-09-2026 16:43,18–22,Prefer not to say,"WhatsApp, YouTube",1–3 hours,No,No,No,Not Applicable,,,Never,Not at all,,1 (Very Low),No,Fear,Unknown Stranger,Took No Action,1.0
27-09-2026 16:53,23–30,Male,"Instagram, WhatsApp",1–3 hours,No,No,No,Not Applicable,,,Rarely,Slightly,Loss of Confidence,2,No,Fear,Unknown Stranger,Ignored it,2.0
27-09-2026 17:02,18–22,Male,Instagram,3–5 hours,No,No,Not Sure,,,,Never,Not at all,,1 (Very Low),No,Fear,Social Media Community,Took No Action,1.0
27-09-2026 17:12,18–22,Female,WhatsApp,3–5 hours,No,Yes,No,Not Applicable,"Offensive Comments, Body Shaming",YouTube,Never,Not at all,,1 (Very Low),No,Lack of Awareness,Other,Blocked the user,1.0
27-09-2026 17:22,18–22,Female,"Instagram, WhatsApp, YouTube",3–5 hours,Yes,Yes,Not Sure,,"Fake Rumors, Fake Profile",Instagram,Very Often,Severely,"Stress, Anxiety, Depression, Anger, Loss of Confidence",5 (Very High),"Friends, Family",Privacy Concerns,Other,Told Friends / Family,5.0
27-09-2026 17:32,23–30,Male,WhatsApp,1–3 hours,No,No,No,Not Applicable,,,Sometimes,Moderately,"Anger, Loss of Confidence",3,Psychologist,Lack of Awareness,Social Media Community,"Reported the account, Told Friends / Family",3.0
27-09-2026 17:41,18–22,Male,"Instagram, WhatsApp, YouTube",1–3 hours,No,No,No,Not Applicable,,,Never,Not at all,,1 (Very Low),No,Lack of Awareness,Unknown Stranger,Ignored it,1.0
27-09-2026 17:51,18–22,Female,"Instagram, WhatsApp, YouTube",3–5 hours,Yes,No,No,Not Applicable,Offensive Comments,WhatsApp,Rarely,Slightly,"Stress, Loss of Confidence",2,Family,Privacy Concerns,School / College,Took No Action,2.0
27-09-2026 18:01,18–22,Female,"Instagram, WhatsApp",More than 5 hours,Yes,Yes,No,Not Applicable,"Fake Rumors, Fake Profile",Others,Sometimes,Slightly,"Stress, Anxiety",2,No,No reason,Friends Circle,Ignored it,2.0
27-09-2026 18:11,23–30,Male,"Instagram, WhatsApp, YouTube, Others",1–3 hours,No,No,No,Not Applicable,,,Never,Not at all,,1 (Very Low),No,Fear,Other,Ignored it,1.0
27-09-2026 18:21,18–22,Male,"Instagram, WhatsApp",1–3 hours,No,Yes,No,Not Applicable,Body Shaming,YouTube,Rarely,Slightly,Loss of Confidence,2,Friends,Lack of Awareness,Online Gaming,Took No Action,2.0
27-09-2026 18:30,18–22,Male,"Instagram, WhatsApp",1–3 hours,No,Yes,No,Not Applicable,Hate Speech,Instagram,Rarely,Moderately,Stress,3,Psychologist,Privacy Concerns,Online Gaming,"Blocked the user, Reported the account",3.0
27-09-2026 18:40,23–30,Female,WhatsApp,1–3 hours,Yes,No,No,Not Applicable,Threats,WhatsApp,Sometimes,Severely,"Stress, Anxiety, Depression, Anger, Loss of Confidence",5 (Very High),Psychologist,Didn't think it was serious,Online Gaming,"Blocked the user, Reported the account",5.0
27-09-2026 18:50,18–22,Female,WhatsApp,1–3 hours,Yes,Yes,No,Not Applicable,Fake Profile,Facebook,Often,Moderately,"Stress, Depression, Loss of Confidence",3,"Friends, Family",Fear,School / College,Blocked the user,3.0
27-09-2026 19:00,18–22,Male,Instagram,More than 5 hours,No,Yes,No,Not Applicable,Fake Rumors,Instagram,Never,Moderately,Stress,3,"Friends, Family",Didn't think it was serious,Workplace,"Ignored it, Blocked the user",3.0
27-09-2026 19:09,18–22,Female,"Instagram, WhatsApp",More than 5 hours,No,No,No,Not Applicable,,,Rarely,Slightly,"Stress, Anxiety",2,"Friends, Family",Lack of Awareness,Social Media Community,Blocked the user,2.0
27-09-2026 19:19,31–40,Male,WhatsApp,1–3 hours,No,Yes,Not Sure,,Offensive Comments,YouTube,Rarely,Slightly,Anxiety,2,No,Lack of Awareness,School / College,Ignored it,2.0
27-09-2026 19:29,23–30,Male,"WhatsApp, YouTube",Less than 1 hour,No,Yes,No,Not Applicable,Other,YouTube,Sometimes,Slightly,Anxiety,2,Family,Privacy Concerns,Unknown Stranger,"Ignored it, Blocked the user",2.0
27-09-2026 19:39,18–22,Female,WhatsApp,3–5 hours,Yes,Yes,No,Not Applicable,Hate Speech,YouTube,Sometimes,Severely,"Stress, Depression, Loss of Confidence",5 (Very High),Psychologist,Lack of Awareness,School / College,"Reported the account, Sought Professional Help",5.0
27-09-2026 19:49,23–30,Female,"Instagram, YouTube",Less than 1 hour,Yes,Yes,No,Not Applicable,Stalking,YouTube,Sometimes,Severely,"Stress, Depression, Anger",5 (Very High),"Friends, Family, Teacher",Fear,Social Media Community,"Blocked the user, Reported the account",5.0
27-09-2026 19:58,18–22,Male,Instagram,3–5 hours,No,Yes,No,Not Applicable,"Fake Rumors, Fake Profile",Others,Never,Not at all,,1 (Very Low),No,Didn't know how to report,Other,Blocked the user,1.0
27-09-2026 20:08,Below 18,Female,WhatsApp,Less than 1 hour,No,No,No,Not Applicable,,,Rarely,Not at all,,1 (Very Low),No,Privacy Concerns,Other,Blocked the user,1.0
27-09-2026 20:18,18–22,Female,"Instagram, WhatsApp, YouTube",1–3 hours,Yes,Yes,No,Not Applicable,Body Shaming,Instagram,Sometimes,Severely,"Stress, Depression, Anger",5 (Very High),Psychologist,Privacy Concerns,School / College,Told Friends / Family,5.0
27-09-2026 20:28,41–50,Female,Instagram,1–3 hours,No,No,No,Not Applicable,,,Rarely,Slightly,"Stress, Anxiety",2,Friends,Didn't think it was serious,Unknown Stranger,Blocked the user,2.0
27-09-2026 20:37,18–22,Male,Instagram,3–5 hours,No,No,No,Not Applicable,,,Never,Not at all,,1 (Very Low),No,Privacy Concerns,Other,Ignored it,1.0
27-09-2026 20:47,18–22,Female,"Instagram, WhatsApp, YouTube",Less than 1 hour,Yes,Yes,Not Sure,,Fake Profile,Others,Very Often,Severely,"Stress, Depression, Anger",5 (Very High),Psychologist,Fear,School / College,"Reported the account, Told Friends / Family",5.0
27-09-2026 20:57,18–22,Female,"Instagram, WhatsApp, YouTube",3–5 hours,No,Yes,No,Not Applicable,Other,Instagram,Rarely,Not at all,,1 (Very Low),No,Didn't know how to report,Workplace,Ignored it,1.0
27-09-2026 21:07,31–40,Female,"Instagram, WhatsApp, YouTube",More than 5 hours,Yes,Yes,No,Not Applicable,Fake Profile,Others,Often,Severely,"Stress, Depression, Anger",5 (Very High),"Friends, Family, Teacher",Lack of Awareness,Unknown Stranger,Told Friends / Family,5.0
27-09-2026 21:17,18–22,Female,"WhatsApp, YouTube",3–5 hours,Yes,Yes,No,Not Applicable,Threats,WhatsApp,Sometimes,Severely,"Stress, Anxiety, Depression",5 (Very High),"Friends, Family, Teacher",No reason,Other,"Reported the account, Sought Professional Help",5.0
27-09-2026 21:26,23–30,Female,Instagram,1–3 hours,Yes,Yes,Yes,I did not realize it was harmful,Body Shaming,Facebook,Rarely,Moderately,Depression,3,Family,Privacy Concerns,Social Media Community,Told Friends / Family,3.0
27-09-2026 21:36,18–22,Female,"Instagram, WhatsApp",1–3 hours,No,No,No,Not Applicable,,,Rarely,Slightly,Stress,2,"Friends, Family",Didn't think it was serious,Other,Ignored it,2.0
27-09-2026 21:46,18–22,Female,"Instagram, WhatsApp, YouTube, Others",3–5 hours,Yes,Yes,No,Not Applicable,Fake Rumors,Others,Often,Severely,"Stress, Anxiety, Depression, Anger, Loss of Confidence",5 (Very High),"Friends, Psychologist",Didn't think it was serious,Family,"Blocked the user, Reported the account",5.0
27-09-2026 21:56,18–22,Female,"Instagram, WhatsApp",1–3 hours,No,No,No,Not Applicable,,,Rarely,Not at all,,1 (Very Low),No,Lack of Awareness,Social Media Community,Ignored it,1.0
27-09-2026 22:05,18–22,Male,"Instagram, YouTube",1–3 hours,No,Yes,No,Not Applicable,Body Shaming,WhatsApp,Rarely,Not at all,,1 (Very Low),No,Fear,Workplace,Blocked the user,1.0
27-09-2026 22:15,18–22,Male,Instagram,1–3 hours,Yes,No,Not Sure,,Body Shaming,Facebook,Sometimes,Moderately,"Anger, Loss of Confidence",3,Friends,No reason,Workplace,"Ignored it, Blocked the user",3.0
27-09-2026 22:25,18–22,Female,Instagram,1–3 hours,No,No,No,Not Applicable,,,Rarely,Not at all,,1 (Very Low),No,Lack of Awareness,Social Media Community,Took No Action,1.0
27-09-2026 22:35,18–22,Male,WhatsApp,1–3 hours,No,Yes,Yes,For fun,Offensive Comments,Others,Rarely,Moderately,Anxiety,3,"Friends, Family",Privacy Concerns,Social Media Community,"Ignored it, Blocked the user",3.0
27-09-2026 22:45,23–30,Male,"Instagram, WhatsApp",1–3 hours,Yes,Yes,No,Not Applicable,Stalking,YouTube,Often,Moderately,Depression,4,"Friends, Family",Didn't think it was serious,Online Gaming,Blocked the user,4.0
28-09-2026 08:05,23–30,Male,Instagram,1–3 hours,No,Yes,Yes,Other,Threats,Facebook,Never,Slightly,"Stress, Loss of Confidence",2,No,Didn't think it was serious,Other,Blocked the user,2.0
28-09-2026 08:14,18–22,Female,"Instagram, YouTube",1–3 hours,Yes,Yes,No,Not Applicable,"Offensive Comments, Body Shaming",Facebook,Rarely,Moderately,"Stress, Depression",3,"Friends, Family",Lack of Awareness,Friends Circle,Blocked the user,3.0
28-09-2026 08:24,18–22,Male,"Instagram, WhatsApp, YouTube",3–5 hours,Yes,Yes,Yes,I was angry,Body Shaming,YouTube,Rarely,Moderately,"Stress, Anxiety",4,No,Privacy Concerns,Unknown Stranger,"Blocked the user, Reported the account",4.0
28-09-2026 08:34,18–22,Female,Others,1–3 hours,Yes,Yes,No,Not Applicable,Threats,Instagram,Sometimes,Severely,"Stress, Depression, Loss of Confidence",5 (Very High),"Family, Psychologist",No reason,Workplace,"Reported the account, Told Friends / Family",5.0
28-09-2026 08:44,23–30,Female,"Instagram, YouTube",1–3 hours,Yes,Yes,No,Not Applicable,"Offensive Comments, Body Shaming",YouTube,Sometimes,Moderately,Depression,4,"Friends, Family",Didn't know how to report,Unknown Stranger,"Reported the account, Told Friends / Family",4.0
28-09-2026 08:53,23–30,Female,"Instagram, WhatsApp, YouTube",More than 5 hours,Yes,Yes,Yes,Other,Threats,Instagram,Sometimes,Moderately,Depression,3,"Friends, Family",Lack of Awareness,Unknown Stranger,"Reported the account, Told Friends / Family",3.0
28-09-2026 09:03,18–22,Female,Instagram,3–5 hours,Yes,No,No,Not Applicable,"Fake Rumors, Fake Profile",Instagram,Never,Moderately,"Stress, Depression, Anger",3,Psychologist,Privacy Concerns,Family,"Ignored it, Blocked the user",3.0
28-09-2026 09:13,23–30,Female,"Instagram, WhatsApp, YouTube",More than 5 hours,Yes,No,No,Not Applicable,Other,Others,Never,Not at all,,1 (Very Low),No,Privacy Concerns,Friends Circle,Ignored it,1.0
28-09-2026 09:23,23–30,Female,"Instagram, WhatsApp, YouTube, Others",3–5 hours,Yes,Yes,Yes,Other,Offensive Comments,Facebook,Never,Moderately,Anxiety,4,"Friends, Family",Fear,Other,"Reported the account, Told Friends / Family",4.0
28-09-2026 09:33,18–22,Female,Others,1–3 hours,No,No,No,Not Applicable,,,Never,Not at all,,1 (Very Low),No,Didn't think it was serious,Unknown Stranger,Took No Action,1.0
28-09-2026 09:42,41–50,Male,Instagram,1–3 hours,Yes,Yes,Not Sure,,Offensive Comments,WhatsApp,Rarely,Severely,"Stress, Anxiety, Depression, Anger, Loss of Confidence",5 (Very High),"Friends, Psychologist",Privacy Concerns,Other,"Reported the account, Told Friends / Family",5.0
28-09-2026 09:52,18–22,Female,"Instagram, YouTube",Less than 1 hour,Yes,Yes,No,Not Applicable,Fake Rumors,Others,Often,Severely,"Stress, Anxiety, Depression, Anger",5 (Very High),"Friends, Psychologist",No reason,Friends Circle,"Blocked the user, Reported the account",5.0
28-09-2026 10:02,18–22,Male,"Instagram, WhatsApp, YouTube, Others",Less than 1 hour,Yes,No,No,Not Applicable,Fake Rumors,Facebook,Sometimes,Slightly,Anxiety,2,Family,Fear,Family,Took No Action,2.0
28-09-2026 10:12,23–30,Female,"Instagram, YouTube",3–5 hours,No,Yes,No,Not Applicable,Other,Facebook,Rarely,Severely,"Stress, Anxiety, Depression",5 (Very High),Psychologist,Lack of Awareness,Online Gaming,"Reported the account, Sought Professional Help",5.0
28-09-2026 10:21,18–22,Male,WhatsApp,1–3 hours,Yes,Yes,No,Not Applicable,Offensive Comments,Instagram,Sometimes,Severely,"Stress, Depression, Anger",5 (Very High),"Friends, Psychologist",No reason,Family,"Reported the account, Sought Professional Help",5.0
28-09-2026 10:31,18–22,Female,YouTube,3–5 hours,Yes,No,No,Not Applicable,Fake Rumors,Instagram,Rarely,Slightly,"Stress, Anxiety",2,"Friends, Family",Didn't know how to report,Unknown Stranger,"Ignored it, Blocked the user",2.0
28-09-2026 10:41,18–22,Male,Others,1–3 hours,Yes,Yes,No,Not Applicable,Body Shaming,Others,Often,Moderately,"Stress, Depression",3,Family,Didn't think it was serious,Online Gaming,"Blocked the user, Reported the account",3.0
28-09-2026 10:51,18–22,Male,Facebook,3–5 hours,Yes,Yes,No,Not Applicable,Offensive Comments,WhatsApp,Sometimes,Severely,"Stress, Depression, Loss of Confidence",5 (Very High),"Friends, Family",No reason,Online Gaming,"Reported the account, Told Friends / Family",5.0
28-09-2026 11:01,18–22,Male,"Instagram, WhatsApp, YouTube, Others",More than 5 hours,Yes,Yes,No,Not Applicable,Fake Rumors,Instagram,Very Often,Severely,"Stress, Depression, Loss of Confidence",5 (Very High),"Friends, Family",Fear,School / College,"Blocked the user, Reported the account",5.0
28-09-2026 11:10,18–22,Male,"Instagram, WhatsApp, YouTube",Less than 1 hour,No,Yes,No,Not Applicable,Fake Profile,Facebook,Never,Not at all,,1 (Very Low),No,Lack of Awareness,Family,Ignored it,1.0
28-09-2026 11:20,41–50,Male,Instagram,1–3 hours,No,Yes,Not Sure,,Threats,WhatsApp,Sometimes,Moderately,Anxiety,3,Family,Fear,Family,"Reported the account, Told Friends / Family",3.0
28-09-2026 11:30,18–22,Male,"Instagram, WhatsApp",3–5 hours,Yes,Yes,No,Not Applicable,Stalking,YouTube,Sometimes,Moderately,Anxiety,3,Family,No reason,School / College,Told Friends / Family,3.0
28-09-2026 11:40,18–22,Female,"Instagram, WhatsApp, YouTube",1–3 hours,Yes,Yes,No,Not Applicable,Fake Profile,WhatsApp,Rarely,Moderately,Anxiety,3,No,Privacy Concerns,Other,Told Friends / Family,3.0
28-09-2026 11:49,18–22,Male,"Instagram, WhatsApp",1–3 hours,Yes,Yes,No,Not Applicable,Body Shaming,Others,Sometimes,Moderately,"Stress, Anxiety, Depression",3,No,Didn't know how to report,Workplace,"Ignored it, Blocked the user",3.0
28-09-2026 11:59,23–30,Male,"Instagram, WhatsApp",Less than 1 hour,Yes,Yes,No,Not Applicable,Fake Rumors,Instagram,Rarely,Slightly,Loss of Confidence,2,Friends,Privacy Concerns,Workplace,Took No Action,2.0
28-09-2026 12:09,18–22,Female,"Instagram, WhatsApp, YouTube",Less than 1 hour,Yes,Yes,No,Not Applicable,Body Shaming,Others,Sometimes,Slightly,Anxiety,2,Family,Fear,Online Gaming,Blocked the user,2.0
28-09-2026 12:19,18–22,Male,"Instagram, WhatsApp, YouTube, Others",3–5 hours,No,Yes,Yes,To respond to the person,Fake Rumors,Others,Never,Not at all,,1 (Very Low),No,Didn't know how to report,Unknown Stranger,Took No Action,1.0
28-09-2026 12:29,23–30,Female,"WhatsApp, YouTube",Less than 1 hour,No,No,No,Not Applicable,,,Rarely,Not at all,,1 (Very Low),No,Didn't think it was serious,Unknown Stranger,Took No Action,1.0
28-09-2026 12:38,23–30,Female,"WhatsApp, YouTube",1–3 hours,No,Yes,No,Not Applicable,"Offensive Comments, Body Shaming",Others,Never,Not at all,,1 (Very Low),No,Fear,Family,Blocked the user,1.0
28-09-2026 12:48,31–40,Male,"Instagram, WhatsApp",3–5 hours,Yes,Yes,No,Not Applicable,Body Shaming,Instagram,Often,Severely,"Stress, Depression, Anger",5 (Very High),"Family, Psychologist",Didn't think it was serious,School / College,Told Friends / Family,5.0
28-09-2026 12:58,18–22,Female,"Instagram, WhatsApp",3–5 hours,Yes,Yes,No,Not Applicable,"Offensive Comments, Body Shaming",Others,Sometimes,Severely,"Stress, Anxiety, Depression, Anger, Loss of Confidence",5 (Very High),Psychologist,Fear,Family,"Blocked the user, Reported the account, Told Friends / Family",5.0
28-09-2026 13:08,18–22,Female,"Instagram, WhatsApp, YouTube",More than 5 hours,No,Yes,No,Not Applicable,Offensive Comments,Facebook,Never,Not at all,,1 (Very Low),No,Didn't know how to report,Other,Blocked the user,1.0
28-09-2026 13:17,23–30,Male,WhatsApp,1–3 hours,Yes,Yes,Yes,To respond to the person,Hate Speech,Others,Often,Moderately,"Stress, Anxiety",3,Friends,Fear,Workplace,Blocked the user,3.0
28-09-2026 13:27,18–22,Prefer not to say,Instagram,3–5 hours,Yes,Yes,No,Not Applicable,"Offensive Comments, Body Shaming",YouTube,Never,Slightly,"Stress, Anxiety",2,Friends,Privacy Concerns,Family,Took No Action,2.0
28-09-2026 13:37,18–22,Male,Instagram,More than 5 hours,No,No,No,Not Applicable,,,Sometimes,Not at all,,1 (Very Low),No,Fear,Unknown Stranger,Blocked the user,1.0
28-09-2026 13:47,18–22,Male,"Instagram, YouTube",1–3 hours,Yes,No,No,Not Applicable,Offensive Comments,WhatsApp,Often,Severely,"Stress, Anxiety, Depression",5 (Very High),"Friends, Family, Teacher",Fear,School / College,"Reported the account, Sought Professional Help",5.0
28-09-2026 13:57,31–40,Male,"Instagram, WhatsApp",More than 5 hours,Yes,No,No,Not Applicable,Stalking,Instagram,Often,Severely,"Stress, Anxiety, Depression, Anger",5 (Very High),"Friends, Family, Teacher",Privacy Concerns,Workplace,"Reported the account, Sought Professional Help",5.0
28-09-2026 14:06,18–22,Male,YouTube,3–5 hours,Yes,Yes,No,Not Applicable,Body Shaming,YouTube,Often,Severely,"Stress, Depression, Loss of Confidence",5 (Very High),"Friends, Psychologist",Didn't know how to report,Unknown Stranger,"Reported the account, Told Friends / Family",5.0
28-09-2026 14:16,31–40,Female,YouTube,3–5 hours,No,Yes,No,Not Applicable,Offensive Comments,WhatsApp,Rarely,Moderately,Stress,3,Psychologist,No reason,Social Media Community,Told Friends / Family,3.0
28-09-2026 14:26,23–30,Male,"Instagram, WhatsApp, YouTube",More than 5 hours,Yes,Yes,Not Sure,,Fake Rumors,WhatsApp,Sometimes,Moderately,"Anger, Loss of Confidence",3,No,Privacy Concerns,Workplace,Blocked the user,3.0
28-09-2026 14:36,23–30,Male,Facebook,More than 5 hours,Yes,Yes,No,Not Applicable,Body Shaming,Others,Never,Moderately,Anxiety,4,"Friends, Family",Didn't think it was serious,School / College,Blocked the user,4.0
28-09-2026 14:45,18–22,Female,"Instagram, WhatsApp",1–3 hours,Yes,Yes,No,Not Applicable,Other,WhatsApp,Often,Severely,"Stress, Anxiety, Depression, Anger, Loss of Confidence",5 (Very High),"Friends, Family",Didn't think it was serious,Family,Told Friends / Family,5.0
28-09-2026 14:55,18–22,Male,"Instagram, WhatsApp",More than 5 hours,Yes,Yes,No,Not Applicable,Fake Rumors,Facebook,Rarely,Severely,"Stress, Depression, Loss of Confidence",5 (Very High),"Family, Psychologist",Didn't know how to report,School / College,Told Friends / Family,5.0
28-09-2026 15:05,23–30,Female,Others,1–3 hours,Yes,Yes,No,Not Applicable,Other,Facebook,Often,Severely,"Stress, Depression, Anger",5 (Very High),"Friends, Family, Teacher",Fear,Workplace,"Reported the account, Sought Professional Help",5.0
28-09-2026 15:15,23–30,Male,YouTube,1–3 hours,Yes,Yes,No,Not Applicable,Body Shaming,YouTube,Rarely,Moderately,"Anger, Loss of Confidence",4,Friends,Didn't know how to report,Friends Circle,Blocked the user,4.0
28-09-2026 15:25,18–22,Male,WhatsApp,3–5 hours,No,Yes,Yes,Peer pressure,"Fake Rumors, Fake Profile",YouTube,Rarely,Moderately,"Stress, Depression, Anger",4,"Friends, Family",Didn't think it was serious,Other,Told Friends / Family,4.0
28-09-2026 15:34,18–22,Male,"Instagram, WhatsApp",3–5 hours,No,No,No,Not Applicable,,,Never,Not at all,,1 (Very Low),No,Lack of Awareness,Social Media Community,Took No Action,1.0
28-09-2026 15:44,18–22,Female,"Instagram, WhatsApp",3–5 hours,Yes,Yes,No,Not Applicable,"Offensive Comments, Body Shaming",Others,Rarely,Slightly,Stress,2,No,No reason,Unknown Stranger,Blocked the user,2.0
28-09-2026 15:54,18–22,Male,"Instagram, WhatsApp, YouTube, Others",3–5 hours,No,Yes,No,Not Applicable,"Fake Rumors, Fake Profile",Instagram,Never,Not at all,,1 (Very Low),No,Lack of Awareness,Workplace,Blocked the user,1.0
28-09-2026 16:04,18–22,Male,"Instagram, WhatsApp, YouTube, Others",1–3 hours,No,Yes,Yes,Other,Threats,WhatsApp,Never,Slightly,"Stress, Anxiety",2,Friends,Didn't think it was serious,Family,"Ignored it, Blocked the user",2.0
28-09-2026 16:13,18–22,Female,WhatsApp,3–5 hours,Yes,Yes,No,Not Applicable,Other,Instagram,Sometimes,Severely,"Stress, Depression, Anger",5 (Very High),Helpline,Didn't think it was serious,Social Media Community,"Reported the account, Told Friends / Family",5.0
28-09-2026 16:23,23–30,Male,"Instagram, WhatsApp",More than 5 hours,No,Yes,No,Not Applicable,Other,Instagram,Sometimes,Moderately,"Stress, Anxiety",4,Family,No reason,Unknown Stranger,"Reported the account, Told Friends / Family",4.0
28-09-2026 16:33,18–22,Male,Instagram,3–5 hours,No,No,No,Not Applicable,,,Never,Slightly,"Stress, Anxiety",2,No,Didn't think it was serious,Unknown Stranger,Ignored it,2.0
28-09-2026 16:43,18–22,Male,"Instagram, WhatsApp",More than 5 hours,Yes,Yes,No,Not Applicable,"Fake Rumors, Fake Profile",YouTube,Sometimes,Slightly,Loss of Confidence,2,No,Fear,Workplace,Ignored it,2.0
28-09-2026 16:53,23–30,Female,"Instagram, WhatsApp, YouTube",3–5 hours,Yes,Yes,No,Not Applicable,Fake Rumors,YouTube,Sometimes,Moderately,"Stress, Depression, Loss of Confidence",3,Family,Didn't think it was serious,School / College,"Reported the account, Told Friends / Family",3.0
28-09-2026 17:02,23–30,Non-binary,Instagram,Less than 1 hour,Yes,Yes,No,Not Applicable,Fake Rumors,WhatsApp,Sometimes,Moderately,"Stress, Depression, Anger",4,Family,Didn't think it was serious,Unknown Stranger,"Reported the account, Told Friends / Family",4.0
28-09-2026 17:12,23–30,Female,"Instagram, WhatsApp, YouTube",3–5 hours,Yes,No,No,Not Applicable,Stalking,Others,Never,Slightly,Loss of Confidence,2,No,Fear,Social Media Community,Took No Action,2.0
28-09-2026 17:22,18–22,Male,"Instagram, WhatsApp",1–3 hours,Yes,Yes,No,Not Applicable,Offensive Comments,Others,Rarely,Severely,"Stress, Depression, Anger",5 (Very High),Psychologist,Privacy Concerns,Friends Circle,"Blocked the user, Reported the account",5.0
28-09-2026 17:32,23–30,Male,"Instagram, WhatsApp, YouTube",Less than 1 hour,No,No,No,Not Applicable,,,Sometimes,Slightly,Loss of Confidence,2,Family,Didn't think it was serious,Other,Ignored it,2.0
28-09-2026 17:41,23–30,Female,WhatsApp,1–3 hours,No,No,No,Not Applicable,,,Sometimes,Slightly,"Stress, Loss of Confidence",2,No,Fear,Unknown Stranger,Took No Action,2.0
28-09-2026 17:51,23–30,Female,"Instagram, WhatsApp",3–5 hours,No,No,No,Not Applicable,,,Sometimes,Moderately,"Stress, Anxiety",4,Family,Privacy Concerns,Other,Blocked the user,4.0
28-09-2026 18:01,18–22,Male,WhatsApp,3–5 hours,Yes,Yes,No,Not Applicable,Fake Rumors,WhatsApp,Rarely,Slightly,Anxiety,2,No,Privacy Concerns,Friends Circle,Blocked the user,2.0
28-09-2026 18:11,18–22,Female,Instagram,Less than 1 hour,Yes,Yes,No,Not Applicable,Hate Speech,Facebook,Sometimes,Moderately,Anxiety,4,No,No reason,Family,"Reported the account, Told Friends / Family",4.0
28-09-2026 18:21,18–22,Male,"Instagram, WhatsApp",1–3 hours,No,Yes,No,Not Applicable,"Offensive Comments, Body Shaming",Facebook,Never,Not at all,,1 (Very Low),No,Didn't know how to report,Workplace,Blocked the user,1.0
28-09-2026 18:30,23–30,Male,"Instagram, WhatsApp, YouTube",Less than 1 hour,No,Yes,Not Sure,,"Fake Rumors, Fake Profile",Others,Sometimes,Severely,"Stress, Depression, Anger",5 (Very High),"Friends, Family",Privacy Concerns,Family,"Reported the account, Told Friends / Family",5.0
28-09-2026 18:40,41–50,Male,"Instagram, YouTube",3–5 hours,No,Yes,No,Not Applicable,Hate Speech,Facebook,Rarely,Severely,"Stress, Anxiety, Depression",5 (Very High),Psychologist,Didn't know how to report,Online Gaming,"Blocked the user, Reported the account",5.0
28-09-2026 18:50,18–22,Male,"Instagram, WhatsApp",3–5 hours,Yes,No,No,Not Applicable,Fake Profile,Others,Very Often,Severely,"Stress, Depression, Loss of Confidence",5 (Very High),"Friends, Family, Teacher",Fear,Social Media Community,"Blocked the user, Reported the account, Told Friends / Family",5.0
28-09-2026 19:00,31–40,Male,"Instagram, WhatsApp",3–5 hours,No,Yes,Yes,I was angry,Hate Speech,Facebook,Never,Not at all,,1 (Very Low),No,Fear,Social Media Community,Ignored it,1.0
28-09-2026 19:09,31–40,Male,"Instagram, WhatsApp",3–5 hours,Yes,Yes,No,Not Applicable,Offensive Comments,Facebook,Very Often,Severely,"Stress, Depression, Loss of Confidence",5 (Very High),"Friends, Family",Fear,School / College,"Reported the account, Told Friends / Family",5.0
28-09-2026 19:19,18–22,Female,"Instagram, WhatsApp, YouTube",1–3 hours,No,Yes,No,Not Applicable,"Offensive Comments, Body Shaming",Facebook,Never,Not at all,,1 (Very Low),No,Didn't think it was serious,School / College,Ignored it,1.0
28-09-2026 19:29,18–22,Female,WhatsApp,1–3 hours,Yes,Yes,Not Sure,,Offensive Comments,YouTube,Very Often,Severely,"Stress, Anxiety, Depression",5 (Very High),Psychologist,Didn't know how to report,School / College,"Blocked the user, Reported the account, Told Friends / Family",5.0
28-09-2026 19:39,Below 18,Male,"WhatsApp, YouTube",3–5 hours,Yes,Yes,No,Not Applicable,Hate Speech,WhatsApp,Sometimes,Moderately,"Stress, Anxiety",4,Friends,No reason,Online Gaming,Told Friends / Family,4.0
28-09-2026 19:49,18–22,Male,"Instagram, WhatsApp, YouTube",1–3 hours,No,Yes,No,Not Applicable,Other,Facebook,Rarely,Moderately,"Stress, Anxiety",3,Friends,Lack of Awareness,Friends Circle,Blocked the user,3.0
28-09-2026 19:58,23–30,Female,YouTube,1–3 hours,No,No,No,Not Applicable,,,Sometimes,Slightly,Loss of Confidence,2,Family,Didn't know how to report,Social Media Community,"Ignored it, Blocked the user",2.0
28-09-2026 20:08,18–22,Male,"Instagram, WhatsApp",Less than 1 hour,No,No,No,Not Applicable,,,Rarely,Slightly,Stress,2,Family,No reason,Social Media Community,Blocked the user,2.0
28-09-2026 20:18,23–30,Male,"Instagram, WhatsApp, YouTube",1–3 hours,No,No,No,Not Applicable,,,Rarely,Slightly,Anxiety,2,No,Fear,Unknown Stranger,Took No Action,2.0
28-09-2026 20:28,18–22,Female,Instagram,3–5 hours,Yes,Yes,No,Not Applicable,Fake Rumors,WhatsApp,Sometimes,Moderately,"Anger, Loss of Confidence",4,Friends,Didn't think it was serious,Friends Circle,"Ignored it, Blocked the user",4.0
28-09-2026 20:37,18–22,Female,"Instagram, WhatsApp",Less than 1 hour,No,Yes,No,Not Applicable,Fake Rumors,WhatsApp,Sometimes,Not at all,,1 (Very Low),No,Didn't know how to report,Unknown Stranger,Took No Action,1.0
28-09-2026 20:47,23–30,Female,"Instagram, WhatsApp, YouTube",1–3 hours,Yes,Yes,No,Not Applicable,"Offensive Comments, Body Shaming",Instagram,Often,Severely,"Stress, Anxiety, Depression, Anger, Loss of Confidence",5 (Very High),"Family, Psychologist",Lack of Awareness,School / College,"Reported the account, Told Friends / Family",5.0
28-09-2026 20:57,18–22,Male,"Instagram, WhatsApp",1–3 hours,Yes,Yes,No,Not Applicable,Offensive Comments,Facebook,Rarely,Moderately,"Stress, Depression",3,Psychologist,No reason,Family,"Ignored it, Blocked the user",3.0
28-09-2026 21:07,18–22,Female,WhatsApp,1–3 hours,Yes,Yes,Not Sure,,Fake Rumors,YouTube,Often,Severely,"Stress, Anxiety, Depression, Anger, Loss of Confidence",5 (Very High),"Friends, Family",Didn't know how to report,Other,"Reported the account, Told Friends / Family",5.0
28-09-2026 21:17,18–22,Male,"Instagram, WhatsApp",Less than 1 hour,Yes,Yes,No,Not Applicable,Offensive Comments,WhatsApp,Rarely,Severely,"Stress, Anxiety, Depression, Anger, Loss of Confidence",5 (Very High),"Family, Psychologist",Lack of Awareness,Family,"Reported the account, Sought Professional Help",5.0
28-09-2026 21:26,18–22,Female,"Instagram, WhatsApp",1–3 hours,No,Yes,No,Not Applicable,"Offensive Comments, Body Shaming",Facebook,Rarely,Not at all,,1 (Very Low),No,Fear,Family,Blocked the user,1.0
28-09-2026 21:36,18–22,Male,"Instagram, WhatsApp",1–3 hours,No,No,No,Not Applicable,,,Never,Not at all,,1 (Very Low),No,Privacy Concerns,Social Media Community,Blocked the user,1.0
28-09-2026 21:46,23–30,Female,WhatsApp,3–5 hours,Yes,No,No,Not Applicable,Threats,Others,Rarely,Not at all,,1 (Very Low),No,Privacy Concerns,Workplace,Blocked the user,1.0
28-09-2026 21:56,23–30,Female,"Instagram, WhatsApp, YouTube",1–3 hours,No,No,No,Not Applicable,,,Never,Not at all,,1 (Very Low),No,Fear,Social Media Community,Ignored it,1.0
28-09-2026 22:05,18–22,Female,"Instagram, YouTube",More than 5 hours,Yes,Yes,No,Not Applicable,Fake Profile,Facebook,Rarely,Severely,"Stress, Anxiety, Depression, Anger, Loss of Confidence",5 (Very High),Psychologist,No reason,Family,"Blocked the user, Reported the account",5.0
28-09-2026 22:15,18–22,Male,"Instagram, WhatsApp, YouTube",1–3 hours,Yes,No,No,Not Applicable,Threats,Instagram,Rarely,Slightly,Loss of Confidence,2,No,Privacy Concerns,Family,"Ignored it, Blocked the user",2.0
28-09-2026 22:25,18–22,Male,WhatsApp,1–3 hours,Yes,Yes,No,Not Applicable,Threats,Facebook,Sometimes,Severely,"Stress, Depression, Anger",5 (Very High),Helpline,No reason,Other,"Blocked the user, Reported the account, Told Friends / Family",5.0
28-09-2026 22:35,18–22,Female,Instagram,1–3 hours,No,No,No,Not Applicable,,,Never,Not at all,,1 (Very Low),No,Didn't think it was serious,Unknown Stranger,Took No Action,1.0
28-09-2026 22:45,18–22,Male,"Instagram, WhatsApp, YouTube",1–3 hours,Yes,Yes,No,Not Applicable,"Fake Rumors, Fake Profile",Facebook,Very Often,Severely,"Stress, Depression, Loss of Confidence",5 (Very High),Psychologist,Lack of Awareness,Friends Circle,"Blocked the user, Reported the account",5.0
29-09-2026 08:05,18–22,Male,"WhatsApp, YouTube",3–5 hours,Yes,Yes,No,Not Applicable,Other,Facebook,Very Often,Severely,"Stress, Anxiety, Depression, Anger, Loss of Confidence",5 (Very High),"Family, Psychologist",Didn't think it was serious,Workplace,"Reported the account, Told Friends / Family",5.0
29-09-2026 08:14,31–40,Male,YouTube,1–3 hours,Yes,Yes,No,Not Applicable,Other,YouTube,Rarely,Severely,"Stress, Anxiety, Depression, Anger",5 (Very High),Psychologist,Didn't think it was serious,School / College,"Blocked the user, Reported the account, Told Friends / Family",5.0
29-09-2026 08:24,18–22,Female,"WhatsApp, YouTube",More than 5 hours,Yes,Yes,No,Not Applicable,Other,WhatsApp,Often,Severely,"Stress, Depression, Loss of Confidence",5 (Very High),"Family, Psychologist",Lack of Awareness,Other,"Blocked the user, Reported the account, Told Friends / Family",5.0
29-09-2026 08:34,18–22,Female,"Instagram, WhatsApp, YouTube",1–3 hours,No,No,No,Not Applicable,,,Rarely,Moderately,"Stress, Anxiety, Depression",3,Psychologist,Didn't think it was serious,Unknown Stranger,Blocked the user,3.0
29-09-2026 08:44,23–30,Female,"Instagram, YouTube",3–5 hours,Yes,Yes,No,Not Applicable,Threats,Instagram,Sometimes,Severely,"Stress, Depression, Anger",5 (Very High),"Friends, Family, Teacher",Fear,Family,Told Friends / Family,5.0
29-09-2026 08:53,18–22,Male,Instagram,More than 5 hours,Yes,No,No,Not Applicable,Hate Speech,Instagram,Rarely,Slightly,Stress,2,"Friends, Family",Didn't think it was serious,Other,Took No Action,2.0
29-09-2026 09:03,18–22,Female,"Instagram, YouTube",1–3 hours,No,Yes,No,Not Applicable,Stalking,YouTube,Sometimes,Slightly,Loss of Confidence,2,No,Didn't think it was serious,Friends Circle,"Ignored it, Blocked the user",2.0
29-09-2026 09:13,18–22,Female,"Instagram, WhatsApp",1–3 hours,Yes,No,No,Not Applicable,Offensive Comments,YouTube,Rarely,Not at all,,1 (Very Low),No,Fear,Family,Took No Action,1.0
29-09-2026 09:23,18–22,Male,"Instagram, WhatsApp, YouTube",1–3 hours,Yes,Yes,No,Not Applicable,"Fake Rumors, Fake Profile",WhatsApp,Sometimes,Severely,"Stress, Anxiety, Depression, Anger",5 (Very High),Friends,Privacy Concerns,Workplace,"Blocked the user, Reported the account, Told Friends / Family",5.0
29-09-2026 09:33,18–22,Non-binary,"Instagram, WhatsApp",1–3 hours,No,No,No,Not Applicable,,,Rarely,Not at all,,1 (Very Low),No,Fear,Unknown Stranger,Ignored it,1.0
29-09-2026 09:42,18–22,Male,"WhatsApp, YouTube",More than 5 hours,Yes,Yes,No,Not Applicable,Other,Instagram,Rarely,Severely,"Stress, Anxiety, Depression",5 (Very High),"Friends, Family",No reason,School / College,"Blocked the user, Reported the account",5.0
29-09-2026 09:52,18–22,Prefer not to say,"Instagram, WhatsApp, YouTube",1–3 hours,Yes,Yes,No,Not Applicable,"Offensive Comments, Body Shaming",Others,Sometimes,Moderately,"Stress, Depression",4,No,Fear,Online Gaming,"Ignored it, Blocked the user",4.0
29-09-2026 10:02,18–22,Female,YouTube,3–5 hours,Yes,Yes,No,Not Applicable,Hate Speech,Others,Rarely,Slightly,Stress,2,Family,Didn't know how to report,Online Gaming,"Ignored it, Blocked the user",2.0
29-09-2026 10:12,31–40,Male,WhatsApp,Less than 1 hour,No,No,No,Not Applicable,,,Rarely,Not at all,,1 (Very Low),No,Privacy Concerns,Other,Blocked the user,1.0
29-09-2026 10:21,31–40,Female,Instagram,More than 5 hours,Yes,Yes,No,Not Applicable,"Fake Rumors, Fake Profile",Others,Sometimes,Severely,"Stress, Depression, Loss of Confidence",5 (Very High),"Friends, Family, Teacher",Didn't think it was serious,Family,"Reported the account, Sought Professional Help",5.0
29-09-2026 10:31,23–30,Male,"Instagram, WhatsApp, YouTube",1–3 hours,Yes,Yes,No,Not Applicable,Other,WhatsApp,Often,Severely,"Stress, Anxiety, Depression",5 (Very High),"Friends, Family, Teacher",No reason,School / College,"Reported the account, Told Friends / Family",5.0
29-09-2026 10:41,18–22,Female,Instagram,Less than 1 hour,Yes,Yes,No,Not Applicable,"Offensive Comments, Body Shaming",WhatsApp,Sometimes,Severely,"Stress, Anxiety, Depression, Anger, Loss of Confidence",5 (Very High),Psychologist,Lack of Awareness,Friends Circle,"Blocked the user, Reported the account",5.0
29-09-2026 10:51,18–22,Male,"Instagram, WhatsApp, YouTube, Others",1–3 hours,No,Yes,No,Not Applicable,Other,Instagram,Never,Not at all,,1 (Very Low),No,Lack of Awareness,Online Gaming,Blocked the user,1.0
29-09-2026 11:01,18–22,Female,"Instagram, WhatsApp",1–3 hours,No,Yes,No,Not Applicable,Fake Rumors,Instagram,Sometimes,Slightly,Stress,2,Friends,Didn't know how to report,Unknown Stranger,Took No Action,2.0
29-09-2026 11:10,23–30,Female,"Instagram, YouTube",1–3 hours,No,No,No,Not Applicable,,,Never,Not at all,,1 (Very Low),No,Privacy Concerns,Other,Blocked the user,1.0
29-09-2026 11:20,18–22,Male,"Instagram, WhatsApp",1–3 hours,No,No,Yes,I did not realize it was harmful,,,Never,Not at all,,1 (Very Low),No,Lack of Awareness,Social Media Community,Blocked the user,1.0
29-09-2026 11:30,18–22,Male,Others,Less than 1 hour,Yes,Yes,Yes,It was a joke,Hate Speech,YouTube,Rarely,Moderately,"Stress, Anxiety",3,"Friends, Family",No reason,School / College,"Ignored it, Blocked the user",3.0
29-09-2026 11:40,18–22,Male,YouTube,1–3 hours,No,No,No,Not Applicable,,,Never,Not at all,,1 (Very Low),No,Privacy Concerns,Other,Took No Action,1.0
29-09-2026 11:49,23–30,Female,"Instagram, WhatsApp, YouTube",1–3 hours,Yes,Yes,No,Not Applicable,Stalking,Facebook,Often,Moderately,"Stress, Depression",3,Psychologist,Didn't know how to report,Social Media Community,Told Friends / Family,3.0
29-09-2026 11:59,18–22,Male,"Instagram, YouTube",1–3 hours,Yes,Yes,No,Not Applicable,"Fake Rumors, Fake Profile",Facebook,Sometimes,Severely,"Stress, Depression, Anger",5 (Very High),"Friends, Family",No reason,Online Gaming,"Blocked the user, Reported the account, Told Friends / Family",5.0
29-09-2026 12:09,31–40,Male,"Instagram, WhatsApp, YouTube",More than 5 hours,Yes,No,No,Not Applicable,Fake Profile,Facebook,Sometimes,Slightly,Loss of Confidence,2,No,No reason,Other,Blocked the user,2.0
29-09-2026 12:19,18–22,Male,WhatsApp,1–3 hours,Yes,Yes,No,Not Applicable,"Offensive Comments, Body Shaming",YouTube,Sometimes,Slightly,Anxiety,2,Family,Lack of Awareness,School / College,"Ignored it, Blocked the user",2.0
29-09-2026 12:29,31–40,Female,WhatsApp,1–3 hours,Yes,Yes,No,Not Applicable,"Offensive Comments, Body Shaming",YouTube,Sometimes,Severely,"Stress, Depression, Anger",5 (Very High),"Friends, Psychologist",Didn't think it was serious,Friends Circle,"Blocked the user, Reported the account, Told Friends / Family",5.0
29-09-2026 12:38,23–30,Female,"Instagram, WhatsApp, YouTube",More than 5 hours,Yes,No,No,Not Applicable,"Offensive Comments, Body Shaming",YouTube,Rarely,Severely,"Stress, Anxiety, Depression, Anger",5 (Very High),Psychologist,Privacy Concerns,School / College,"Blocked the user, Reported the account, Told Friends / Family",5.0
29-09-2026 12:48,41–50,Male,"Instagram, WhatsApp, YouTube, Others",3–5 hours,No,No,No,Not Applicable,,,Rarely,Slightly,"Stress, Anxiety",2,No,Lack of Awareness,Unknown Stranger,Ignored it,2.0
29-09-2026 12:58,18–22,Female,Instagram,1–3 hours,Yes,Yes,No,Not Applicable,Fake Profile,Facebook,Rarely,Severely,"Stress, Depression, Loss of Confidence",5 (Very High),"Friends, Family, Teacher",Privacy Concerns,Workplace,Told Friends / Family,5.0
29-09-2026 13:08,18–22,Male,WhatsApp,3–5 hours,No,No,Not Sure,,,,Never,Not at all,,1 (Very Low),No,Fear,Unknown Stranger,Ignored it,1.0
29-09-2026 13:17,18–22,Prefer not to say,"Instagram, WhatsApp, YouTube",1–3 hours,Yes,No,No,Not Applicable,Offensive Comments,YouTube,Rarely,Slightly,Stress,2,Family,Fear,Friends Circle,Took No Action,2.0
29-09-2026 13:27,18–22,Female,WhatsApp,More than 5 hours,Yes,Yes,No,Not Applicable,Body Shaming,Others,Sometimes,Moderately,"Stress, Anxiety",3,Family,Didn't think it was serious,School / College,Blocked the user,3.0
29-09-2026 13:37,18–22,Female,"Instagram, WhatsApp, YouTube",Less than 1 hour,No,No,No,Not Applicable,,,Never,Not at all,,1 (Very Low),No,Privacy Concerns,Other,Blocked the user,1.0
29-09-2026 13:47,18–22,Male,"Instagram, WhatsApp, YouTube, Others",3–5 hours,Yes,Yes,Yes,I did not realize it was harmful,"Offensive Comments, Body Shaming",Facebook,Never,Not at all,,1 (Very Low),No,Didn't know how to report,Online Gaming,Ignored it,1.0
29-09-2026 13:57,18–22,Male,Instagram,3–5 hours,Yes,Yes,No,Not Applicable,Fake Rumors,Facebook,Sometimes,Moderately,Anxiety,3,"Friends, Family",Lack of Awareness,Workplace,Blocked the user,3.0
29-09-2026 14:06,18–22,Female,"Instagram, WhatsApp, YouTube",3–5 hours,Yes,Yes,No,Not Applicable,Stalking,Facebook,Rarely,Slightly,"Stress, Anxiety",2,Friends,Didn't know how to report,Unknown Stranger,Took No Action,2.0
29-09-2026 14:16,18–22,Male,"Instagram, WhatsApp, YouTube",3–5 hours,No,No,No,Not Applicable,,,Rarely,Not at all,,1 (Very Low),No,Lack of Awareness,Other,Blocked the user,1.0
29-09-2026 14:26,18–22,Male,"Instagram, WhatsApp, YouTube",Less than 1 hour,Yes,Yes,No,Not Applicable,Offensive Comments,Facebook,Never,Moderately,"Anger, Loss of Confidence",4,Family,Didn't think it was serious,Online Gaming,"Blocked the user, Reported the account",4.0
29-09-2026 14:36,23–30,Female,WhatsApp,More than 5 hours,Yes,No,No,Not Applicable,Threats,Facebook,Never,Moderately,"Stress, Depression, Loss of Confidence",3,No,Didn't know how to report,Other,"Blocked the user, Reported the account",3.0
29-09-2026 14:45,23–30,Male,"Instagram, WhatsApp",3–5 hours,Yes,No,No,Not Applicable,Hate Speech,Instagram,Sometimes,Moderately,Stress,3,Friends,Privacy Concerns,Family,"Reported the account, Told Friends / Family",3.0
29-09-2026 14:55,18–22,Male,"Instagram, WhatsApp, YouTube",3–5 hours,Yes,Yes,No,Not Applicable,Fake Profile,WhatsApp,Sometimes,Severely,"Stress, Depression, Anger",5 (Very High),"Friends, Family, Teacher",Didn't know how to report,Unknown Stranger,Told Friends / Family,5.0
29-09-2026 15:05,18–22,Male,"Instagram, WhatsApp",1–3 hours,Yes,Yes,No,Not Applicable,Offensive Comments,Others,Often,Moderately,Anxiety,3,No,Didn't think it was serious,School / College,Told Friends / Family,3.0
29-09-2026 15:15,18–22,Female,"Instagram, WhatsApp, YouTube",1–3 hours,Yes,No,No,Not Applicable,Body Shaming,Instagram,Rarely,Severely,"Stress, Anxiety, Depression",5 (Very High),Psychologist,No reason,Workplace,"Reported the account, Told Friends / Family",5.0
29-09-2026 15:25,18–22,Male,YouTube,3–5 hours,Yes,Yes,No,Not Applicable,Other,Others,Rarely,Severely,"Stress, Depression, Loss of Confidence",5 (Very High),"Friends, Family",Privacy Concerns,Other,"Reported the account, Told Friends / Family",5.0
29-09-2026 15:34,23–30,Female,"Instagram, WhatsApp, YouTube",1–3 hours,Yes,Yes,Not Sure,,"Fake Rumors, Fake Profile",WhatsApp,Rarely,Slightly,Stress,2,No,Fear,Workplace,Took No Action,2.0
29-09-2026 15:44,23–30,Female,Instagram,Less than 1 hour,Yes,Yes,No,Not Applicable,Stalking,WhatsApp,Sometimes,Severely,"Stress, Anxiety, Depression, Anger, Loss of Confidence",5 (Very High),"Friends, Psychologist",Lack of Awareness,Family,"Blocked the user, Reported the account",5.0
29-09-2026 15:54,31–40,Male,"Instagram, WhatsApp, YouTube",1–3 hours,No,Yes,Not Sure,,Fake Rumors,Facebook,Rarely,Slightly,Stress,2,No,Lack of Awareness,Online Gaming,Blocked the user,2.0
29-09-2026 16:04,18–22,Male,Facebook,3–5 hours,Yes,Yes,No,Not Applicable,"Fake Rumors, Fake Profile",YouTube,Rarely,Moderately,Depression,4,Friends,Fear,Other,Told Friends / Family,4.0
29-09-2026 16:13,18–22,Male,"Instagram, WhatsApp, YouTube",Less than 1 hour,Yes,Yes,No,Not Applicable,Other,YouTube,Often,Moderately,"Stress, Depression",3,Friends,Lack of Awareness,Social Media Community,"Ignored it, Blocked the user",3.0
29-09-2026 16:23,18–22,Female,Instagram,More than 5 hours,No,Yes,No,Not Applicable,Fake Profile,Facebook,Sometimes,Slightly,Loss of Confidence,2,No,Fear,Family,Ignored it,2.0
29-09-2026 16:33,18–22,Female,WhatsApp,More than 5 hours,No,No,No,Not Applicable,,,Rarely,Slightly,Anxiety,2,No,Privacy Concerns,Unknown Stranger,Ignored it,2.0
29-09-2026 16:43,18–22,Male,Instagram,1–3 hours,Yes,No,No,Not Applicable,"Offensive Comments, Body Shaming",WhatsApp,Rarely,Moderately,"Stress, Depression",3,Psychologist,Privacy Concerns,Online Gaming,Blocked the user,3.0
29-09-2026 16:53,18–22,Male,WhatsApp,1–3 hours,Yes,Yes,No,Not Applicable,"Offensive Comments, Body Shaming",WhatsApp,Sometimes,Moderately,"Stress, Anxiety",3,No,Lack of Awareness,Unknown Stranger,"Reported the account, Told Friends / Family",3.0
29-09-2026 17:02,18–22,Male,YouTube,1–3 hours,Yes,No,No,Not Applicable,Fake Rumors,YouTube,Sometimes,Severely,"Stress, Depression, Anger",5 (Very High),"Friends, Psychologist",Lack of Awareness,School / College,"Reported the account, Sought Professional Help",5.0
29-09-2026 17:12,31–40,Male,WhatsApp,1–3 hours,Yes,No,Not Sure,,Stalking,WhatsApp,Sometimes,Moderately,"Stress, Anxiety, Depression",3,Family,No reason,Friends Circle,Told Friends / Family,3.0
29-09-2026 17:22,31–40,Female,Others,3–5 hours,Yes,Yes,Yes,It was a joke,Other,Facebook,Often,Moderately,"Stress, Depression",3,"Friends, Family",Didn't think it was serious,Unknown Stranger,Told Friends / Family,3.0
29-09-2026 17:32,18–22,Female,WhatsApp,3–5 hours,No,No,No,Not Applicable,,,Never,Not at all,,1 (Very Low),No,Didn't know how to report,Other,Ignored it,1.0
29-09-2026 17:41,18–22,Male,"Instagram, WhatsApp, YouTube",3–5 hours,No,Yes,No,Not Applicable,Stalking,YouTube,Rarely,Moderately,"Stress, Depression, Loss of Confidence",3,"Friends, Family",Didn't think it was serious,Unknown Stranger,"Reported the account, Told Friends / Family",3.0
29-09-2026 17:51,18–22,Male,"Instagram, WhatsApp, YouTube",More than 5 hours,No,Yes,No,Not Applicable,"Fake Rumors, Fake Profile",Others,Rarely,Slightly,Stress,2,No,Didn't know how to report,Friends Circle,Blocked the user,2.0
29-09-2026 18:01,18–22,Female,Instagram,Less than 1 hour,Yes,Yes,No,Not Applicable,Fake Rumors,Others,Rarely,Slightly,"Stress, Loss of Confidence",2,No,Didn't think it was serious,Online Gaming,Blocked the user,2.0
29-09-2026 18:11,18–22,Male,"Instagram, WhatsApp, YouTube",3–5 hours,Yes,Yes,No,Not Applicable,Stalking,Facebook,Sometimes,Severely,"Stress, Anxiety, Depression, Anger",5 (Very High),"Friends, Family",Privacy Concerns,Social Media Community,"Blocked the user, Reported the account",5.0
29-09-2026 18:21,18–22,Male,YouTube,1–3 hours,Yes,Yes,Yes,I did not realize it was harmful,Threats,YouTube,Often,Severely,"Stress, Depression, Loss of Confidence",5 (Very High),Psychologist,Didn't think it was serious,School / College,"Blocked the user, Reported the account, Told Friends / Family",5.0
29-09-2026 18:30,31–40,Female,"Instagram, WhatsApp, YouTube",3–5 hours,Yes,Yes,No,Not Applicable,Offensive Comments,Facebook,Often,Severely,"Stress, Depression, Loss of Confidence",5 (Very High),"Friends, Psychologist",Didn't know how to report,Other,"Blocked the user, Reported the account",5.0
29-09-2026 18:40,18–22,Male,"Instagram, WhatsApp",More than 5 hours,Yes,Yes,No,Not Applicable,Stalking,Others,Very Often,Severely,"Stress, Depression, Anger",5 (Very High),"Friends, Family",No reason,Friends Circle,"Blocked the user, Reported the account",5.0
29-09-2026 18:50,18–22,Female,Instagram,3–5 hours,No,No,No,Not Applicable,,,Never,Not at all,,1 (Very Low),No,Fear,Social Media Community,Blocked the user,1.0
29-09-2026 19:00,18–22,Female,YouTube,3–5 hours,No,Yes,No,Not Applicable,Fake Profile,YouTube,Never,Slightly,Anxiety,2,No,Lack of Awareness,Friends Circle,Ignored it,2.0
29-09-2026 19:09,18–22,Female,Others,3–5 hours,No,No,Yes,Self-defense,,,Never,Not at all,,1 (Very Low),No,Didn't think it was serious,Other,Ignored it,1.0
29-09-2026 19:19,23–30,Male,YouTube,3–5 hours,Yes,Yes,No,Not Applicable,Offensive Comments,YouTube,Never,Slightly,Loss of Confidence,2,Family,Lack of Awareness,School / College,Ignored it,2.0
29-09-2026 19:29,18–22,Male,"WhatsApp, YouTube",3–5 hours,Yes,No,No,Not Applicable,Hate Speech,WhatsApp,Sometimes,Moderately,"Stress, Depression, Anger",3,Psychologist,No reason,Family,Blocked the user,3.0
29-09-2026 19:39,18–22,Male,"Instagram, WhatsApp",1–3 hours,No,Yes,No,Not Applicable,"Offensive Comments, Body Shaming",Others,Sometimes,Moderately,"Stress, Depression, Anger",3,Family,No reason,Social Media Community,Blocked the user,3.0
29-09-2026 19:49,18–22,Male,"Instagram, WhatsApp",1–3 hours,Yes,Yes,No,Not Applicable,Threats,Facebook,Rarely,Severely,"Stress, Depression, Anger",5 (Very High),"Friends, Psychologist",Fear,Friends Circle,Told Friends / Family,5.0
29-09-2026 19:58,23–30,Female,"Instagram, WhatsApp",More than 5 hours,Yes,No,No,Not Applicable,Offensive Comments,WhatsApp,Rarely,Slightly,"Stress, Anxiety",2,Family,Didn't know how to report,School / College,Blocked the user,2.0
29-09-2026 20:08,23–30,Female,"Instagram, WhatsApp",More than 5 hours,No,No,No,Not Applicable,,,Never,Moderately,"Stress, Anxiety",3,Family,Privacy Concerns,Other,"Ignored it, Blocked the user",3.0
29-09-2026 20:18,18–22,Non-binary,"Instagram, WhatsApp",More than 5 hours,Yes,Yes,Yes,Self-defense,Fake Profile,Instagram,Sometimes,Severely,"Stress, Anxiety, Depression, Anger",5 (Very High),Psychologist,Didn't know how to report,Social Media Community,"Reported the account, Told Friends / Family",5.0
29-09-2026 20:28,18–22,Male,"Instagram, WhatsApp",3–5 hours,Yes,Yes,Yes,Other,Fake Rumors,Instagram,Never,Slightly,"Stress, Anxiety",2,Friends,Fear,Unknown Stranger,Ignored it,2.0
29-09-2026 20:37,23–30,Male,"Instagram, WhatsApp, YouTube",3–5 hours,Yes,Yes,No,Not Applicable,Other,YouTube,Sometimes,Severely,"Stress, Anxiety, Depression",5 (Very High),Psychologist,No reason,Other,"Reported the account, Sought Professional Help",5.0
29-09-2026 20:47,23–30,Male,"WhatsApp, YouTube",3–5 hours,Yes,Yes,No,Not Applicable,Offensive Comments,Facebook,Often,Severely,"Stress, Anxiety, Depression, Anger, Loss of Confidence",5 (Very High),"Friends, Family, Teacher",Lack of Awareness,Online Gaming,"Reported the account, Told Friends / Family",5.0
29-09-2026 20:57,18–22,Male,"Instagram, WhatsApp",Less than 1 hour,Yes,Yes,No,Not Applicable,Body Shaming,Others,Sometimes,Severely,"Stress, Depression, Loss of Confidence",5 (Very High),Friends,No reason,Other,"Reported the account, Sought Professional Help",5.0
29-09-2026 21:07,23–30,Male,"Instagram, WhatsApp, YouTube",More than 5 hours,No,No,No,Not Applicable,,,Sometimes,Slightly,Stress,2,Family,Fear,Unknown Stranger,Took No Action,2.0
29-09-2026 21:17,18–22,Female,Instagram,1–3 hours,Yes,No,No,Not Applicable,Stalking,WhatsApp,Sometimes,Moderately,"Stress, Depression, Anger",4,Friends,Fear,Social Media Community,"Blocked the user, Reported the account",4.0
29-09-2026 21:26,31–40,Male,Instagram,3–5 hours,Yes,Yes,No,Not Applicable,Offensive Comments,Facebook,Rarely,Slightly,"Stress, Loss of Confidence",2,No,Fear,School / College,Took No Action,2.0
29-09-2026 21:36,18–22,Male,"Instagram, WhatsApp, YouTube, Others",Less than 1 hour,No,Yes,No,Not Applicable,"Fake Rumors, Fake Profile",Others,Sometimes,Moderately,Stress,4,"Friends, Family",No reason,School / College,"Reported the account, Told Friends / Family",4.0
29-09-2026 21:46,18–22,Female,Others,3–5 hours,Yes,Yes,No,Not Applicable,"Fake Rumors, Fake Profile",WhatsApp,Rarely,Severely,"Stress, Anxiety, Depression",5 (Very High),Psychologist,No reason,Friends Circle,"Blocked the user, Reported the account, Told Friends / Family",5.0
29-09-2026 21:56,18–22,Female,WhatsApp,3–5 hours,Yes,Yes,No,Not Applicable,Fake Profile,Facebook,Often,Severely,"Stress, Anxiety, Depression",5 (Very High),"Friends, Family",Fear,Online Gaming,Told Friends / Family,5.0
29-09-2026 22:05,23–30,Male,Instagram,1–3 hours,Yes,No,No,Not Applicable,"Offensive Comments, Body Shaming",Instagram,Never,Slightly,"Stress, Anxiety",2,Family,Fear,Family,Took No Action,2.0
29-09-2026 22:15,18–22,Female,"Instagram, WhatsApp, YouTube",Less than 1 hour,No,No,No,Not Applicable,,,Never,Not at all,,1 (Very Low),No,Privacy Concerns,Other,Blocked the user,1.0
29-09-2026 22:25,18–22,Female,"WhatsApp, YouTube",1–3 hours,Yes,No,No,Not Applicable,Fake Rumors,Instagram,Rarely,Slightly,Stress,2,No,Didn't know how to report,Friends Circle,"Ignored it, Blocked the user",2.0
29-09-2026 22:35,18–22,Male,WhatsApp,3–5 hours,No,Yes,Not Sure,,Stalking,YouTube,Rarely,Moderately,"Stress, Anxiety",3,No,Privacy Concerns,School / College,"Ignored it, Blocked the user",3.0
29-09-2026 22:45,23–30,Male,"Instagram, WhatsApp, YouTube, Others",1–3 hours,Yes,Yes,No,Not Applicable,"Offensive Comments, Body Shaming",WhatsApp,Never,Moderately,"Anger, Loss of Confidence",4,Psychologist,Fear,Unknown Stranger,Blocked the user,4.0
30-09-2026 08:05,31–40,Female,Instagram,1–3 hours,Yes,Yes,No,Not Applicable,Body Shaming,Others,Often,Moderately,Anxiety,4,Family,Didn't think it was serious,Family,"Ignored it, Blocked the user",4.0
30-09-2026 08:14,18–22,Male,"Instagram, WhatsApp, YouTube",Less than 1 hour,No,No,No,Not Applicable,,,Rarely,Not at all,,1 (Very Low),No,Privacy Concerns,Unknown Stranger,Blocked the user,1.0
30-09-2026 08:24,41–50,Female,"WhatsApp, YouTube",3–5 hours,Yes,Yes,No,Not Applicable,Threats,Facebook,Sometimes,Severely,"Stress, Depression, Loss of Confidence",5 (Very High),"Friends, Psychologist",No reason,School / College,"Reported the account, Sought Professional Help",5.0
30-09-2026 08:34,18–22,Male,"Instagram, WhatsApp, YouTube",More than 5 hours,Yes,Yes,No,Not Applicable,"Fake Rumors, Fake Profile",YouTube,Sometimes,Slightly,"Stress, Loss of Confidence",2,No,Lack of Awareness,Friends Circle,Ignored it,2.0
30-09-2026 08:44,18–22,Female,"WhatsApp, YouTube",3–5 hours,Yes,No,No,Not Applicable,Threats,WhatsApp,Rarely,Slightly,"Stress, Anxiety",2,No,Didn't think it was serious,Workplace,Blocked the user,2.0
30-09-2026 08:53,18–22,Male,"Instagram, YouTube",More than 5 hours,No,Yes,No,Not Applicable,"Fake Rumors, Fake Profile",Instagram,Never,Slightly,"Stress, Loss of Confidence",2,No,Fear,Friends Circle,"Ignored it, Blocked the user",2.0
30-09-2026 09:03,31–40,Male,"Instagram, WhatsApp",More than 5 hours,Yes,No,No,Not Applicable,"Fake Rumors, Fake Profile",WhatsApp,Sometimes,Not at all,,1 (Very Low),No,Didn't know how to report,Unknown Stranger,Ignored it,1.0
30-09-2026 09:13,18–22,Female,"WhatsApp, YouTube",1–3 hours,No,Yes,Not Sure,,Fake Profile,Facebook,Rarely,Moderately,"Anger, Loss of Confidence",3,Family,Lack of Awareness,Family,Told Friends / Family,3.0
30-09-2026 09:23,23–30,Male,Instagram,1–3 hours,Yes,Yes,No,Not Applicable,Body Shaming,WhatsApp,Often,Severely,"Stress, Anxiety, Depression, Anger",5 (Very High),Psychologist,Lack of Awareness,Workplace,Told Friends / Family,5.0
30-09-2026 09:33,23–30,Male,WhatsApp,Less than 1 hour,Yes,Yes,No,Not Applicable,Fake Profile,Others,Often,Severely,"Stress, Anxiety, Depression, Anger",5 (Very High),"Friends, Family",Privacy Concerns,School / College,"Reported the account, Sought Professional Help",5.0
30-09-2026 09:42,41–50,Female,"Instagram, WhatsApp, YouTube",3–5 hours,Yes,Yes,No,Not Applicable,Hate Speech,Others,Rarely,Moderately,Depression,4,"Friends, Family",Didn't know how to report,Other,"Blocked the user, Reported the account",4.0
30-09-2026 09:52,18–22,Male,"Instagram, YouTube",1–3 hours,Yes,Yes,No,Not Applicable,"Offensive Comments, Body Shaming",YouTube,Rarely,Slightly,Anxiety,2,No,Privacy Concerns,Family,Blocked the user,2.0
30-09-2026 10:02,18–22,Male,Instagram,1–3 hours,Yes,No,No,Not Applicable,Threats,Facebook,Never,Moderately,"Stress, Anxiety",3,No,No reason,Friends Circle,Told Friends / Family,3.0
30-09-2026 10:12,18–22,Male,"Instagram, WhatsApp, YouTube",More than 5 hours,Yes,Yes,No,Not Applicable,Other,Instagram,Very Often,Severely,"Stress, Depression, Anger",5 (Very High),"Friends, Psychologist",Didn't think it was serious,Friends Circle,Told Friends / Family,5.0
30-09-2026 10:21,18–22,Male,"Instagram, WhatsApp",1–3 hours,Yes,No,No,Not Applicable,Hate Speech,WhatsApp,Very Often,Severely,"Stress, Depression, Anger",5 (Very High),"Friends, Family, Teacher",Didn't think it was serious,School / College,"Blocked the user, Reported the account",5.0
30-09-2026 10:31,18–22,Male,"Instagram, WhatsApp, YouTube",1–3 hours,Yes,Yes,No,Not Applicable,Stalking,Others,Very Often,Severely,"Stress, Anxiety, Depression, Anger, Loss of Confidence",5 (Very High),Psychologist,Didn't know how to report,Online Gaming,Told Friends / Family,5.0
30-09-2026 10:41,31–40,Male,"WhatsApp, YouTube",1–3 hours,No,No,No,Not Applicable,,,Never,Not at all,,1 (Very Low),No,Fear,Unknown Stranger,Blocked the user,1.0
30-09-2026 10:51,18–22,Male,"Instagram, WhatsApp, YouTube",More than 5 hours,Yes,Yes,No,Not Applicable,Fake Rumors,Facebook,Sometimes,Slightly,Loss of Confidence,2,No,No reason,Friends Circle,"Ignored it, Blocked the user",2.0
30-09-2026 11:01,23–30,Female,"Instagram, WhatsApp, YouTube",1–3 hours,No,No,No,Not Applicable,,,Never,Not at all,,1 (Very Low),No,Didn't know how to report,Other,Took No Action,1.0
30-09-2026 11:10,23–30,Female,"WhatsApp, YouTube",3–5 hours,Yes,Yes,No,Not Applicable,Fake Rumors,YouTube,Rarely,Slightly,"Stress, Anxiety",2,No,Privacy Concerns,Other,"Ignored it, Blocked the user",2.0
30-09-2026 11:20,41–50,Male,"Instagram, WhatsApp, YouTube",3–5 hours,Yes,Yes,No,Not Applicable,"Offensive Comments, Body Shaming",YouTube,Sometimes,Moderately,Stress,3,Psychologist,Didn't think it was serious,Online Gaming,"Reported the account, Told Friends / Family",3.0
30-09-2026 11:30,23–30,Male,"Instagram, WhatsApp",1–3 hours,Yes,Yes,No,Not Applicable,Other,Instagram,Sometimes,Moderately,"Stress, Depression, Loss of Confidence",3,"Friends, Family",Lack of Awareness,Family,"Reported the account, Told Friends / Family",3.0
30-09-2026 11:40,18–22,Female,WhatsApp,3–5 hours,No,Yes,No,Not Applicable,Stalking,Others,Never,Not at all,,1 (Very Low),No,No reason,Other,Blocked the user,1.0
30-09-2026 11:49,18–22,Female,"Instagram, WhatsApp",3–5 hours,No,Yes,No,Not Applicable,Fake Rumors,Instagram,Rarely,Slightly,Stress,2,Friends,Lack of Awareness,Other,"Ignored it, Blocked the user",2.0
30-09-2026 11:59,Below 18,Male,"Instagram, WhatsApp",1–3 hours,Yes,Yes,No,Not Applicable,Body Shaming,Others,Sometimes,Severely,"Stress, Anxiety, Depression, Anger, Loss of Confidence",5 (Very High),"Friends, Family, Teacher",Didn't know how to report,Social Media Community,"Blocked the user, Reported the account, Told Friends / Family",5.0
30-09-2026 12:09,18–22,Male,"WhatsApp, YouTube",1–3 hours,Yes,Yes,No,Not Applicable,Other,Facebook,Never,Moderately,"Stress, Anxiety, Depression",3,Family,Lack of Awareness,Family,"Blocked the user, Reported the account",3.0
30-09-2026 12:19,18–22,Male,WhatsApp,3–5 hours,Yes,Yes,No,Not Applicable,Hate Speech,Others,Rarely,Moderately,"Stress, Anxiety",3,Friends,Didn't know how to report,Social Media Community,"Reported the account, Told Friends / Family",3.0
30-09-2026 12:29,31–40,Male,"Instagram, WhatsApp, YouTube",1–3 hours,Yes,Yes,No,Not Applicable,Hate Speech,Instagram,Often,Severely,"Stress, Depression, Loss of Confidence",5 (Very High),Psychologist,Didn't think it was serious,Workplace,"Blocked the user, Reported the account",5.0
30-09-2026 12:38,18–22,Male,"Instagram, WhatsApp, YouTube",Less than 1 hour,Yes,Yes,No,Not Applicable,"Fake Rumors, Fake Profile",Instagram,Rarely,Moderately,"Stress, Depression, Anger",4,Family,Didn't know how to report,Other,"Ignored it, Blocked the user",4.0
30-09-2026 12:48,18–22,Male,Facebook,1–3 hours,Yes,No,No,Not Applicable,"Offensive Comments, Body Shaming",YouTube,Sometimes,Slightly,Stress,2,No,Fear,Other,"Ignored it, Blocked the user",2.0
30-09-2026 12:58,18–22,Male,"Instagram, WhatsApp, YouTube",1–3 hours,No,Yes,Yes,I was angry,Offensive Comments,Instagram,Sometimes,Moderately,Anxiety,3,Psychologist,Didn't think it was serious,Family,"Ignored it, Blocked the user",3.0
30-09-2026 13:08,31–40,Male,"Instagram, WhatsApp, YouTube",3–5 hours,Yes,Yes,No,Not Applicable,Hate Speech,WhatsApp,Often,Severely,"Stress, Anxiety, Depression, Anger, Loss of Confidence",5 (Very High),Friends,Privacy Concerns,Friends Circle,Told Friends / Family,5.0
30-09-2026 13:17,18–22,Male,"Instagram, WhatsApp, YouTube",1–3 hours,Yes,Yes,No,Not Applicable,Offensive Comments,Instagram,Rarely,Slightly,"Stress, Loss of Confidence",2,No,Lack of Awareness,Unknown Stranger,Blocked the user,2.0
30-09-2026 13:27,31–40,Female,"Instagram, YouTube",Less than 1 hour,No,Yes,No,Not Applicable,Fake Profile,YouTube,Never,Not at all,,1 (Very Low),No,Didn't know how to report,Unknown Stranger,Ignored it,1.0
30-09-2026 13:37,18–22,Male,"Instagram, WhatsApp, YouTube",Less than 1 hour,Yes,Yes,No,Not Applicable,Body Shaming,Others,Never,Moderately,Stress,4,"Friends, Family",Didn't think it was serious,School / College,Blocked the user,4.0
30-09-2026 13:47,31–40,Female,"Instagram, WhatsApp, YouTube",1–3 hours,Yes,Yes,Yes,I was angry,Other,WhatsApp,Often,Severely,"Stress, Anxiety, Depression, Anger, Loss of Confidence",5 (Very High),"Friends, Family",No reason,Other,"Reported the account, Told Friends / Family",5.0
30-09-2026 13:57,18–22,Female,Instagram,More than 5 hours,Yes,No,Yes,It was a joke,Fake Profile,YouTube,Rarely,Moderately,"Stress, Depression, Loss of Confidence",4,Family,Fear,Other,Blocked the user,4.0
30-09-2026 14:06,23–30,Female,"Instagram, WhatsApp, YouTube",1–3 hours,Yes,Yes,No,Not Applicable,Fake Rumors,Facebook,Often,Severely,"Stress, Depression, Anger",5 (Very High),Psychologist,Privacy Concerns,Unknown Stranger,"Blocked the user, Reported the account, Told Friends / Family",5.0
30-09-2026 14:16,23–30,Male,"Instagram, WhatsApp, YouTube",3–5 hours,No,No,No,Not Applicable,,,Never,Slightly,Anxiety,2,"Friends, Family",No reason,Other,Ignored it,2.0
30-09-2026 14:26,31–40,Female,Instagram,1–3 hours,Yes,Yes,No,Not Applicable,Fake Profile,Facebook,Very Often,Severely,"Stress, Anxiety, Depression, Anger",5 (Very High),Psychologist,Didn't know how to report,Friends Circle,Told Friends / Family,5.0
30-09-2026 14:36,18–22,Female,"WhatsApp, YouTube",3–5 hours,No,No,No,Not Applicable,,,Rarely,Moderately,"Stress, Anxiety, Depression",3,"Friends, Family",Lack of Awareness,Other,"Reported the account, Told Friends / Family",3.0
30-09-2026 14:45,31–40,Female,Instagram,1–3 hours,Yes,Yes,Yes,It was a joke,Body Shaming,Facebook,Sometimes,Slightly,"Stress, Anxiety",2,"Friends, Family",Lack of Awareness,Social Media Community,Took No Action,2.0
30-09-2026 14:55,23–30,Male,Instagram,1–3 hours,Yes,No,No,Not Applicable,Hate Speech,Instagram,Very Often,Severely,"Stress, Anxiety, Depression, Anger",5 (Very High),Helpline,Privacy Concerns,Social Media Community,"Reported the account, Sought Professional Help",5.0
30-09-2026 15:05,23–30,Male,"Instagram, WhatsApp, YouTube",3–5 hours,Yes,Yes,No,Not Applicable,"Fake Rumors, Fake Profile",WhatsApp,Often,Severely,"Stress, Anxiety, Depression, Anger",5 (Very High),"Family, Psychologist",Didn't think it was serious,Online Gaming,Told Friends / Family,5.0
30-09-2026 15:15,18–22,Female,"Instagram, WhatsApp, YouTube",Less than 1 hour,Yes,No,Yes,For fun,Fake Profile,Others,Sometimes,Severely,"Stress, Anxiety, Depression, Anger, Loss of Confidence",5 (Very High),Friends,Lack of Awareness,Friends Circle,"Blocked the user, Reported the account",5.0
30-09-2026 15:25,Below 18,Female,"Instagram, WhatsApp, YouTube",Less than 1 hour,No,No,No,Not Applicable,,,Never,Not at all,,1 (Very Low),No,No reason,Social Media Community,Ignored it,1.0
30-09-2026 15:34,18–22,Female,"Instagram, WhatsApp, YouTube",3–5 hours,Yes,No,Yes,I was angry,"Fake Rumors, Fake Profile",Facebook,Never,Not at all,,1 (Very Low),No,Didn't think it was serious,Other,Ignored it,1.0
30-09-2026 15:44,23–30,Female,"Instagram, WhatsApp, YouTube",3–5 hours,Yes,Yes,Yes,Other,Fake Profile,WhatsApp,Rarely,Moderately,"Stress, Depression, Anger",3,Psychologist,Didn't think it was serious,School / College,"Ignored it, Blocked the user",3.0
30-09-2026 15:54,18–22,Female,YouTube,1–3 hours,No,No,No,Not Applicable,,,Sometimes,Slightly,Stress,2,"Friends, Family",Didn't think it was serious,Other,"Ignored it, Blocked the user",2.0
30-09-2026 16:04,18–22,Male,Instagram,3–5 hours,Yes,Yes,Not Sure,,Threats,Others,Rarely,Moderately,"Stress, Depression",4,Friends,No reason,Workplace,Blocked the user,4.0
30-09-2026 16:13,18–22,Female,WhatsApp,1–3 hours,Yes,Yes,Yes,Peer pressure,Fake Profile,Facebook,Rarely,Slightly,"Stress, Anxiety",2,Friends,Didn't think it was serious,School / College,Ignored it,2.0
30-09-2026 16:23,23–30,Male,YouTube,3–5 hours,Yes,Yes,No,Not Applicable,Stalking,Instagram,Never,Not at all,,1 (Very Low),No,No reason,Friends Circle,Took No Action,1.0
30-09-2026 16:33,18–22,Female,"Instagram, WhatsApp",Less than 1 hour,Yes,No,No,Not Applicable,Body Shaming,Instagram,Never,Slightly,Stress,2,No,Lack of Awareness,Unknown Stranger,Ignored it,2.0
30-09-2026 16:43,18–22,Male,"Instagram, WhatsApp",More than 5 hours,Yes,Yes,Not Sure,,Other,Facebook,Very Often,Severely,"Stress, Depression, Anger",5 (Very High),Psychologist,Didn't know how to report,Friends Circle,"Reported the account, Sought Professional Help",5.0
30-09-2026 16:53,18–22,Male,WhatsApp,3–5 hours,Yes,No,Not Sure,,Threats,Others,Sometimes,Severely,"Stress, Depression, Anger",5 (Very High),Friends,Didn't know how to report,Other,"Reported the account, Sought Professional Help",5.0
30-09-2026 17:02,18–22,Female,WhatsApp,1–3 hours,Yes,Yes,No,Not Applicable,Fake Rumors,Facebook,Sometimes,Moderately,Depression,3,"Friends, Family",No reason,Workplace,"Reported the account, Told Friends / Family",3.0
30-09-2026 17:12,18–22,Female,WhatsApp,More than 5 hours,Yes,Yes,No,Not Applicable,Body Shaming,Instagram,Sometimes,Severely,"Stress, Depression, Anger",5 (Very High),"Friends, Family",Didn't think it was serious,Friends Circle,"Reported the account, Told Friends / Family",5.0
30-09-2026 17:22,23–30,Non-binary,WhatsApp,1–3 hours,Yes,Yes,No,Not Applicable,Body Shaming,Others,Never,Not at all,,1 (Very Low),No,Privacy Concerns,Family,Took No Action,1.0
30-09-2026 17:32,18–22,Male,"WhatsApp, YouTube",More than 5 hours,No,No,No,Not Applicable,,,Sometimes,Slightly,Anxiety,2,No,Didn't know how to report,Social Media Community,Blocked the user,2.0
30-09-2026 17:41,18–22,Female,"WhatsApp, YouTube",3–5 hours,No,Yes,No,Not Applicable,Body Shaming,Facebook,Sometimes,Moderately,"Stress, Depression",3,"Friends, Family",Privacy Concerns,Social Media Community,Blocked the user,3.0
30-09-2026 17:51,18–22,Female,Instagram,3–5 hours,No,Yes,No,Not Applicable,Fake Profile,WhatsApp,Rarely,Slightly,Anxiety,2,Friends,Privacy Concerns,Unknown Stranger,Blocked the user,2.0
30-09-2026 18:01,18–22,Female,"Instagram, WhatsApp, YouTube",3–5 hours,Yes,Yes,No,Not Applicable,Offensive Comments,YouTube,Never,Moderately,"Stress, Anxiety, Depression",3,Friends,Didn't think it was serious,Family,Told Friends / Family,3.0
30-09-2026 18:11,Below 18,Male,WhatsApp,3–5 hours,Yes,No,No,Not Applicable,Fake Rumors,YouTube,Sometimes,Moderately,Anxiety,3,Psychologist,Fear,Social Media Community,"Blocked the user, Reported the account",3.0
30-09-2026 18:21,23–30,Female,"Instagram, WhatsApp, YouTube",3–5 hours,No,Yes,No,Not Applicable,Other,WhatsApp,Rarely,Moderately,"Anger, Loss of Confidence",4,"Friends, Family",Didn't think it was serious,Other,Told Friends / Family,4.0
30-09-2026 18:30,18–22,Female,"WhatsApp, YouTube",3–5 hours,Yes,Yes,Yes,Peer pressure,Stalking,YouTube,Never,Moderately,Depression,3,Friends,Fear,Online Gaming,"Blocked the user, Reported the account",3.0
30-09-2026 18:40,18–22,Male,"Instagram, WhatsApp",3–5 hours,Yes,Yes,No,Not Applicable,Fake Rumors,YouTube,Very Often,Severely,"Stress, Anxiety, Depression, Anger",5 (Very High),Friends,Didn't know how to report,Family,"Reported the account, Sought Professional Help",5.0
30-09-2026 18:50,18–22,Female,Others,More than 5 hours,Yes,Yes,No,Not Applicable,"Fake Rumors, Fake Profile",Facebook,Sometimes,Severely,"Stress, Depression, Loss of Confidence",5 (Very High),"Family, Psychologist",Fear,School / College,"Blocked the user, Reported the account",5.0
30-09-2026 19:00,18–22,Male,"Instagram, WhatsApp",1–3 hours,No,No,No,Not Applicable,,,Never,Not at all,,1 (Very Low),No,Privacy Concerns,Social Media Community,Blocked the user,1.0
30-09-2026 19:09,18–22,Male,Instagram,1–3 hours,Yes,Yes,No,Not Applicable,Offensive Comments,WhatsApp,Rarely,Slightly,Anxiety,2,Family,Fear,Unknown Stranger,Took No Action,2.0
30-09-2026 19:19,23–30,Male,"Instagram, WhatsApp, YouTube",1–3 hours,No,No,Not Sure,,,,Rarely,Not at all,,1 (Very Low),No,Fear,Unknown Stranger,Ignored it,1.0
30-09-2026 19:29,18–22,Female,"Instagram, WhatsApp, YouTube",3–5 hours,No,Yes,No,Not Applicable,Fake Rumors,WhatsApp,Never,Severely,"Stress, Depression, Anger",5 (Very High),"Friends, Family",No reason,Social Media Community,"Blocked the user, Reported the account",5.0
30-09-2026 19:39,18–22,Non-binary,"Instagram, WhatsApp",1–3 hours,Yes,No,No,Not Applicable,"Offensive Comments, Body Shaming",YouTube,Never,Not at all,,1 (Very Low),No,Fear,Family,Took No Action,1.0
30-09-2026 19:49,23–30,Female,"Instagram, WhatsApp, YouTube",Less than 1 hour,Yes,Yes,Yes,Other,"Offensive Comments, Body Shaming",Instagram,Rarely,Slightly,Loss of Confidence,2,No,Fear,School / College,Ignored it,2.0
30-09-2026 19:58,18–22,Female,WhatsApp,3–5 hours,No,No,No,Not Applicable,,,Rarely,Not at all,,1 (Very Low),No,Privacy Concerns,Social Media Community,Ignored it,1.0
30-09-2026 20:08,18–22,Male,"Instagram, WhatsApp, YouTube",1–3 hours,Yes,Yes,No,Not Applicable,Offensive Comments,Facebook,Often,Moderately,"Stress, Anxiety, Depression",3,No,No reason,Family,"Blocked the user, Reported the account",3.0
30-09-2026 20:18,18–22,Female,"Instagram, WhatsApp, YouTube",3–5 hours,Yes,Yes,No,Not Applicable,Fake Rumors,Others,Rarely,Moderately,Anxiety,3,"Friends, Family",Privacy Concerns,School / College,"Reported the account, Told Friends / Family",3.0
30-09-2026 20:28,31–40,Female,"Instagram, YouTube",1–3 hours,No,Yes,No,Not Applicable,"Fake Rumors, Fake Profile",WhatsApp,Never,Not at all,,1 (Very Low),No,Lack of Awareness,School / College,Ignored it,1.0
30-09-2026 20:37,18–22,Female,Facebook,More than 5 hours,Yes,Yes,No,Not Applicable,Threats,Facebook,Sometimes,Severely,"Stress, Anxiety, Depression, Anger, Loss of Confidence",5 (Very High),"Friends, Family",Privacy Concerns,School / College,"Blocked the user, Reported the account",5.0
30-09-2026 20:47,23–30,Prefer not to say,"WhatsApp, YouTube",1–3 hours,Yes,No,Yes,Other,"Fake Rumors, Fake Profile",Others,Rarely,Moderately,"Stress, Anxiety, Depression",4,"Friends, Family",No reason,Workplace,Told Friends / Family,4.0
30-09-2026 20:57,18–22,Male,"Instagram, YouTube",3–5 hours,Yes,Yes,No,Not Applicable,Threats,Instagram,Rarely,Moderately,"Stress, Depression, Anger",4,Psychologist,Didn't know how to report,Unknown Stranger,"Blocked the user, Reported the account",4.0
30-09-2026 21:07,23–30,Female,Facebook,Less than 1 hour,No,No,No,Not Applicable,,,Never,Not at all,,1 (Very Low),No,Lack of Awareness,Other,Took No Action,1.0
30-09-2026 21:17,18–22,Female,"Instagram, WhatsApp",3–5 hours,Yes,No,No,Not Applicable,Offensive Comments,Instagram,Sometimes,Moderately,"Stress, Depression",4,Friends,Didn't think it was serious,School / College,"Ignored it, Blocked the user",4.0
30-09-2026 21:26,18–22,Female,"WhatsApp, YouTube",More than 5 hours,Yes,Yes,No,Not Applicable,Fake Profile,WhatsApp,Never,Slightly,"Stress, Loss of Confidence",2,No,Didn't think it was serious,Friends Circle,Took No Action,2.0
30-09-2026 21:36,18–22,Female,Facebook,1–3 hours,Yes,Yes,No,Not Applicable,Fake Rumors,Others,Rarely,Slightly,Anxiety,2,Friends,Lack of Awareness,School / College,"Ignored it, Blocked the user",2.0
30-09-2026 21:46,18–22,Female,"Instagram, WhatsApp, YouTube",3–5 hours,No,Yes,No,Not Applicable,Offensive Comments,WhatsApp,Rarely,Slightly,Loss of Confidence,2,No,Privacy Concerns,Family,"Ignored it, Blocked the user",2.0
30-09-2026 21:56,23–30,Male,Instagram,1–3 hours,No,No,No,Not Applicable,,,Rarely,Slightly,"Stress, Anxiety",2,No,Privacy Concerns,Unknown Stranger,Blocked the user,2.0
30-09-2026 22:05,23–30,Female,"Instagram, WhatsApp, YouTube",3–5 hours,Yes,Yes,No,Not Applicable,Other,WhatsApp,Sometimes,Moderately,"Anger, Loss of Confidence",3,Friends,Privacy Concerns,School / College,"Ignored it, Blocked the user",3.0
30-09-2026 22:15,18–22,Female,Instagram,1–3 hours,No,No,No,Not Applicable,,,Never,Not at all,,1 (Very Low),No,No reason,Social Media Community,Ignored it,1.0
30-09-2026 22:25,18–22,Male,Others,1–3 hours,Yes,Yes,No,Not Applicable,Threats,WhatsApp,Rarely,Not at all,,1 (Very Low),No,Privacy Concerns,Family,Ignored it,1.0
30-09-2026 22:35,18–22,Male,"Instagram, YouTube",1–3 hours,No,Yes,No,Not Applicable,"Offensive Comments, Body Shaming",Others,Sometimes,Moderately,"Stress, Anxiety, Depression",4,No,Lack of Awareness,Online Gaming,Blocked the user,4.0
30-09-2026 22:45,18–22,Female,"Instagram, WhatsApp",Less than 1 hour,No,No,No,Not Applicable,,,Never,Not at all,,1 (Very Low),No,Lack of Awareness,Unknown Stranger,Ignored it,1.0
01-10-2026 08:05,18–22,Female,"Instagram, WhatsApp",1–3 hours,No,Yes,Yes,Other,Hate Speech,WhatsApp,Never,Slightly,Anxiety,2,"Friends, Family",No reason,School / College,Ignored it,2.0
01-10-2026 08:14,18–22,Male,"Instagram, WhatsApp",3–5 hours,Yes,Yes,No,Not Applicable,Offensive Comments,Instagram,Often,Severely,"Stress, Anxiety, Depression, Anger",5 (Very High),Friends,Didn't think it was serious,School / College,Told Friends / Family,5.0
01-10-2026 08:24,18–22,Male,"WhatsApp, YouTube",3–5 hours,Yes,No,No,Not Applicable,Other,YouTube,Rarely,Moderately,Anxiety,3,No,No reason,Other,"Blocked the user, Reported the account",3.0
01-10-2026 08:34,18–22,Female,"Instagram, WhatsApp, YouTube",3–5 hours,Yes,Yes,Not Sure,,"Offensive Comments, Body Shaming",Instagram,Sometimes,Moderately,"Stress, Depression, Loss of Confidence",3,Friends,Privacy Concerns,Social Media Community,"Reported the account, Told Friends / Family",3.0
01-10-2026 08:44,31–40,Male,"Instagram, WhatsApp, YouTube",3–5 hours,No,Yes,No,Not Applicable,"Fake Rumors, Fake Profile",Instagram,Never,Not at all,,1 (Very Low),No,Didn't think it was serious,Friends Circle,Took No Action,1.0
01-10-2026 08:53,23–30,Female,"Instagram, WhatsApp",1–3 hours,No,Yes,Not Sure,,"Fake Rumors, Fake Profile",Others,Rarely,Slightly,Anxiety,2,No,No reason,Friends Circle,Blocked the user,2.0
01-10-2026 09:03,18–22,Prefer not to say,WhatsApp,3–5 hours,Yes,No,No,Not Applicable,Offensive Comments,WhatsApp,Never,Not at all,,1 (Very Low),No,Didn't know how to report,Unknown Stranger,Took No Action,1.0
01-10-2026 09:13,23–30,Male,"Instagram, WhatsApp, YouTube",3–5 hours,Yes,Yes,No,Not Applicable,"Offensive Comments, Body Shaming",Facebook,Sometimes,Moderately,"Stress, Depression, Loss of Confidence",3,Friends,Fear,Unknown Stranger,"Reported the account, Told Friends / Family",3.0
01-10-2026 09:23,18–22,Male,"Instagram, WhatsApp",1–3 hours,Yes,No,Yes,I was angry,Hate Speech,Facebook,Rarely,Slightly,Loss of Confidence,2,No,Privacy Concerns,Social Media Community,Blocked the user,2.0
01-10-2026 09:33,18–22,Male,Instagram,3–5 hours,No,Yes,Not Sure,,"Fake Rumors, Fake Profile",Others,Never,Not at all,,1 (Very Low),No,Didn't know how to report,School / College,Ignored it,1.0
01-10-2026 09:42,23–30,Female,"Instagram, WhatsApp",1–3 hours,No,No,No,Not Applicable,,,Never,Not at all,,1 (Very Low),No,Didn't think it was serious,Social Media Community,Blocked the user,1.0
01-10-2026 09:52,23–30,Male,"Instagram, YouTube",More than 5 hours,No,Yes,No,Not Applicable,Fake Profile,YouTube,Rarely,Slightly,"Stress, Anxiety",2,No,Lack of Awareness,Social Media Community,Took No Action,2.0
01-10-2026 10:02,18–22,Female,"Instagram, WhatsApp, YouTube",1–3 hours,Yes,Yes,Yes,I was angry,Body Shaming,YouTube,Rarely,Moderately,"Anger, Loss of Confidence",3,Friends,No reason,Online Gaming,"Ignored it, Blocked the user",3.0
01-10-2026 10:12,31–40,Female,WhatsApp,3–5 hours,No,No,Yes,I was angry,,,Rarely,Not at all,,1 (Very Low),No,Didn't think it was serious,Unknown Stranger,Ignored it,1.0
01-10-2026 10:21,18–22,Male,"Instagram, WhatsApp",More than 5 hours,Yes,Yes,No,Not Applicable,Fake Rumors,WhatsApp,Sometimes,Severely,"Stress, Anxiety, Depression",5 (Very High),"Friends, Family, Teacher",Privacy Concerns,Friends Circle,Told Friends / Family,5.0
01-10-2026 10:31,23–30,Male,YouTube,Less than 1 hour,Yes,Yes,No,Not Applicable,Fake Rumors,WhatsApp,Sometimes,Moderately,Depression,3,Family,No reason,Friends Circle,"Ignored it, Blocked the user",3.0
01-10-2026 10:41,23–30,Male,YouTube,More than 5 hours,No,Yes,Not Sure,,"Fake Rumors, Fake Profile",Facebook,Never,Slightly,Stress,2,No,No reason,Social Media Community,"Ignored it, Blocked the user",2.0
01-10-2026 10:51,23–30,Male,"Instagram, YouTube",1–3 hours,No,Yes,No,Not Applicable,Threats,Others,Never,Not at all,,1 (Very Low),No,Didn't think it was serious,Unknown Stranger,Blocked the user,1.0
01-10-2026 11:01,18–22,Male,"Instagram, WhatsApp",Less than 1 hour,No,No,No,Not Applicable,,,Never,Not at all,,1 (Very Low),No,Didn't think it was serious,Social Media Community,Took No Action,1.0
01-10-2026 11:10,41–50,Male,"Instagram, WhatsApp, YouTube",More than 5 hours,Yes,Yes,No,Not Applicable,Other,YouTube,Often,Severely,"Stress, Anxiety, Depression, Anger, Loss of Confidence",5 (Very High),Psychologist,Didn't know how to report,Family,"Reported the account, Told Friends / Family",5.0
01-10-2026 11:20,18–22,Male,"Instagram, WhatsApp",1–3 hours,No,No,No,Not Applicable,,,Never,Not at all,,1 (Very Low),No,Lack of Awareness,Unknown Stranger,Blocked the user,1.0
01-10-2026 11:30,18–22,Female,Facebook,3–5 hours,Yes,Yes,Yes,I was angry,Fake Rumors,Facebook,Often,Moderately,"Stress, Depression, Loss of Confidence",3,"Friends, Family",Didn't think it was serious,School / College,Blocked the user,3.0
01-10-2026 11:40,18–22,Prefer not to say,"Instagram, WhatsApp",More than 5 hours,Yes,Yes,No,Not Applicable,"Offensive Comments, Body Shaming",YouTube,Sometimes,Severely,"Stress, Anxiety, Depression, Anger",5 (Very High),Helpline,Didn't think it was serious,Family,"Reported the account, Sought Professional Help",5.0
01-10-2026 11:49,23–30,Male,WhatsApp,1–3 hours,Yes,Yes,No,Not Applicable,Fake Profile,Facebook,Often,Severely,"Stress, Anxiety, Depression, Anger",5 (Very High),"Friends, Family",No reason,Family,"Blocked the user, Reported the account",5.0
01-10-2026 11:59,18–22,Female,"Instagram, WhatsApp, YouTube",3–5 hours,Yes,Yes,No,Not Applicable,Other,Facebook,Rarely,Severely,"Stress, Anxiety, Depression, Anger",5 (Very High),"Friends, Family",Didn't think it was serious,Other,"Reported the account, Told Friends / Family",5.0
01-10-2026 12:09,18–22,Female,Instagram,More than 5 hours,Yes,No,No,Not Applicable,Fake Profile,Instagram,Often,Moderately,"Stress, Anxiety, Depression",3,Friends,Didn't think it was serious,Social Media Community,Blocked the user,3.0
01-10-2026 12:19,18–22,Female,"Instagram, WhatsApp, YouTube",Less than 1 hour,Yes,Yes,No,Not Applicable,"Offensive Comments, Body Shaming",Others,Never,Slightly,"Stress, Anxiety",2,Friends,Privacy Concerns,Workplace,Blocked the user,2.0
01-10-2026 12:29,18–22,Male,WhatsApp,3–5 hours,No,No,No,Not Applicable,,,Never,Not at all,,1 (Very Low),No,Privacy Concerns,Social Media Community,Blocked the user,1.0
01-10-2026 12:38,23–30,Female,Facebook,3–5 hours,Yes,No,Yes,Self-defense,Fake Profile,Instagram,Rarely,Slightly,Anxiety,2,Family,Lack of Awareness,Family,Ignored it,2.0
01-10-2026 12:48,18–22,Male,"Instagram, YouTube",Less than 1 hour,Yes,Yes,No,Not Applicable,Hate Speech,Others,Sometimes,Moderately,"Stress, Anxiety",3,Family,Fear,School / College,"Ignored it, Blocked the user",3.0
01-10-2026 12:58,23–30,Male,"Instagram, YouTube",3–5 hours,Yes,Yes,No,Not Applicable,"Offensive Comments, Body Shaming",Instagram,Never,Not at all,,1 (Very Low),No,Didn't think it was serious,Other,Blocked the user,1.0
01-10-2026 13:08,18–22,Male,"Instagram, WhatsApp, YouTube",1–3 hours,No,No,No,Not Applicable,,,Rarely,Not at all,,1 (Very Low),No,Fear,Social Media Community,Took No Action,1.0
01-10-2026 13:17,18–22,Male,"Instagram, WhatsApp, YouTube, Others",3–5 hours,No,No,No,Not Applicable,,,Sometimes,Slightly,Stress,2,No,Lack of Awareness,Social Media Community,Blocked the user,2.0
01-10-2026 13:27,18–22,Male,"Instagram, WhatsApp",More than 5 hours,No,Yes,No,Not Applicable,Hate Speech,Others,Sometimes,Moderately,Depression,3,No,Didn't know how to report,Friends Circle,"Blocked the user, Reported the account",3.0
01-10-2026 13:37,18–22,Female,Instagram,3–5 hours,No,Yes,No,Not Applicable,"Offensive Comments, Body Shaming",Others,Never,Not at all,,1 (Very Low),No,Didn't think it was serious,School / College,Ignored it,1.0
01-10-2026 13:47,18–22,Female,YouTube,1–3 hours,Yes,No,No,Not Applicable,"Fake Rumors, Fake Profile",Others,Rarely,Slightly,"Stress, Anxiety",2,Friends,Fear,Unknown Stranger,"Ignored it, Blocked the user",2.0
01-10-2026 13:57,18–22,Female,"Instagram, WhatsApp, YouTube, Others",Less than 1 hour,Yes,Yes,No,Not Applicable,Offensive Comments,Instagram,Very Often,Severely,"Stress, Depression, Loss of Confidence",5 (Very High),"Family, Psychologist",Didn't think it was serious,Family,Told Friends / Family,5.0
01-10-2026 14:06,18–22,Female,"Instagram, WhatsApp",1–3 hours,No,Yes,No,Not Applicable,Stalking,Instagram,Never,Not at all,,1 (Very Low),No,Lack of Awareness,School / College,Took No Action,1.0
01-10-2026 14:16,31–40,Female,"Instagram, WhatsApp, YouTube",1–3 hours,No,No,No,Not Applicable,,,Rarely,Not at all,,1 (Very Low),No,Lack of Awareness,Unknown Stranger,Ignored it,1.0
01-10-2026 14:26,18–22,Female,"Instagram, WhatsApp",More than 5 hours,Yes,Yes,No,Not Applicable,Offensive Comments,YouTube,Often,Severely,"Stress, Depression, Anger",5 (Very High),Psychologist,Didn't think it was serious,Social Media Community,"Blocked the user, Reported the account",5.0
01-10-2026 14:36,18–22,Female,Facebook,1–3 hours,Yes,Yes,No,Not Applicable,Stalking,YouTube,Often,Severely,"Stress, Anxiety, Depression, Anger, Loss of Confidence",5 (Very High),"Friends, Psychologist",Lack of Awareness,Social Media Community,"Reported the account, Told Friends / Family",5.0
01-10-2026 14:45,18–22,Female,"Instagram, WhatsApp, YouTube",1–3 hours,Yes,Yes,No,Not Applicable,Fake Rumors,YouTube,Sometimes,Moderately,"Anger, Loss of Confidence",3,Friends,Privacy Concerns,Friends Circle,"Blocked the user, Reported the account",3.0
01-10-2026 14:55,18–22,Female,"Instagram, WhatsApp, YouTube",1–3 hours,Yes,Yes,No,Not Applicable,Fake Rumors,WhatsApp,Rarely,Slightly,"Stress, Anxiety",2,No,Didn't know how to report,Online Gaming,Blocked the user,2.0
01-10-2026 15:05,18–22,Male,"Instagram, WhatsApp, YouTube",More than 5 hours,Yes,Yes,No,Not Applicable,Fake Profile,Others,Very Often,Severely,"Stress, Anxiety, Depression, Anger",5 (Very High),"Friends, Family",No reason,School / College,Told Friends / Family,5.0
01-10-2026 15:15,18–22,Male,Others,1–3 hours,Yes,Yes,No,Not Applicable,Other,WhatsApp,Sometimes,Slightly,"Stress, Loss of Confidence",2,No,Didn't think it was serious,Online Gaming,"Ignored it, Blocked the user",2.0
01-10-2026 15:25,23–30,Female,"Instagram, WhatsApp",1–3 hours,Yes,Yes,No,Not Applicable,Fake Profile,WhatsApp,Sometimes,Moderately,"Stress, Anxiety",3,Psychologist,Didn't know how to report,Online Gaming,"Reported the account, Told Friends / Family",3.0
01-10-2026 15:34,18–22,Male,"Instagram, WhatsApp, YouTube",3–5 hours,Yes,Yes,No,Not Applicable,Fake Rumors,YouTube,Rarely,Moderately,Anxiety,3,Friends,Privacy Concerns,Workplace,"Ignored it, Blocked the user",3.0
01-10-2026 15:44,23–30,Male,Instagram,1–3 hours,Yes,Yes,No,Not Applicable,Body Shaming,Others,Sometimes,Severely,"Stress, Depression, Anger",5 (Very High),Psychologist,Didn't think it was serious,Other,"Blocked the user, Reported the account",5.0
01-10-2026 15:54,18–22,Prefer not to say,"Instagram, WhatsApp",1–3 hours,Yes,Yes,Yes,To respond to the person,Other,WhatsApp,Sometimes,Severely,"Stress, Anxiety, Depression, Anger, Loss of Confidence",5 (Very High),"Friends, Psychologist",Privacy Concerns,Friends Circle,"Reported the account, Sought Professional Help",5.0
01-10-2026 16:04,18–22,Male,"Instagram, WhatsApp, YouTube",1–3 hours,Yes,No,No,Not Applicable,"Fake Rumors, Fake Profile",Instagram,Sometimes,Slightly,Loss of Confidence,2,Friends,Privacy Concerns,Friends Circle,Ignored it,2.0
01-10-2026 16:13,31–40,Female,Instagram,3–5 hours,No,Yes,Not Sure,,Threats,Others,Sometimes,Slightly,"Stress, Loss of Confidence",2,Family,No reason,School / College,"Ignored it, Blocked the user",2.0
01-10-2026 16:23,23–30,Male,Instagram,1–3 hours,Yes,No,Not Sure,,Offensive Comments,Facebook,Sometimes,Moderately,Stress,3,Family,Privacy Concerns,School / College,"Blocked the user, Reported the account",3.0
01-10-2026 16:33,18–22,Male,"Instagram, WhatsApp, YouTube",3–5 hours,Yes,Yes,No,Not Applicable,"Fake Rumors, Fake Profile",Facebook,Sometimes,Moderately,Depression,3,No,Privacy Concerns,Social Media Community,Told Friends / Family,3.0
01-10-2026 16:43,18–22,Female,"Instagram, WhatsApp",1–3 hours,Yes,No,No,Not Applicable,Body Shaming,WhatsApp,Sometimes,Slightly,"Stress, Anxiety",2,No,Lack of Awareness,Friends Circle,Blocked the user,2.0
01-10-2026 16:53,23–30,Female,Instagram,3–5 hours,No,No,No,Not Applicable,,,Never,Not at all,,1 (Very Low),No,Privacy Concerns,Unknown Stranger,Blocked the user,1.0
01-10-2026 17:02,23–30,Male,"Instagram, WhatsApp",Less than 1 hour,No,No,No,Not Applicable,,,Never,Not at all,,1 (Very Low),No,Didn't think it was serious,Other,Ignored it,1.0
01-10-2026 17:12,18–22,Female,"Instagram, WhatsApp",1–3 hours,Yes,No,Yes,I was angry,"Offensive Comments, Body Shaming",Instagram,Rarely,Moderately,Anxiety,3,Friends,Privacy Concerns,School / College,Blocked the user,3.0
01-10-2026 17:22,18–22,Female,"WhatsApp, YouTube",3–5 hours,Yes,Yes,No,Not Applicable,Hate Speech,YouTube,Sometimes,Slightly,"Stress, Loss of Confidence",2,No,No reason,Friends Circle,Ignored it,2.0
01-10-2026 17:32,18–22,Female,"Instagram, WhatsApp",More than 5 hours,No,Yes,Yes,Other,Stalking,Facebook,Never,Not at all,,1 (Very Low),No,Lack of Awareness,Friends Circle,Blocked the user,1.0
01-10-2026 17:41,18–22,Prefer not to say,"Instagram, YouTube",More than 5 hours,No,Yes,No,Not Applicable,Body Shaming,Facebook,Never,Severely,"Stress, Depression, Loss of Confidence",5 (Very High),Friends,No reason,Family,"Reported the account, Told Friends / Family",5.0
01-10-2026 17:51,31–40,Male,Instagram,Less than 1 hour,No,Yes,No,Not Applicable,Fake Profile,YouTube,Never,Not at all,,1 (Very Low),No,Fear,Friends Circle,Ignored it,1.0
01-10-2026 18:01,18–22,Male,"Instagram, YouTube",More than 5 hours,Yes,Yes,No,Not Applicable,Body Shaming,YouTube,Rarely,Slightly,Stress,2,No,Didn't know how to report,Social Media Community,"Ignored it, Blocked the user",2.0
01-10-2026 18:11,18–22,Male,Facebook,1–3 hours,No,Yes,Not Sure,,Fake Profile,Instagram,Rarely,Slightly,Loss of Confidence,2,No,Lack of Awareness,Online Gaming,Took No Action,2.0
01-10-2026 18:21,18–22,Male,"Instagram, WhatsApp, YouTube",3–5 hours,No,No,No,Not Applicable,,,Never,Not at all,,1 (Very Low),No,Lack of Awareness,Social Media Community,Took No Action,1.0
01-10-2026 18:30,18–22,Male,"Instagram, WhatsApp, YouTube",3–5 hours,No,No,No,Not Applicable,,,Rarely,Moderately,"Stress, Anxiety",3,No,Fear,Other,"Reported the account, Told Friends / Family",3.0
01-10-2026 18:40,18–22,Prefer not to say,"Instagram, WhatsApp, YouTube",1–3 hours,No,Yes,No,Not Applicable,Body Shaming,Instagram,Sometimes,Moderately,Stress,3,Psychologist,Fear,Social Media Community,Blocked the user,3.0
01-10-2026 18:50,18–22,Female,"Instagram, WhatsApp, YouTube",3–5 hours,Yes,Yes,No,Not Applicable,Offensive Comments,Others,Often,Moderately,"Stress, Anxiety, Depression",3,Friends,Fear,Social Media Community,"Reported the account, Told Friends / Family",3.0
01-10-2026 19:00,18–22,Female,"Instagram, WhatsApp",More than 5 hours,Yes,Yes,No,Not Applicable,Body Shaming,YouTube,Sometimes,Moderately,"Stress, Anxiety",4,"Friends, Family",No reason,Family,Told Friends / Family,4.0
01-10-2026 19:09,18–22,Male,Facebook,1–3 hours,Yes,No,No,Not Applicable,"Fake Rumors, Fake Profile",Others,Sometimes,Moderately,"Stress, Anxiety",4,No,Fear,Social Media Community,Told Friends / Family,4.0
01-10-2026 19:19,31–40,Female,"Instagram, WhatsApp",1–3 hours,Yes,Yes,No,Not Applicable,Body Shaming,YouTube,Never,Moderately,"Stress, Depression, Anger",3,Family,Fear,Family,"Blocked the user, Reported the account",3.0
01-10-2026 19:29,23–30,Male,WhatsApp,3–5 hours,No,No,No,Not Applicable,,,Never,Not at all,,1 (Very Low),No,Lack of Awareness,Social Media Community,Took No Action,1.0
01-10-2026 19:39,18–22,Male,Instagram,3–5 hours,Yes,Yes,No,Not Applicable,"Fake Rumors, Fake Profile",Others,Often,Severely,"Stress, Anxiety, Depression",5 (Very High),"Friends, Family",Didn't think it was serious,Unknown Stranger,"Blocked the user, Reported the account",5.0
01-10-2026 19:49,18–22,Male,"Instagram, YouTube",More than 5 hours,Yes,Yes,Yes,To respond to the person,Stalking,Instagram,Often,Severely,"Stress, Depression, Loss of Confidence",5 (Very High),Psychologist,Didn't know how to report,Unknown Stranger,"Reported the account, Sought Professional Help",5.0
01-10-2026 19:58,18–22,Male,Instagram,1–3 hours,Yes,No,No,Not Applicable,Stalking,Others,Rarely,Slightly,Anxiety,2,No,No reason,Online Gaming,"Ignored it, Blocked the user",2.0
01-10-2026 20:08,23–30,Male,"Instagram, WhatsApp, YouTube, Others",3–5 hours,No,Yes,No,Not Applicable,"Offensive Comments, Body Shaming",Facebook,Rarely,Not at all,,1 (Very Low),No,Didn't know how to report,School / College,Ignored it,1.0
01-10-2026 20:18,18–22,Female,YouTube,3–5 hours,Yes,Yes,Yes,Other,Other,YouTube,Sometimes,Moderately,"Stress, Depression",3,"Friends, Family",Didn't think it was serious,Family,"Blocked the user, Reported the account",3.0
01-10-2026 20:28,18–22,Male,YouTube,3–5 hours,No,Yes,Yes,To respond to the person,Fake Profile,YouTube,Rarely,Slightly,"Stress, Loss of Confidence",2,No,Privacy Concerns,Family,Blocked the user,2.0
01-10-2026 20:37,31–40,Female,Facebook,1–3 hours,No,Yes,No,Not Applicable,Other,Facebook,Rarely,Moderately,"Stress, Depression",3,"Friends, Family",Lack of Awareness,Friends Circle,"Ignored it, Blocked the user",3.0
01-10-2026 20:47,18–22,Female,"Instagram, WhatsApp, YouTube",1–3 hours,Yes,Yes,Yes,For fun,"Offensive Comments, Body Shaming",Others,Never,Moderately,"Anger, Loss of Confidence",4,"Friends, Family",Didn't think it was serious,Workplace,"Reported the account, Told Friends / Family",4.0
01-10-2026 20:57,31–40,Male,"Instagram, WhatsApp",1–3 hours,No,Yes,No,Not Applicable,Stalking,WhatsApp,Never,Not at all,,1 (Very Low),No,Didn't know how to report,Other,Took No Action,1.0
01-10-2026 21:07,18–22,Female,"Instagram, WhatsApp, YouTube",1–3 hours,Yes,Yes,Not Sure,,Fake Profile,WhatsApp,Never,Moderately,"Anger, Loss of Confidence",3,No,Privacy Concerns,Friends Circle,"Reported the account, Told Friends / Family",3.0
01-10-2026 21:17,Below 18,Male,"Instagram, WhatsApp, YouTube, Others",3–5 hours,No,No,Yes,To respond to the person,,,Never,Not at all,,1 (Very Low),No,Didn't know how to report,Unknown Stranger,Took No Action,1.0
01-10-2026 21:26,31–40,Male,"Instagram, WhatsApp",3–5 hours,No,Yes,Not Sure,,Body Shaming,Others,Rarely,Slightly,"Stress, Loss of Confidence",2,No,Didn't know how to report,Friends Circle,Took No Action,2.0
01-10-2026 21:36,23–30,Female,"Instagram, WhatsApp, YouTube",3–5 hours,Yes,Yes,No,Not Applicable,"Offensive Comments, Body Shaming",Others,Rarely,Severely,"Stress, Anxiety, Depression",5 (Very High),"Friends, Psychologist",Privacy Concerns,Online Gaming,"Blocked the user, Reported the account, Told Friends / Family",5.0
01-10-2026 21:46,18–22,Male,"Instagram, WhatsApp, YouTube",More than 5 hours,Yes,Yes,No,Not Applicable,Body Shaming,WhatsApp,Rarely,Slightly,Stress,2,Friends,Privacy Concerns,Other,Blocked the user,2.0
01-10-2026 21:56,18–22,Male,"Instagram, WhatsApp",1–3 hours,Yes,Yes,No,Not Applicable,"Fake Rumors, Fake Profile",YouTube,Often,Severely,"Stress, Anxiety, Depression, Anger, Loss of Confidence",5 (Very High),"Friends, Psychologist",Fear,Family,"Reported the account, Told Friends / Family",5.0
01-10-2026 22:05,23–30,Male,"Instagram, WhatsApp",3–5 hours,No,Yes,No,Not Applicable,Hate Speech,Instagram,Sometimes,Not at all,,1 (Very Low),No,Didn't think it was serious,Social Media Community,Ignored it,1.0
01-10-2026 22:15,18–22,Female,"Instagram, WhatsApp, YouTube, Others",More than 5 hours,No,No,No,Not Applicable,,,Sometimes,Severely,"Stress, Anxiety, Depression, Anger, Loss of Confidence",5 (Very High),"Friends, Psychologist",Lack of Awareness,Social Media Community,Told Friends / Family,5.0
01-10-2026 22:25,18–22,Female,"WhatsApp, YouTube",3–5 hours,Yes,Yes,No,Not Applicable,Hate Speech,WhatsApp,Sometimes,Slightly,"Stress, Anxiety",2,Family,No reason,Workplace,Ignored it,2.0
01-10-2026 22:35,18–22,Male,"WhatsApp, YouTube",More than 5 hours,Yes,No,Yes,Peer pressure,"Fake Rumors, Fake Profile",Facebook,Sometimes,Slightly,Stress,2,"Friends, Family",Privacy Concerns,Workplace,Ignored it,2.0
01-10-2026 22:45,31–40,Female,"Instagram, WhatsApp, YouTube",1–3 hours,No,Yes,Not Sure,,Offensive Comments,WhatsApp,Rarely,Slightly,"Stress, Anxiety",2,"Friends, Family",Fear,Online Gaming,Blocked the user,2.0
02-10-2026 08:05,18–22,Prefer not to say,Instagram,1–3 hours,Yes,No,No,Not Applicable,Hate Speech,Instagram,Never,Slightly,"Stress, Loss of Confidence",2,Family,Lack of Awareness,Social Media Community,Ignored it,2.0
02-10-2026 08:14,18–22,Female,"Instagram, WhatsApp, YouTube",1–3 hours,Yes,Yes,No,Not Applicable,Fake Rumors,YouTube,Never,Not at all,,1 (Very Low),No,Didn't think it was serious,Family,Blocked the user,1.0
02-10-2026 08:24,23–30,Female,Instagram,Less than 1 hour,Yes,Yes,No,Not Applicable,Other,Facebook,Very Often,Severely,"Stress, Anxiety, Depression, Anger, Loss of Confidence",5 (Very High),"Friends, Family",No reason,School / College,Told Friends / Family,5.0
02-10-2026 08:34,18–22,Male,"WhatsApp, YouTube",Less than 1 hour,Yes,Yes,Yes,Self-defense,Other,Others,Very Often,Severely,"Stress, Depression, Anger",5 (Very High),"Friends, Psychologist",No reason,Family,"Reported the account, Sought Professional Help",5.0
02-10-2026 08:44,18–22,Female,WhatsApp,3–5 hours,Yes,Yes,No,Not Applicable,"Offensive Comments, Body Shaming",Facebook,Rarely,Moderately,"Stress, Depression, Anger",3,Friends,Didn't know how to report,Online Gaming,Told Friends / Family,3.0
02-10-2026 08:53,18–22,Prefer not to say,Instagram,3–5 hours,Yes,Yes,Yes,Self-defense,Hate Speech,Facebook,Sometimes,Moderately,"Stress, Anxiety",3,Psychologist,Privacy Concerns,Other,Told Friends / Family,3.0
02-10-2026 09:03,18–22,Male,"WhatsApp, YouTube",3–5 hours,Yes,Yes,No,Not Applicable,Threats,Facebook,Rarely,Slightly,Stress,2,Friends,Fear,Unknown Stranger,"Ignored it, Blocked the user",2.0
02-10-2026 09:13,23–30,Female,"Instagram, WhatsApp, YouTube, Others",More than 5 hours,Yes,Yes,No,Not Applicable,Threats,YouTube,Rarely,Slightly,"Stress, Anxiety",2,No,Lack of Awareness,School / College,"Ignored it, Blocked the user",2.0
02-10-2026 09:23,18–22,Female,"Instagram, WhatsApp, YouTube",1–3 hours,No,No,No,Not Applicable,,,Never,Not at all,,1 (Very Low),No,Didn't think it was serious,Unknown Stranger,Ignored it,1.0
02-10-2026 09:33,18–22,Male,WhatsApp,3–5 hours,Yes,Yes,No,Not Applicable,Threats,WhatsApp,Often,Severely,"Stress, Anxiety, Depression",5 (Very High),"Friends, Family, Teacher",Didn't know how to report,Workplace,Told Friends / Family,5.0
02-10-2026 09:42,18–22,Female,Instagram,1–3 hours,Yes,Yes,No,Not Applicable,Body Shaming,WhatsApp,Sometimes,Moderately,"Stress, Depression, Anger",3,Family,Lack of Awareness,School / College,"Ignored it, Blocked the user",3.0
02-10-2026 09:52,23–30,Female,"Instagram, WhatsApp, YouTube",1–3 hours,Yes,No,No,Not Applicable,"Offensive Comments, Body Shaming",Facebook,Often,Severely,"Stress, Anxiety, Depression, Anger, Loss of Confidence",5 (Very High),Psychologist,Lack of Awareness,Workplace,"Reported the account, Sought Professional Help",5.0
02-10-2026 10:02,23–30,Female,"Instagram, WhatsApp, YouTube, Others",1–3 hours,Yes,Yes,No,Not Applicable,Other,YouTube,Sometimes,Severely,"Stress, Anxiety, Depression, Anger",5 (Very High),Friends,Privacy Concerns,Online Gaming,"Reported the account, Told Friends / Family",5.0
02-10-2026 10:12,23–30,Male,"Instagram, WhatsApp",3–5 hours,No,Yes,No,Not Applicable,Threats,YouTube,Never,Slightly,Stress,2,Friends,Privacy Concerns,Social Media Community,Ignored it,2.0
02-10-2026 10:21,23–30,Female,"Instagram, WhatsApp",3–5 hours,Yes,Yes,No,Not Applicable,Fake Profile,Others,Very Often,Severely,"Stress, Anxiety, Depression",5 (Very High),"Friends, Psychologist",Fear,Workplace,"Reported the account, Told Friends / Family",5.0
02-10-2026 10:31,23–30,Male,"Instagram, WhatsApp, YouTube",1–3 hours,No,Yes,No,Not Applicable,Fake Rumors,YouTube,Never,Moderately,"Stress, Anxiety, Depression",3,No,Didn't know how to report,Workplace,Blocked the user,3.0
02-10-2026 10:41,31–40,Male,Instagram,1–3 hours,Yes,No,Yes,Other,Fake Rumors,Instagram,Sometimes,Moderately,"Stress, Depression",4,"Friends, Family",Didn't know how to report,Friends Circle,"Ignored it, Blocked the user",4.0
02-10-2026 10:51,18–22,Male,"Instagram, WhatsApp",1–3 hours,Yes,No,No,Not Applicable,Threats,YouTube,Sometimes,Slightly,Anxiety,2,Family,Lack of Awareness,Online Gaming,Blocked the user,2.0
02-10-2026 11:01,23–30,Female,"Instagram, WhatsApp, YouTube, Others",1–3 hours,No,Yes,Not Sure,,Other,YouTube,Sometimes,Moderately,Stress,3,Friends,Lack of Awareness,Unknown Stranger,Told Friends / Family,3.0
02-10-2026 11:10,18–22,Male,"Instagram, WhatsApp",1–3 hours,Yes,Yes,Not Sure,,Other,WhatsApp,Never,Moderately,"Anger, Loss of Confidence",3,No,Fear,Friends Circle,"Reported the account, Told Friends / Family",3.0
02-10-2026 11:20,18–22,Female,"Instagram, WhatsApp, YouTube",1–3 hours,Yes,No,No,Not Applicable,Other,Instagram,Often,Severely,"Stress, Anxiety, Depression, Anger, Loss of Confidence",5 (Very High),"Friends, Family, Teacher",Privacy Concerns,Unknown Stranger,"Blocked the user, Reported the account, Told Friends / Family",5.0
02-10-2026 11:30,18–22,Female,Instagram,3–5 hours,Yes,Yes,No,Not Applicable,Fake Rumors,WhatsApp,Sometimes,Moderately,Depression,3,No,Didn't know how to report,Other,"Reported the account, Told Friends / Family",3.0
02-10-2026 11:40,18–22,Female,WhatsApp,1–3 hours,Yes,Yes,No,Not Applicable,"Offensive Comments, Body Shaming",Others,Sometimes,Slightly,Loss of Confidence,2,Family,No reason,Social Media Community,Ignored it,2.0
02-10-2026 11:49,18–22,Male,"Instagram, WhatsApp",1–3 hours,Yes,No,No,Not Applicable,Fake Rumors,Others,Often,Moderately,"Stress, Depression, Anger",3,Psychologist,Privacy Concerns,School / College,"Reported the account, Told Friends / Family",3.0
02-10-2026 11:59,23–30,Female,"Instagram, YouTube",3–5 hours,Yes,No,No,Not Applicable,Body Shaming,Instagram,Often,Severely,"Stress, Depression, Anger",5 (Very High),Psychologist,Privacy Concerns,Online Gaming,"Reported the account, Told Friends / Family",5.0
02-10-2026 12:09,18–22,Female,YouTube,3–5 hours,Yes,Yes,No,Not Applicable,"Offensive Comments, Body Shaming",YouTube,Sometimes,Severely,"Stress, Depression, Anger",5 (Very High),"Friends, Psychologist",No reason,Friends Circle,"Reported the account, Told Friends / Family",5.0
02-10-2026 12:19,31–40,Male,Others,More than 5 hours,Yes,No,No,Not Applicable,Threats,Others,Sometimes,Moderately,"Stress, Depression, Loss of Confidence",3,"Friends, Family",No reason,Friends Circle,Told Friends / Family,3.0
02-10-2026 12:29,18–22,Female,Instagram,1–3 hours,No,No,No,Not Applicable,,,Never,Not at all,,1 (Very Low),No,Fear,Unknown Stranger,Ignored it,1.0
02-10-2026 12:38,18–22,Male,WhatsApp,3–5 hours,No,No,No,Not Applicable,,,Sometimes,Slightly,"Stress, Loss of Confidence",2,"Friends, Family",Fear,Other,Blocked the user,2.0
02-10-2026 12:48,18–22,Female,WhatsApp,1–3 hours,No,Yes,No,Not Applicable,Body Shaming,Others,Sometimes,Slightly,Loss of Confidence,2,Friends,Fear,Friends Circle,Ignored it,2.0
02-10-2026 12:58,18–22,Female,Instagram,3–5 hours,Yes,Yes,No,Not Applicable,"Offensive Comments, Body Shaming",YouTube,Sometimes,Moderately,"Stress, Depression",3,Friends,Didn't think it was serious,Friends Circle,"Reported the account, Told Friends / Family",3.0
02-10-2026 13:08,31–40,Male,Facebook,Less than 1 hour,No,Yes,No,Not Applicable,Fake Rumors,Instagram,Rarely,Slightly,Loss of Confidence,2,No,Lack of Awareness,Social Media Community,Took No Action,2.0
02-10-2026 13:17,18–22,Female,"Instagram, WhatsApp, YouTube",3–5 hours,Yes,Yes,Yes,For fun,Threats,Others,Very Often,Severely,"Stress, Depression, Anger",5 (Very High),Friends,Fear,School / College,"Reported the account, Sought Professional Help",5.0
02-10-2026 13:27,18–22,Male,WhatsApp,3–5 hours,No,No,No,Not Applicable,,,Never,Not at all,,1 (Very Low),No,Privacy Concerns,Unknown Stranger,Took No Action,1.0
02-10-2026 13:37,18–22,Male,WhatsApp,1–3 hours,Yes,Yes,Yes,Peer pressure,Threats,Others,Rarely,Slightly,"Stress, Anxiety",2,"Friends, Family",Privacy Concerns,Online Gaming,Blocked the user,2.0
02-10-2026 13:47,Below 18,Male,WhatsApp,1–3 hours,Yes,Yes,No,Not Applicable,Fake Profile,Instagram,Sometimes,Moderately,Anxiety,3,"Friends, Family",No reason,Friends Circle,Told Friends / Family,3.0
02-10-2026 13:57,23–30,Female,WhatsApp,3–5 hours,Yes,Yes,No,Not Applicable,"Offensive Comments, Body Shaming",YouTube,Sometimes,Moderately,Anxiety,4,Psychologist,Didn't know how to report,Online Gaming,"Blocked the user, Reported the account",4.0
02-10-2026 14:06,18–22,Female,"Instagram, WhatsApp, YouTube",1–3 hours,Yes,Yes,No,Not Applicable,Fake Rumors,YouTube,Rarely,Moderately,Stress,3,Friends,Lack of Awareness,Workplace,"Ignored it, Blocked the user",3.0
02-10-2026 14:16,18–22,Female,"Instagram, WhatsApp, YouTube",1–3 hours,No,Yes,No,Not Applicable,Other,WhatsApp,Sometimes,Slightly,Anxiety,2,Friends,Privacy Concerns,Online Gaming,Took No Action,2.0
02-10-2026 14:26,18–22,Male,"Instagram, WhatsApp, YouTube",3–5 hours,Yes,Yes,No,Not Applicable,Stalking,Facebook,Sometimes,Severely,"Stress, Depression, Anger",5 (Very High),"Friends, Family",Didn't know how to report,Friends Circle,"Reported the account, Sought Professional Help",5.0
02-10-2026 14:36,18–22,Female,"Instagram, WhatsApp",1–3 hours,No,Yes,No,Not Applicable,Stalking,Others,Rarely,Not at all,,1 (Very Low),No,Lack of Awareness,Unknown Stranger,Took No Action,1.0
02-10-2026 14:45,31–40,Male,Facebook,3–5 hours,No,Yes,Not Sure,,"Offensive Comments, Body Shaming",Others,Rarely,Slightly,Loss of Confidence,2,No,No reason,Unknown Stranger,Took No Action,2.0
02-10-2026 14:55,18–22,Female,Facebook,3–5 hours,No,No,No,Not Applicable,,,Sometimes,Moderately,"Stress, Anxiety, Depression",3,"Friends, Family",Fear,Other,Blocked the user,3.0
02-10-2026 15:05,18–22,Female,WhatsApp,3–5 hours,Yes,Yes,No,Not Applicable,Stalking,WhatsApp,Rarely,Slightly,"Stress, Loss of Confidence",2,No,Didn't think it was serious,Workplace,Ignored it,2.0
02-10-2026 15:15,18–22,Male,"WhatsApp, YouTube",3–5 hours,No,Yes,No,Not Applicable,Fake Profile,Facebook,Never,Not at all,,1 (Very Low),No,Lack of Awareness,Other,Ignored it,1.0
02-10-2026 15:25,18–22,Male,"Instagram, WhatsApp, YouTube, Others",More than 5 hours,Yes,Yes,Yes,Peer pressure,Body Shaming,YouTube,Sometimes,Severely,"Stress, Anxiety, Depression, Anger, Loss of Confidence",5 (Very High),Psychologist,Didn't know how to report,Social Media Community,"Blocked the user, Reported the account, Told Friends / Family",5.0
02-10-2026 15:34,18–22,Male,YouTube,More than 5 hours,Yes,No,Yes,It was a joke,Other,YouTube,Sometimes,Slightly,"Stress, Loss of Confidence",2,No,Didn't know how to report,Workplace,Blocked the user,2.0
02-10-2026 15:44,18–22,Female,Instagram,1–3 hours,Yes,Yes,No,Not Applicable,Offensive Comments,Facebook,Often,Severely,"Stress, Anxiety, Depression",5 (Very High),"Friends, Family",Privacy Concerns,Unknown Stranger,Told Friends / Family,5.0
02-10-2026 15:54,31–40,Male,Others,3–5 hours,No,Yes,Yes,Peer pressure,Offensive Comments,Others,Rarely,Slightly,"Stress, Loss of Confidence",2,No,No reason,School / College,Ignored it,2.0
02-10-2026 16:04,18–22,Female,"Instagram, WhatsApp, YouTube",Less than 1 hour,Yes,Yes,No,Not Applicable,Fake Profile,WhatsApp,Never,Not at all,,1 (Very Low),No,Lack of Awareness,Workplace,Blocked the user,1.0
02-10-2026 16:13,18–22,Male,"Instagram, WhatsApp, YouTube",1–3 hours,Yes,Yes,No,Not Applicable,Stalking,YouTube,Very Often,Severely,"Stress, Anxiety, Depression",5 (Very High),"Family, Psychologist",Didn't know how to report,Online Gaming,"Reported the account, Told Friends / Family",5.0
02-10-2026 16:23,18–22,Male,Instagram,1–3 hours,Yes,No,No,Not Applicable,"Offensive Comments, Body Shaming",Facebook,Very Often,Severely,"Stress, Depression, Anger",5 (Very High),Psychologist,Privacy Concerns,Friends Circle,"Reported the account, Told Friends / Family",5.0
02-10-2026 16:33,18–22,Female,"Instagram, WhatsApp",Less than 1 hour,Yes,No,No,Not Applicable,Threats,Others,Sometimes,Slightly,Anxiety,2,No,No reason,Unknown Stranger,Ignored it,2.0
02-10-2026 16:43,23–30,Female,Instagram,3–5 hours,No,No,No,Not Applicable,,,Sometimes,Slightly,"Stress, Anxiety",2,Friends,Lack of Awareness,Unknown Stranger,"Ignored it, Blocked the user",2.0
02-10-2026 16:53,18–22,Female,"Instagram, WhatsApp, YouTube",More than 5 hours,No,No,Not Sure,,,,Rarely,Slightly,Stress,2,Friends,Fear,Unknown Stranger,Took No Action,2.0
02-10-2026 17:02,23–30,Male,"Instagram, WhatsApp",More than 5 hours,Yes,Yes,No,Not Applicable,Other,Facebook,Sometimes,Moderately,"Anger, Loss of Confidence",4,Family,Didn't think it was serious,Unknown Stranger,"Reported the account, Told Friends / Family",4.0
02-10-2026 17:12,18–22,Male,"Instagram, YouTube",More than 5 hours,Yes,No,Yes,It was a joke,Stalking,Instagram,Rarely,Moderately,"Stress, Anxiety",3,"Friends, Family",Fear,School / College,"Reported the account, Told Friends / Family",3.0
02-10-2026 17:22,31–40,Male,"Instagram, WhatsApp",1–3 hours,No,Yes,No,Not Applicable,Stalking,WhatsApp,Rarely,Slightly,Anxiety,2,"Friends, Family",Privacy Concerns,Unknown Stranger,Ignored it,2.0
02-10-2026 17:32,Below 18,Female,Instagram,3–5 hours,No,No,Not Sure,,,,Never,Not at all,,1 (Very Low),No,No reason,Social Media Community,Blocked the user,1.0
02-10-2026 17:41,18–22,Male,Instagram,1–3 hours,No,Yes,No,Not Applicable,Fake Rumors,YouTube,Rarely,Not at all,,1 (Very Low),No,Didn't know how to report,Family,Took No Action,1.0
02-10-2026 17:51,18–22,Male,"WhatsApp, YouTube",More than 5 hours,No,No,Yes,Peer pressure,,,Sometimes,Slightly,Loss of Confidence,2,No,Didn't think it was serious,Other,Blocked the user,2.0
02-10-2026 18:01,23–30,Male,Instagram,1–3 hours,Yes,Yes,No,Not Applicable,Other,WhatsApp,Sometimes,Slightly,Anxiety,2,"Friends, Family",Lack of Awareness,Family,Took No Action,2.0
02-10-2026 18:11,23–30,Female,"Instagram, WhatsApp",3–5 hours,No,Yes,No,Not Applicable,"Fake Rumors, Fake Profile",WhatsApp,Rarely,Slightly,Anxiety,2,No,Didn't know how to report,Online Gaming,Took No Action,2.0
02-10-2026 18:21,18–22,Male,"Instagram, WhatsApp",3–5 hours,No,Yes,No,Not Applicable,Hate Speech,YouTube,Never,Not at all,,1 (Very Low),No,Lack of Awareness,Social Media Community,Ignored it,1.0
02-10-2026 18:30,18–22,Non-binary,Instagram,Less than 1 hour,No,No,No,Not Applicable,,,Never,Not at all,,1 (Very Low),No,Didn't think it was serious,Social Media Community,Took No Action,1.0
02-10-2026 18:40,41–50,Female,"WhatsApp, YouTube",3–5 hours,Yes,Yes,No,Not Applicable,Fake Rumors,YouTube,Often,Severely,"Stress, Depression, Anger",5 (Very High),"Family, Psychologist",Privacy Concerns,Workplace,"Reported the account, Told Friends / Family",5.0
02-10-2026 18:50,23–30,Female,"Instagram, WhatsApp",1–3 hours,No,Yes,No,Not Applicable,Stalking,WhatsApp,Sometimes,Moderately,"Anger, Loss of Confidence",4,Family,No reason,Other,Told Friends / Family,4.0
02-10-2026 19:00,18–22,Male,Instagram,3–5 hours,Yes,Yes,No,Not Applicable,Fake Rumors,YouTube,Rarely,Slightly,Stress,2,Friends,Didn't know how to report,Other,Blocked the user,2.0
02-10-2026 19:09,18–22,Male,"Instagram, WhatsApp",3–5 hours,No,No,No,Not Applicable,,,Never,Not at all,,1 (Very Low),No,Fear,Social Media Community,Blocked the user,1.0
02-10-2026 19:19,18–22,Male,"Instagram, WhatsApp, YouTube",1–3 hours,Yes,Yes,Yes,To respond to the person,Body Shaming,YouTube,Often,Severely,"Stress, Anxiety, Depression, Anger, Loss of Confidence",5 (Very High),Friends,Fear,School / College,"Reported the account, Sought Professional Help",5.0
02-10-2026 19:29,18–22,Male,Instagram,1–3 hours,Yes,No,Yes,It was a joke,"Fake Rumors, Fake Profile",Facebook,Often,Severely,"Stress, Depression, Loss of Confidence",5 (Very High),"Friends, Psychologist",Didn't think it was serious,Other,"Reported the account, Sought Professional Help",5.0
02-10-2026 19:39,23–30,Female,"Instagram, WhatsApp",More than 5 hours,No,No,Not Sure,,,,Rarely,Slightly,Stress,2,No,Lack of Awareness,Unknown Stranger,Took No Action,2.0
02-10-2026 19:49,18–22,Female,"Instagram, WhatsApp",3–5 hours,Yes,Yes,Not Sure,,"Offensive Comments, Body Shaming",Facebook,Never,Moderately,"Stress, Anxiety, Depression",3,Family,Didn't think it was serious,School / College,"Ignored it, Blocked the user",3.0
02-10-2026 19:58,23–30,Male,Instagram,1–3 hours,No,Yes,No,Not Applicable,Stalking,Facebook,Never,Not at all,,1 (Very Low),No,Didn't think it was serious,Social Media Community,Blocked the user,1.0
02-10-2026 20:08,18–22,Female,WhatsApp,More than 5 hours,Yes,No,No,Not Applicable,Hate Speech,WhatsApp,Often,Moderately,"Stress, Anxiety",3,Family,Fear,Friends Circle,"Reported the account, Told Friends / Family",3.0
02-10-2026 20:18,18–22,Male,Instagram,3–5 hours,No,Yes,No,Not Applicable,Fake Profile,WhatsApp,Never,Not at all,,1 (Very Low),No,Privacy Concerns,School / College,Took No Action,1.0
02-10-2026 20:28,18–22,Male,"Instagram, WhatsApp",1–3 hours,No,Yes,No,Not Applicable,Other,Instagram,Never,Not at all,,1 (Very Low),No,Privacy Concerns,Family,Took No Action,1.0
02-10-2026 20:37,18–22,Female,YouTube,1–3 hours,No,No,No,Not Applicable,,,Sometimes,Not at all,,1 (Very Low),No,Privacy Concerns,Other,Blocked the user,1.0
02-10-2026 20:47,18–22,Female,WhatsApp,Less than 1 hour,No,No,Yes,For fun,,,Rarely,Not at all,,1 (Very Low),No,Privacy Concerns,Unknown Stranger,Ignored it,1.0
02-10-2026 20:57,18–22,Female,"Instagram, WhatsApp, YouTube",3–5 hours,Yes,Yes,No,Not Applicable,Stalking,YouTube,Very Often,Severely,"Stress, Anxiety, Depression, Anger, Loss of Confidence",5 (Very High),"Friends, Psychologist",Didn't think it was serious,School / College,"Blocked the user, Reported the account, Told Friends / Family",5.0
02-10-2026 21:07,23–30,Female,"Instagram, WhatsApp, YouTube",3–5 hours,No,Yes,Yes,I did not realize it was harmful,"Fake Rumors, Fake Profile",WhatsApp,Sometimes,Moderately,"Stress, Depression, Anger",3,"Friends, Family",Privacy Concerns,Friends Circle,"Blocked the user, Reported the account",3.0
02-10-2026 21:17,18–22,Prefer not to say,"Instagram, WhatsApp",3–5 hours,Yes,No,No,Not Applicable,Hate Speech,Others,Sometimes,Slightly,"Stress, Loss of Confidence",2,Family,Didn't know how to report,Workplace,Blocked the user,2.0
02-10-2026 21:26,18–22,Female,WhatsApp,1–3 hours,Yes,No,No,Not Applicable,Body Shaming,Instagram,Sometimes,Slightly,Stress,2,Friends,Fear,School / College,"Ignored it, Blocked the user",2.0
02-10-2026 21:36,18–22,Female,"Instagram, WhatsApp, YouTube",3–5 hours,No,Yes,No,Not Applicable,"Fake Rumors, Fake Profile",Instagram,Never,Slightly,Loss of Confidence,2,No,Lack of Awareness,Other,Ignored it,2.0
02-10-2026 21:46,18–22,Male,"Instagram, WhatsApp, YouTube",More than 5 hours,Yes,No,No,Not Applicable,"Offensive Comments, Body Shaming",Facebook,Sometimes,Slightly,Stress,2,Family,Didn't think it was serious,Workplace,Blocked the user,2.0
02-10-2026 21:56,18–22,Male,"Instagram, WhatsApp, YouTube",3–5 hours,Yes,Yes,No,Not Applicable,Body Shaming,Instagram,Sometimes,Moderately,Depression,4,Friends,Lack of Awareness,Friends Circle,"Reported the account, Told Friends / Family",4.0
02-10-2026 22:05,18–22,Non-binary,"Instagram, WhatsApp",1–3 hours,No,Yes,No,Not Applicable,"Offensive Comments, Body Shaming",Others,Rarely,Not at all,,1 (Very Low),No,Fear,Online Gaming,Took No Action,1.0
02-10-2026 22:15,18–22,Male,Facebook,1–3 hours,Yes,Yes,No,Not Applicable,Fake Rumors,Instagram,Sometimes,Slightly,Anxiety,2,No,No reason,Family,Took No Action,2.0
02-10-2026 22:25,18–22,Female,"Instagram, WhatsApp",3–5 hours,No,Yes,Not Sure,,Offensive Comments,WhatsApp,Never,Not at all,,1 (Very Low),No,Didn't think it was serious,School / College,Ignored it,1.0
02-10-2026 22:35,18–22,Female,Instagram,1–3 hours,Yes,Yes,No,Not Applicable,Threats,Others,Sometimes,Severely,"Stress, Anxiety, Depression, Anger",5 (Very High),"Friends, Family",Lack of Awareness,Unknown Stranger,"Blocked the user, Reported the account, Told Friends / Family",5.0
02-10-2026 22:45,18–22,Female,"Instagram, WhatsApp, YouTube",More than 5 hours,Yes,Yes,No,Not Applicable,Body Shaming,Others,Sometimes,Moderately,Depression,3,"Friends, Family",Lack of Awareness,Other,"Reported the account, Told Friends / Family",3.0
03-10-2026 08:05,18–22,Male,YouTube,3–5 hours,No,No,No,Not Applicable,,,Never,Slightly,"Stress, Loss of Confidence",2,Friends,No reason,Other,Took No Action,2.0
03-10-2026 08:14,18–22,Male,"Instagram, WhatsApp",More than 5 hours,Yes,No,Not Sure,,"Offensive Comments, Body Shaming",Facebook,Rarely,Slightly,"Stress, Anxiety",2,Friends,Fear,Online Gaming,"Ignored it, Blocked the user",2.0
03-10-2026 08:24,18–22,Male,Instagram,1–3 hours,No,No,No,Not Applicable,,,Never,Not at all,,1 (Very Low),No,Privacy Concerns,Other,Blocked the user,1.0
03-10-2026 08:34,23–30,Male,WhatsApp,1–3 hours,Yes,No,No,Not Applicable,Threats,Others,Never,Not at all,,1 (Very Low),No,Lack of Awareness,Social Media Community,Ignored it,1.0
03-10-2026 08:44,18–22,Male,Instagram,3–5 hours,Yes,Yes,No,Not Applicable,Fake Profile,YouTube,Rarely,Slightly,"Stress, Anxiety",2,No,Didn't think it was serious,Friends Circle,Ignored it,2.0
03-10-2026 08:53,18–22,Female,"Instagram, WhatsApp",3–5 hours,Yes,Yes,Not Sure,,Stalking,Others,Often,Severely,"Stress, Depression, Anger",5 (Very High),Friends,Didn't know how to report,Unknown Stranger,Told Friends / Family,5.0
03-10-2026 09:03,18–22,Male,Instagram,3–5 hours,No,No,No,Not Applicable,,,Never,Not at all,,1 (Very Low),No,No reason,Social Media Community,Ignored it,1.0
03-10-2026 09:13,18–22,Male,Others,3–5 hours,No,Yes,Yes,Self-defense,Stalking,WhatsApp,Rarely,Moderately,"Stress, Depression, Anger",3,Friends,Privacy Concerns,School / College,"Blocked the user, Reported the account",3.0
03-10-2026 09:23,18–22,Female,"Instagram, WhatsApp, YouTube",More than 5 hours,Yes,Yes,Yes,I was angry,"Offensive Comments, Body Shaming",Facebook,Sometimes,Severely,"Stress, Anxiety, Depression, Anger, Loss of Confidence",5 (Very High),"Friends, Psychologist",Didn't know how to report,Family,"Reported the account, Sought Professional Help",5.0
03-10-2026 09:33,18–22,Male,"WhatsApp, YouTube",More than 5 hours,Yes,Yes,No,Not Applicable,"Offensive Comments, Body Shaming",Instagram,Never,Not at all,,1 (Very Low),No,Fear,School / College,Ignored it,1.0
03-10-2026 09:42,18–22,Male,"WhatsApp, YouTube",1–3 hours,No,No,Yes,Other,,,Never,Not at all,,1 (Very Low),No,Fear,Social Media Community,Took No Action,1.0
03-10-2026 09:52,18–22,Non-binary,YouTube,More than 5 hours,Yes,No,No,Not Applicable,Body Shaming,WhatsApp,Sometimes,Slightly,Anxiety,2,Friends,Lack of Awareness,Friends Circle,Ignored it,2.0
03-10-2026 10:02,18–22,Female,"Instagram, WhatsApp, YouTube, Others",1–3 hours,Yes,Yes,No,Not Applicable,Offensive Comments,WhatsApp,Often,Severely,"Stress, Anxiety, Depression, Anger, Loss of Confidence",5 (Very High),Psychologist,No reason,Other,"Reported the account, Told Friends / Family",5.0
03-10-2026 10:12,18–22,Female,"Instagram, WhatsApp",Less than 1 hour,Yes,Yes,No,Not Applicable,Offensive Comments,Facebook,Sometimes,Severely,"Stress, Depression, Loss of Confidence",5 (Very High),"Friends, Family",No reason,Workplace,"Reported the account, Told Friends / Family",5.0
03-10-2026 10:21,23–30,Female,"Instagram, YouTube",3–5 hours,Yes,Yes,No,Not Applicable,Hate Speech,Others,Often,Severely,"Stress, Depression, Loss of Confidence",5 (Very High),"Family, Psychologist",Privacy Concerns,Other,"Reported the account, Told Friends / Family",5.0
03-10-2026 10:31,23–30,Female,"Instagram, WhatsApp",1–3 hours,Yes,Yes,No,Not Applicable,Threats,YouTube,Very Often,Severely,"Stress, Depression, Anger",5 (Very High),"Family, Psychologist",Didn't think it was serious,Online Gaming,"Reported the account, Sought Professional Help",5.0
03-10-2026 10:41,23–30,Male,"WhatsApp, YouTube",1–3 hours,Yes,Yes,No,Not Applicable,Stalking,Facebook,Sometimes,Slightly,"Stress, Loss of Confidence",2,Friends,Fear,School / College,Blocked the user,2.0
03-10-2026 10:51,Below 18,Female,"WhatsApp, YouTube",1–3 hours,Yes,Yes,No,Not Applicable,Stalking,Instagram,Often,Moderately,Anxiety,3,No,Didn't know how to report,Online Gaming,"Blocked the user, Reported the account",3.0
03-10-2026 11:01,18–22,Male,Others,Less than 1 hour,No,No,No,Not Applicable,,,Never,Not at all,,1 (Very Low),No,Didn't think it was serious,Social Media Community,Took No Action,1.0
03-10-2026 11:10,23–30,Non-binary,WhatsApp,3–5 hours,No,No,Not Sure,,,,Never,Not at all,,1 (Very Low),No,Fear,Other,Blocked the user,1.0
03-10-2026 11:20,18–22,Male,Instagram,3–5 hours,Yes,Yes,No,Not Applicable,"Offensive Comments, Body Shaming",Instagram,Often,Severely,"Stress, Depression, Anger",5 (Very High),Psychologist,Privacy Concerns,Unknown Stranger,Told Friends / Family,5.0
03-10-2026 11:30,18–22,Male,"WhatsApp, YouTube",1–3 hours,No,Yes,No,Not Applicable,Fake Profile,Instagram,Rarely,Not at all,,1 (Very Low),No,Didn't know how to report,Online Gaming,Took No Action,1.0
03-10-2026 11:40,23–30,Female,WhatsApp,1–3 hours,Yes,Yes,No,Not Applicable,Hate Speech,Others,Rarely,Slightly,"Stress, Anxiety",2,No,No reason,Family,"Ignored it, Blocked the user",2.0
03-10-2026 11:49,23–30,Male,Facebook,1–3 hours,Yes,Yes,No,Not Applicable,Hate Speech,Facebook,Very Often,Severely,"Stress, Depression, Loss of Confidence",5 (Very High),"Friends, Family, Teacher",Didn't know how to report,Other,"Reported the account, Sought Professional Help",5.0
03-10-2026 11:59,31–40,Female,"WhatsApp, YouTube",1–3 hours,Yes,Yes,No,Not Applicable,Body Shaming,Others,Sometimes,Slightly,Anxiety,2,No,Privacy Concerns,Social Media Community,Ignored it,2.0
03-10-2026 12:09,18–22,Female,WhatsApp,More than 5 hours,No,No,No,Not Applicable,,,Sometimes,Moderately,Depression,3,No,Didn't think it was serious,Unknown Stranger,Told Friends / Family,3.0
03-10-2026 12:19,18–22,Female,"Instagram, WhatsApp, YouTube",1–3 hours,Yes,Yes,Not Sure,,"Offensive Comments, Body Shaming",Others,Often,Severely,"Stress, Anxiety, Depression, Anger, Loss of Confidence",5 (Very High),"Family, Psychologist",Fear,Workplace,Told Friends / Family,5.0
03-10-2026 12:29,41–50,Female,Instagram,3–5 hours,No,No,No,Not Applicable,,,Never,Not at all,,1 (Very Low),No,Lack of Awareness,Unknown Stranger,Ignored it,1.0
03-10-2026 12:38,18–22,Male,"WhatsApp, YouTube",1–3 hours,Yes,Yes,No,Not Applicable,"Fake Rumors, Fake Profile",Others,Often,Severely,"Stress, Anxiety, Depression",5 (Very High),Psychologist,Privacy Concerns,School / College,"Reported the account, Sought Professional Help",5.0
03-10-2026 12:48,23–30,Female,"Instagram, YouTube",3–5 hours,No,Yes,No,Not Applicable,Threats,Facebook,Rarely,Moderately,Depression,3,Psychologist,No reason,Social Media Community,"Reported the account, Told Friends / Family",3.0
03-10-2026 12:58,18–22,Female,"Instagram, WhatsApp, YouTube",1–3 hours,Yes,Yes,No,Not Applicable,Stalking,YouTube,Often,Moderately,"Stress, Depression",4,Friends,Didn't think it was serious,Other,"Blocked the user, Reported the account",4.0
03-10-2026 13:08,18–22,Male,YouTube,More than 5 hours,Yes,Yes,No,Not Applicable,"Fake Rumors, Fake Profile",Others,Sometimes,Slightly,Anxiety,2,Friends,Didn't know how to report,Unknown Stranger,Ignored it,2.0
03-10-2026 13:17,18–22,Male,"Instagram, WhatsApp",3–5 hours,Yes,Yes,No,Not Applicable,Threats,Others,Often,Moderately,Stress,3,Friends,No reason,Online Gaming,"Ignored it, Blocked the user",3.0
03-10-2026 13:27,18–22,Male,"Instagram, WhatsApp, YouTube",3–5 hours,No,No,No,Not Applicable,,,Never,Not at all,,1 (Very Low),No,Didn't think it was serious,Unknown Stranger,Took No Action,1.0
03-10-2026 13:37,41–50,Female,"Instagram, WhatsApp",3–5 hours,No,No,No,Not Applicable,,,Never,Not at all,,1 (Very Low),No,Lack of Awareness,Unknown Stranger,Blocked the user,1.0
03-10-2026 13:47,18–22,Male,Instagram,1–3 hours,Yes,Yes,No,Not Applicable,Threats,Instagram,Never,Slightly,"Stress, Loss of Confidence",2,Friends,Lack of Awareness,Other,Ignored it,2.0
03-10-2026 13:57,18–22,Male,"Instagram, WhatsApp",1–3 hours,Yes,Yes,Not Sure,,Offensive Comments,Instagram,Sometimes,Moderately,"Stress, Depression, Loss of Confidence",4,"Friends, Family",No reason,Friends Circle,"Reported the account, Told Friends / Family",4.0
03-10-2026 14:06,23–30,Male,YouTube,Less than 1 hour,No,No,No,Not Applicable,,,Sometimes,Severely,"Stress, Anxiety, Depression, Anger, Loss of Confidence",5 (Very High),Friends,Didn't think it was serious,Other,"Reported the account, Told Friends / Family",5.0
03-10-2026 14:16,18–22,Female,"Instagram, WhatsApp, YouTube",Less than 1 hour,No,No,No,Not Applicable,,,Rarely,Moderately,"Stress, Anxiety",3,Friends,Fear,Other,Told Friends / Family,3.0
03-10-2026 14:26,23–30,Female,"Instagram, YouTube",1–3 hours,Yes,Yes,No,Not Applicable,"Offensive Comments, Body Shaming",Instagram,Sometimes,Moderately,"Stress, Depression",3,No,Fear,Friends Circle,"Ignored it, Blocked the user",3.0
03-10-2026 14:36,18–22,Male,WhatsApp,More than 5 hours,Yes,No,Yes,It was a joke,Body Shaming,Facebook,Rarely,Slightly,Loss of Confidence,2,No,Didn't think it was serious,Family,"Ignored it, Blocked the user",2.0
03-10-2026 14:45,18–22,Male,Instagram,3–5 hours,No,Yes,No,Not Applicable,Stalking,WhatsApp,Never,Not at all,,1 (Very Low),No,Didn't know how to report,Unknown Stranger,Blocked the user,1.0
03-10-2026 14:55,18–22,Male,"Instagram, WhatsApp, YouTube",Less than 1 hour,No,No,No,Not Applicable,,,Rarely,Slightly,"Stress, Anxiety",2,Friends,Privacy Concerns,Social Media Community,Blocked the user,2.0
03-10-2026 15:05,23–30,Female,"Instagram, WhatsApp, YouTube",1–3 hours,Yes,Yes,Yes,Self-defense,"Fake Rumors, Fake Profile",YouTube,Sometimes,Slightly,Anxiety,2,No,Didn't know how to report,Unknown Stranger,Blocked the user,2.0
03-10-2026 15:15,23–30,Female,YouTube,Less than 1 hour,Yes,Yes,Not Sure,,Hate Speech,Instagram,Often,Severely,"Stress, Anxiety, Depression, Anger, Loss of Confidence",5 (Very High),"Friends, Family",No reason,Social Media Community,"Blocked the user, Reported the account, Told Friends / Family",5.0
03-10-2026 15:25,18–22,Male,"Instagram, WhatsApp, YouTube",3–5 hours,Yes,Yes,Not Sure,,Offensive Comments,Instagram,Rarely,Moderately,Anxiety,3,Friends,Didn't think it was serious,Unknown Stranger,"Reported the account, Told Friends / Family",3.0
03-10-2026 15:34,18–22,Female,"Instagram, WhatsApp, YouTube",1–3 hours,Yes,Yes,No,Not Applicable,Other,Others,Sometimes,Slightly,Stress,2,No,Privacy Concerns,School / College,Took No Action,2.0
03-10-2026 15:44,18–22,Female,"Instagram, YouTube",1–3 hours,Yes,No,No,Not Applicable,Offensive Comments,Facebook,Rarely,Slightly,Anxiety,2,No,Didn't know how to report,Social Media Community,Blocked the user,2.0
03-10-2026 15:54,18–22,Female,"Instagram, WhatsApp, YouTube",3–5 hours,No,Yes,No,Not Applicable,Fake Rumors,Instagram,Sometimes,Slightly,Anxiety,2,No,Fear,Workplace,Ignored it,2.0
03-10-2026 16:04,23–30,Female,Instagram,More than 5 hours,Yes,Yes,No,Not Applicable,Threats,Instagram,Sometimes,Slightly,Loss of Confidence,2,Family,Fear,School / College,Ignored it,2.0
03-10-2026 16:13,18–22,Female,Instagram,1–3 hours,Yes,Yes,No,Not Applicable,"Fake Rumors, Fake Profile",Facebook,Sometimes,Moderately,"Anger, Loss of Confidence",4,"Friends, Family",No reason,Workplace,"Blocked the user, Reported the account",4.0
03-10-2026 16:23,18–22,Female,Instagram,More than 5 hours,Yes,Yes,No,Not Applicable,Fake Rumors,YouTube,Sometimes,Slightly,Stress,2,No,Didn't think it was serious,School / College,Blocked the user,2.0
03-10-2026 16:33,23–30,Male,"Instagram, WhatsApp, YouTube",1–3 hours,Yes,Yes,No,Not Applicable,Body Shaming,YouTube,Often,Severely,"Stress, Anxiety, Depression",5 (Very High),Psychologist,Didn't think it was serious,Social Media Community,"Reported the account, Told Friends / Family",5.0
03-10-2026 16:43,23–30,Male,"Instagram, WhatsApp, YouTube",1–3 hours,No,Yes,No,Not Applicable,Hate Speech,WhatsApp,Rarely,Not at all,,1 (Very Low),No,Fear,Unknown Stranger,Ignored it,1.0
03-10-2026 16:53,18–22,Male,"Instagram, YouTube",3–5 hours,No,Yes,No,Not Applicable,Threats,Instagram,Never,Not at all,,1 (Very Low),No,Didn't think it was serious,Family,Took No Action,1.0
03-10-2026 17:02,23–30,Male,"Instagram, WhatsApp, YouTube",1–3 hours,Yes,No,Yes,Self-defense,Offensive Comments,Others,Rarely,Severely,"Stress, Anxiety, Depression, Anger",5 (Very High),"Family, Psychologist",Privacy Concerns,School / College,"Blocked the user, Reported the account, Told Friends / Family",5.0
03-10-2026 17:12,18–22,Female,"Instagram, WhatsApp, YouTube, Others",More than 5 hours,Yes,Yes,No,Not Applicable,"Offensive Comments, Body Shaming",Facebook,Sometimes,Moderately,Anxiety,4,Psychologist,Fear,Online Gaming,Blocked the user,4.0
03-10-2026 17:22,18–22,Female,"Instagram, WhatsApp",1–3 hours,Yes,Yes,No,Not Applicable,"Fake Rumors, Fake Profile",Instagram,Sometimes,Moderately,"Stress, Anxiety, Depression",3,No,Didn't think it was serious,Friends Circle,Blocked the user,3.0
03-10-2026 17:32,18–22,Male,"WhatsApp, YouTube",1–3 hours,No,No,Yes,I did not realize it was harmful,,,Rarely,Not at all,,1 (Very Low),No,Privacy Concerns,Unknown Stranger,Blocked the user,1.0
03-10-2026 17:41,23–30,Non-binary,"WhatsApp, YouTube",3–5 hours,Yes,Yes,No,Not Applicable,Body Shaming,Instagram,Rarely,Severely,"Stress, Depression, Loss of Confidence",5 (Very High),"Friends, Family, Teacher",Fear,Friends Circle,Told Friends / Family,5.0
03-10-2026 17:51,18–22,Male,"WhatsApp, YouTube",1–3 hours,No,No,Yes,Other,,,Never,Not at all,,1 (Very Low),No,Didn't think it was serious,Unknown Stranger,Ignored it,1.0
03-10-2026 18:01,18–22,Female,"Instagram, YouTube",3–5 hours,Yes,Yes,No,Not Applicable,Threats,YouTube,Rarely,Slightly,Loss of Confidence,2,Friends,Didn't think it was serious,Social Media Community,Took No Action,2.0
03-10-2026 18:11,18–22,Male,WhatsApp,3–5 hours,Yes,No,No,Not Applicable,Stalking,Facebook,Sometimes,Moderately,Anxiety,4,Psychologist,Didn't know how to report,Family,Told Friends / Family,4.0
03-10-2026 18:21,18–22,Male,Facebook,More than 5 hours,Yes,No,Not Sure,,"Offensive Comments, Body Shaming",WhatsApp,Very Often,Severely,"Stress, Anxiety, Depression",5 (Very High),"Friends, Psychologist",Didn't know how to report,Friends Circle,"Reported the account, Sought Professional Help",5.0
03-10-2026 18:30,18–22,Female,"Instagram, WhatsApp, YouTube",1–3 hours,No,Yes,Yes,For fun,Body Shaming,Others,Rarely,Moderately,"Stress, Anxiety",3,Family,No reason,Social Media Community,"Blocked the user, Reported the account",3.0
03-10-2026 18:40,18–22,Female,"WhatsApp, YouTube",1–3 hours,No,No,No,Not Applicable,,,Rarely,Not at all,,1 (Very Low),No,Didn't think it was serious,Unknown Stranger,Took No Action,1.0
03-10-2026 18:50,23–30,Female,"Instagram, WhatsApp, YouTube",3–5 hours,Yes,Yes,No,Not Applicable,Threats,WhatsApp,Rarely,Slightly,Loss of Confidence,2,No,Didn't think it was serious,Workplace,Took No Action,2.0
03-10-2026 19:00,18–22,Male,"Instagram, WhatsApp, YouTube",Less than 1 hour,Yes,Yes,Not Sure,,Other,WhatsApp,Often,Moderately,"Stress, Anxiety",3,Friends,Didn't know how to report,School / College,"Ignored it, Blocked the user",3.0
03-10-2026 19:09,18–22,Female,"Instagram, WhatsApp, YouTube",More than 5 hours,No,Yes,No,Not Applicable,Offensive Comments,Facebook,Never,Slightly,Loss of Confidence,2,Family,No reason,Friends Circle,Blocked the user,2.0
03-10-2026 19:19,18–22,Male,"Instagram, WhatsApp, YouTube",1–3 hours,Yes,Yes,No,Not Applicable,Hate Speech,Others,Sometimes,Moderately,"Stress, Anxiety",3,Friends,Fear,Other,"Blocked the user, Reported the account",3.0
03-10-2026 19:29,23–30,Male,"WhatsApp, YouTube",3–5 hours,No,Yes,No,Not Applicable,Hate Speech,WhatsApp,Sometimes,Moderately,Anxiety,3,"Friends, Family",Lack of Awareness,Other,"Reported the account, Told Friends / Family",3.0
03-10-2026 19:39,23–30,Male,"Instagram, YouTube",Less than 1 hour,No,Yes,No,Not Applicable,Other,WhatsApp,Rarely,Not at all,,1 (Very Low),No,Fear,Unknown Stranger,Ignored it,1.0
03-10-2026 19:49,18–22,Prefer not to say,Others,3–5 hours,No,Yes,No,Not Applicable,Stalking,Instagram,Never,Severely,"Stress, Anxiety, Depression",5 (Very High),Psychologist,Fear,Friends Circle,"Blocked the user, Reported the account, Told Friends / Family",5.0
03-10-2026 19:58,23–30,Male,Instagram,3–5 hours,Yes,Yes,Yes,Self-defense,Threats,WhatsApp,Sometimes,Moderately,"Stress, Depression, Loss of Confidence",4,Family,Fear,Family,"Reported the account, Told Friends / Family",4.0
03-10-2026 20:08,23–30,Female,"Instagram, WhatsApp",1–3 hours,Yes,Yes,No,Not Applicable,Offensive Comments,Facebook,Sometimes,Moderately,Depression,4,Family,Didn't know how to report,Other,Blocked the user,4.0
03-10-2026 20:18,18–22,Male,"Instagram, WhatsApp, YouTube",1–3 hours,Yes,No,No,Not Applicable,Offensive Comments,Others,Sometimes,Moderately,"Anger, Loss of Confidence",3,Psychologist,Fear,School / College,Blocked the user,3.0
03-10-2026 20:28,18–22,Female,"Instagram, WhatsApp, YouTube",More than 5 hours,Yes,Yes,No,Not Applicable,Body Shaming,Instagram,Often,Moderately,Anxiety,3,Family,Fear,School / College,"Ignored it, Blocked the user",3.0
03-10-2026 20:37,23–30,Female,WhatsApp,More than 5 hours,Yes,No,No,Not Applicable,Other,WhatsApp,Never,Moderately,"Stress, Anxiety",3,Friends,Didn't know how to report,Social Media Community,"Ignored it, Blocked the user",3.0
03-10-2026 20:47,18–22,Male,"Instagram, WhatsApp",Less than 1 hour,No,No,No,Not Applicable,,,Sometimes,Not at all,,1 (Very Low),No,Lack of Awareness,Social Media Community,Ignored it,1.0
03-10-2026 20:57,23–30,Male,Instagram,More than 5 hours,No,Yes,No,Not Applicable,Stalking,Facebook,Sometimes,Slightly,Anxiety,2,No,Lack of Awareness,Unknown Stranger,Ignored it,2.0
03-10-2026 21:07,41–50,Female,Instagram,3–5 hours,Yes,Yes,No,Not Applicable,Other,Instagram,Often,Severely,"Stress, Anxiety, Depression, Anger, Loss of Confidence",5 (Very High),"Friends, Family",Didn't know how to report,Family,Told Friends / Family,5.0
03-10-2026 21:17,18–22,Prefer not to say,"Instagram, WhatsApp, YouTube",3–5 hours,Yes,Yes,No,Not Applicable,Other,WhatsApp,Sometimes,Moderately,"Stress, Anxiety, Depression",4,Friends,Didn't think it was serious,Friends Circle,Blocked the user,4.0
03-10-2026 21:26,18–22,Female,"Instagram, WhatsApp, YouTube",Less than 1 hour,No,No,Yes,I was angry,,,Sometimes,Slightly,Anxiety,2,Friends,Didn't know how to report,Unknown Stranger,"Ignored it, Blocked the user",2.0
03-10-2026 21:36,18–22,Male,"Instagram, WhatsApp, YouTube",1–3 hours,No,No,No,Not Applicable,,,Never,Not at all,,1 (Very Low),No,Didn't think it was serious,Other,Took No Action,1.0
03-10-2026 21:46,31–40,Male,Facebook,More than 5 hours,Yes,Yes,No,Not Applicable,Body Shaming,Others,Rarely,Slightly,Anxiety,2,Friends,Privacy Concerns,Unknown Stranger,Took No Action,2.0
03-10-2026 21:56,18–22,Female,"Instagram, YouTube",1–3 hours,Yes,Yes,Yes,It was a joke,Body Shaming,Others,Often,Severely,"Stress, Anxiety, Depression, Anger",5 (Very High),"Friends, Family",No reason,School / College,Told Friends / Family,5.0
03-10-2026 22:05,23–30,Female,"Instagram, WhatsApp",1–3 hours,No,No,No,Not Applicable,,,Sometimes,Not at all,,1 (Very Low),No,Lack of Awareness,Social Media Community,Blocked the user,1.0
03-10-2026 22:15,23–30,Male,"Instagram, WhatsApp, YouTube",1–3 hours,Yes,Yes,Not Sure,,Fake Profile,YouTube,Rarely,Moderately,"Stress, Depression",3,Friends,Privacy Concerns,Social Media Community,"Blocked the user, Reported the account",3.0
03-10-2026 22:25,18–22,Male,"WhatsApp, YouTube",3–5 hours,No,No,No,Not Applicable,,,Never,Not at all,,1 (Very Low),No,Didn't know how to report,Other,Ignored it,1.0
03-10-2026 22:35,23–30,Female,Others,3–5 hours,Yes,No,No,Not Applicable,Fake Rumors,Instagram,Rarely,Moderately,Depression,3,Psychologist,Privacy Concerns,Unknown Stranger,"Blocked the user, Reported the account",3.0
03-10-2026 22:45,23–30,Male,WhatsApp,1–3 hours,No,No,No,Not Applicable,,,Never,Not at all,,1 (Very Low),No,Didn't think it was serious,Social Media Community,Blocked the user,1.0
04-10-2026 08:05,18–22,Male,WhatsApp,More than 5 hours,Yes,Yes,No,Not Applicable,Hate Speech,YouTube,Often,Moderately,"Stress, Depression, Anger",3,Family,Fear,Social Media Community,"Blocked the user, Reported the account",3.0
04-10-2026 08:14,31–40,Female,Others,1–3 hours,Yes,Yes,No,Not Applicable,Body Shaming,YouTube,Sometimes,Moderately,"Stress, Anxiety, Depression",3,Friends,Didn't think it was serious,School / College,"Blocked the user, Reported the account",3.0
04-10-2026 08:24,18–22,Male,"Instagram, YouTube",3–5 hours,Yes,No,No,Not Applicable,Other,YouTube,Very Often,Severely,"Stress, Depression, Loss of Confidence",5 (Very High),"Family, Psychologist",No reason,Social Media Community,"Reported the account, Sought Professional Help",5.0
04-10-2026 08:34,18–22,Female,"Instagram, WhatsApp",Less than 1 hour,Yes,Yes,No,Not Applicable,Fake Rumors,Instagram,Rarely,Slightly,Anxiety,2,Friends,Fear,School / College,"Ignored it, Blocked the user",2.0
04-10-2026 08:44,18–22,Male,"Instagram, WhatsApp, YouTube",More than 5 hours,Yes,Yes,No,Not Applicable,Hate Speech,Instagram,Sometimes,Slightly,Anxiety,2,Friends,Privacy Concerns,Workplace,Blocked the user,2.0
04-10-2026 08:53,Below 18,Prefer not to say,WhatsApp,1–3 hours,No,No,Not Sure,,,,Never,Not at all,,1 (Very Low),No,Lack of Awareness,Social Media Community,Ignored it,1.0
04-10-2026 09:03,23–30,Male,Instagram,1–3 hours,No,Yes,No,Not Applicable,"Fake Rumors, Fake Profile",Facebook,Never,Slightly,"Stress, Loss of Confidence",2,Friends,Privacy Concerns,Social Media Community,"Ignored it, Blocked the user",2.0
04-10-2026 09:13,18–22,Male,"Instagram, WhatsApp, YouTube",3–5 hours,Yes,Yes,Yes,Peer pressure,Hate Speech,YouTube,Very Often,Severely,"Stress, Anxiety, Depression, Anger",5 (Very High),"Friends, Psychologist",Didn't know how to report,Other,"Blocked the user, Reported the account",5.0
04-10-2026 09:23,18–22,Male,"Instagram, YouTube",1–3 hours,No,Yes,No,Not Applicable,"Offensive Comments, Body Shaming",Facebook,Never,Not at all,,1 (Very Low),No,Privacy Concerns,Family,Ignored it,1.0
04-10-2026 09:33,18–22,Female,"Instagram, WhatsApp, YouTube",3–5 hours,No,Yes,No,Not Applicable,Offensive Comments,WhatsApp,Never,Slightly,Stress,2,Family,Didn't know how to report,School / College,Took No Action,2.0
04-10-2026 09:42,23–30,Female,Facebook,1–3 hours,Yes,No,No,Not Applicable,Hate Speech,WhatsApp,Rarely,Slightly,Stress,2,No,Didn't think it was serious,Social Media Community,Blocked the user,2.0
04-10-2026 09:52,18–22,Female,"Instagram, WhatsApp, YouTube",3–5 hours,Yes,Yes,No,Not Applicable,Hate Speech,WhatsApp,Rarely,Moderately,"Stress, Anxiety, Depression",3,"Friends, Family",Privacy Concerns,Family,Told Friends / Family,3.0
04-10-2026 10:02,Below 18,Female,Instagram,1–3 hours,No,Yes,No,Not Applicable,Other,Others,Never,Not at all,,1 (Very Low),No,Privacy Concerns,Other,Took No Action,1.0
04-10-2026 10:12,23–30,Male,Others,1–3 hours,Yes,No,No,Not Applicable,Stalking,Others,Sometimes,Severely,"Stress, Anxiety, Depression",5 (Very High),"Friends, Family, Teacher",Privacy Concerns,Online Gaming,"Blocked the user, Reported the account, Told Friends / Family",5.0
04-10-2026 10:21,23–30,Female,Instagram,1–3 hours,Yes,Yes,No,Not Applicable,"Offensive Comments, Body Shaming",Facebook,Sometimes,Severely,"Stress, Anxiety, Depression, Anger",5 (Very High),"Friends, Psychologist",Lack of Awareness,Friends Circle,"Blocked the user, Reported the account",5.0
04-10-2026 10:31,18–22,Female,"Instagram, WhatsApp",1–3 hours,No,No,Yes,Peer pressure,,,Never,Not at all,,1 (Very Low),No,Fear,Unknown Stranger,Took No Action,1.0
04-10-2026 10:41,18–22,Female,Instagram,1–3 hours,Yes,Yes,No,Not Applicable,Threats,Others,Very Often,Severely,"Stress, Anxiety, Depression",5 (Very High),Psychologist,Didn't think it was serious,Unknown Stranger,"Blocked the user, Reported the account, Told Friends / Family",5.0
04-10-2026 10:51,18–22,Male,YouTube,3–5 hours,Yes,Yes,No,Not Applicable,Hate Speech,Others,Sometimes,Severely,"Stress, Depression, Anger",5 (Very High),Psychologist,Didn't think it was serious,School / College,Told Friends / Family,5.0
04-10-2026 11:01,18–22,Female,Others,Less than 1 hour,No,Yes,No,Not Applicable,Fake Rumors,Others,Never,Not at all,,1 (Very Low),No,Fear,Social Media Community,Took No Action,1.0
04-10-2026 11:10,23–30,Male,"Instagram, WhatsApp, YouTube",More than 5 hours,No,No,No,Not Applicable,,,Sometimes,Slightly,"Stress, Loss of Confidence",2,No,No reason,Social Media Community,"Ignored it, Blocked the user",2.0
04-10-2026 11:20,18–22,Male,YouTube,1–3 hours,No,Yes,No,Not Applicable,"Offensive Comments, Body Shaming",Instagram,Never,Not at all,,1 (Very Low),No,Didn't think it was serious,Social Media Community,Took No Action,1.0
04-10-2026 11:30,18–22,Female,YouTube,3–5 hours,Yes,Yes,No,Not Applicable,Body Shaming,WhatsApp,Very Often,Severely,"Stress, Depression, Anger",5 (Very High),Friends,Fear,Social Media Community,"Blocked the user, Reported the account",5.0
04-10-2026 11:40,23–30,Female,Others,More than 5 hours,Yes,Yes,Yes,Other,"Fake Rumors, Fake Profile",Others,Sometimes,Severely,"Stress, Depression, Loss of Confidence",5 (Very High),Psychologist,No reason,Friends Circle,"Reported the account, Told Friends / Family",5.0
04-10-2026 11:49,18–22,Male,Instagram,More than 5 hours,Yes,Yes,No,Not Applicable,Stalking,YouTube,Sometimes,Moderately,"Stress, Depression",3,Family,Didn't think it was serious,Other,"Ignored it, Blocked the user",3.0
04-10-2026 11:59,23–30,Female,Instagram,1–3 hours,Yes,Yes,No,Not Applicable,Fake Rumors,Instagram,Rarely,Moderately,"Stress, Depression",3,"Friends, Family",Privacy Concerns,Social Media Community,Told Friends / Family,3.0
04-10-2026 12:09,18–22,Male,"Instagram, YouTube",3–5 hours,Yes,Yes,No,Not Applicable,Stalking,Others,Rarely,Slightly,Stress,2,Friends,Fear,School / College,Took No Action,2.0
04-10-2026 12:19,18–22,Male,"Instagram, YouTube",1–3 hours,Yes,No,Yes,Other,Stalking,YouTube,Rarely,Slightly,"Stress, Loss of Confidence",2,No,Didn't know how to report,School / College,Ignored it,2.0
04-10-2026 12:29,Below 18,Male,"Instagram, WhatsApp",Less than 1 hour,Yes,No,No,Not Applicable,Hate Speech,Others,Rarely,Slightly,Anxiety,2,Family,Privacy Concerns,Workplace,Blocked the user,2.0
04-10-2026 12:38,18–22,Male,WhatsApp,3–5 hours,Yes,Yes,No,Not Applicable,Other,Facebook,Very Often,Severely,"Stress, Anxiety, Depression, Anger, Loss of Confidence",5 (Very High),"Friends, Family, Teacher",Fear,Friends Circle,"Reported the account, Told Friends / Family",5.0
04-10-2026 12:48,18–22,Male,"Instagram, WhatsApp, YouTube",1–3 hours,Yes,Yes,No,Not Applicable,Hate Speech,Facebook,Sometimes,Slightly,Stress,2,Friends,Lack of Awareness,Family,"Ignored it, Blocked the user",2.0
04-10-2026 12:58,18–22,Female,"Instagram, YouTube",3–5 hours,Yes,Yes,Yes,It was a joke,Other,Instagram,Very Often,Severely,"Stress, Depression, Anger",5 (Very High),Psychologist,Lack of Awareness,Family,"Reported the account, Sought Professional Help",5.0
04-10-2026 13:08,18–22,Male,WhatsApp,1–3 hours,Yes,Yes,No,Not Applicable,"Fake Rumors, Fake Profile",Instagram,Sometimes,Moderately,"Stress, Depression",4,Family,No reason,Family,"Reported the account, Told Friends / Family",4.0
04-10-2026 13:17,18–22,Female,"Instagram, WhatsApp",1–3 hours,Yes,No,No,Not Applicable,Fake Profile,WhatsApp,Sometimes,Severely,"Stress, Depression, Loss of Confidence",5 (Very High),"Friends, Family",Didn't know how to report,Family,"Reported the account, Sought Professional Help",5.0
04-10-2026 13:27,18–22,Male,"Instagram, YouTube",Less than 1 hour,No,No,No,Not Applicable,,,Rarely,Not at all,,1 (Very Low),No,Lack of Awareness,Other,Blocked the user,1.0
04-10-2026 13:37,31–40,Male,"Instagram, WhatsApp, YouTube",1–3 hours,No,No,No,Not Applicable,,,Never,Moderately,"Anger, Loss of Confidence",3,Friends,Didn't think it was serious,Social Media Community,Blocked the user,3.0
04-10-2026 13:47,18–22,Female,"Instagram, YouTube",3–5 hours,Yes,Yes,No,Not Applicable,Stalking,Facebook,Often,Severely,"Stress, Anxiety, Depression",5 (Very High),"Family, Psychologist",Didn't think it was serious,Other,"Reported the account, Told Friends / Family",5.0
04-10-2026 13:57,18–22,Male,YouTube,More than 5 hours,Yes,No,No,Not Applicable,"Offensive Comments, Body Shaming",YouTube,Rarely,Not at all,,1 (Very Low),No,Didn't think it was serious,Social Media Community,Took No Action,1.0
04-10-2026 14:06,23–30,Female,WhatsApp,3–5 hours,Yes,Yes,No,Not Applicable,Stalking,WhatsApp,Often,Severely,"Stress, Anxiety, Depression",5 (Very High),"Friends, Family",Fear,Workplace,"Reported the account, Told Friends / Family",5.0
04-10-2026 14:16,18–22,Male,YouTube,Less than 1 hour,No,Yes,Not Sure,,Body Shaming,Others,Sometimes,Moderately,"Stress, Anxiety",3,No,Fear,Online Gaming,"Ignored it, Blocked the user",3.0
04-10-2026 14:26,18–22,Male,"Instagram, WhatsApp",Less than 1 hour,No,Yes,No,Not Applicable,Threats,Others,Never,Not at all,,1 (Very Low),No,No reason,Other,Ignored it,1.0
04-10-2026 14:36,18–22,Female,WhatsApp,3–5 hours,Yes,No,No,Not Applicable,Fake Profile,Others,Never,Not at all,,1 (Very Low),No,Fear,Unknown Stranger,Ignored it,1.0
04-10-2026 14:45,23–30,Female,WhatsApp,1–3 hours,No,No,No,Not Applicable,,,Never,Not at all,,1 (Very Low),No,Didn't know how to report,Unknown Stranger,Blocked the user,1.0
04-10-2026 14:55,31–40,Male,"Instagram, WhatsApp, YouTube",1–3 hours,Yes,Yes,Yes,I was angry,Stalking,WhatsApp,Often,Severely,"Stress, Depression, Loss of Confidence",5 (Very High),"Friends, Family",Didn't think it was serious,Online Gaming,"Reported the account, Told Friends / Family",5.0
04-10-2026 15:05,18–22,Male,"Instagram, WhatsApp, YouTube",1–3 hours,Yes,Yes,Not Sure,,Other,YouTube,Often,Severely,"Stress, Anxiety, Depression",5 (Very High),"Friends, Family",Didn't think it was serious,Family,"Blocked the user, Reported the account, Told Friends / Family",5.0
04-10-2026 15:15,18–22,Female,Facebook,3–5 hours,Yes,No,No,Not Applicable,"Fake Rumors, Fake Profile",WhatsApp,Often,Severely,"Stress, Depression, Anger",5 (Very High),"Family, Psychologist",Fear,Online Gaming,"Reported the account, Told Friends / Family",5.0
04-10-2026 15:25,Below 18,Female,Instagram,1–3 hours,Yes,Yes,No,Not Applicable,Threats,Instagram,Rarely,Slightly,Stress,2,No,Lack of Awareness,School / College,"Ignored it, Blocked the user",2.0
04-10-2026 15:34,18–22,Male,"Instagram, WhatsApp",3–5 hours,Yes,Yes,No,Not Applicable,Other,Instagram,Often,Moderately,"Anger, Loss of Confidence",3,Psychologist,Lack of Awareness,Workplace,"Reported the account, Told Friends / Family",3.0
04-10-2026 15:44,18–22,Male,Instagram,More than 5 hours,Yes,Yes,No,Not Applicable,Body Shaming,Facebook,Often,Severely,"Stress, Anxiety, Depression",5 (Very High),"Friends, Psychologist",Didn't know how to report,School / College,"Blocked the user, Reported the account",5.0
04-10-2026 15:54,18–22,Female,"WhatsApp, YouTube",Less than 1 hour,Yes,Yes,No,Not Applicable,"Offensive Comments, Body Shaming",Others,Sometimes,Severely,"Stress, Depression, Anger",5 (Very High),Helpline,Didn't know how to report,Friends Circle,"Reported the account, Told Friends / Family",5.0
04-10-2026 16:04,23–30,Male,"Instagram, WhatsApp, YouTube",3–5 hours,Yes,Yes,Yes,I did not realize it was harmful,Fake Rumors,Instagram,Sometimes,Slightly,Anxiety,2,No,Fear,Online Gaming,Ignored it,2.0
04-10-2026 16:13,23–30,Male,"Instagram, WhatsApp, YouTube",3–5 hours,Yes,Yes,No,Not Applicable,Hate Speech,Instagram,Often,Severely,"Stress, Depression, Loss of Confidence",5 (Very High),"Family, Psychologist",Didn't think it was serious,Online Gaming,"Reported the account, Told Friends / Family",5.0
04-10-2026 16:23,18–22,Female,"Instagram, WhatsApp",1–3 hours,Yes,No,No,Not Applicable,Hate Speech,Instagram,Sometimes,Slightly,Stress,2,No,Fear,Friends Circle,"Ignored it, Blocked the user",2.0
04-10-2026 16:33,18–22,Female,"Instagram, WhatsApp",1–3 hours,No,No,No,Not Applicable,,,Never,Not at all,,1 (Very Low),No,Didn't know how to report,Social Media Community,Ignored it,1.0
04-10-2026 16:43,18–22,Female,"Instagram, WhatsApp, YouTube",1–3 hours,No,No,No,Not Applicable,,,Never,Not at all,,1 (Very Low),No,Privacy Concerns,Social Media Community,Ignored it,1.0
04-10-2026 16:53,18–22,Male,"WhatsApp, YouTube",3–5 hours,Yes,No,No,Not Applicable,Stalking,Others,Sometimes,Moderately,"Stress, Anxiety, Depression",3,Friends,Didn't think it was serious,Unknown Stranger,"Reported the account, Told Friends / Family",3.0
04-10-2026 17:02,18–22,Female,Instagram,1–3 hours,Yes,Yes,Not Sure,,Body Shaming,YouTube,Sometimes,Severely,"Stress, Depression, Loss of Confidence",5 (Very High),"Family, Psychologist",Fear,School / College,"Blocked the user, Reported the account, Told Friends / Family",5.0
04-10-2026 17:12,18–22,Female,"Instagram, WhatsApp, YouTube, Others",3–5 hours,Yes,Yes,No,Not Applicable,Fake Rumors,Facebook,Often,Moderately,Stress,4,Family,Privacy Concerns,Online Gaming,"Blocked the user, Reported the account",4.0
04-10-2026 17:22,18–22,Male,"WhatsApp, YouTube",3–5 hours,No,No,No,Not Applicable,,,Never,Not at all,,1 (Very Low),No,Didn't know how to report,Unknown Stranger,Ignored it,1.0
04-10-2026 17:32,18–22,Male,"Instagram, WhatsApp",3–5 hours,No,Yes,No,Not Applicable,"Fake Rumors, Fake Profile",YouTube,Rarely,Moderately,"Stress, Anxiety, Depression",3,"Friends, Family",No reason,Social Media Community,Told Friends / Family,3.0
04-10-2026 17:41,31–40,Female,"Instagram, WhatsApp, YouTube",3–5 hours,No,Yes,No,Not Applicable,Hate Speech,Instagram,Sometimes,Slightly,"Stress, Anxiety",2,Friends,Fear,School / College,Took No Action,2.0
04-10-2026 17:51,23–30,Male,"Instagram, WhatsApp",1–3 hours,Yes,No,No,Not Applicable,"Fake Rumors, Fake Profile",Instagram,Never,Not at all,,1 (Very Low),No,Lack of Awareness,Workplace,Ignored it,1.0
04-10-2026 18:01,23–30,Male,Facebook,1–3 hours,Yes,Yes,Yes,It was a joke,Other,Instagram,Often,Moderately,Stress,3,Friends,No reason,Online Gaming,"Reported the account, Told Friends / Family",3.0
04-10-2026 18:11,18–22,Male,Instagram,More than 5 hours,No,Yes,No,Not Applicable,Other,YouTube,Never,Not at all,,1 (Very Low),No,Privacy Concerns,Friends Circle,Took No Action,1.0
04-10-2026 18:21,18–22,Female,YouTube,1–3 hours,Yes,No,Not Sure,,Hate Speech,Facebook,Rarely,Severely,"Stress, Depression, Anger",5 (Very High),"Friends, Psychologist",Lack of Awareness,Workplace,"Reported the account, Told Friends / Family",5.0
04-10-2026 18:30,23–30,Male,"Instagram, WhatsApp",1–3 hours,Yes,Yes,No,Not Applicable,"Fake Rumors, Fake Profile",Facebook,Very Often,Severely,"Stress, Depression, Loss of Confidence",5 (Very High),Psychologist,Fear,Family,"Blocked the user, Reported the account",5.0
04-10-2026 18:40,18–22,Male,"WhatsApp, YouTube",1–3 hours,No,Yes,No,Not Applicable,"Offensive Comments, Body Shaming",Others,Rarely,Slightly,Loss of Confidence,2,"Friends, Family",No reason,Unknown Stranger,Took No Action,2.0
04-10-2026 18:50,23–30,Male,WhatsApp,Less than 1 hour,Yes,No,No,Not Applicable,Threats,Others,Very Often,Severely,"Stress, Anxiety, Depression, Anger",5 (Very High),Friends,Didn't know how to report,Unknown Stranger,"Blocked the user, Reported the account",5.0
04-10-2026 19:00,18–22,Female,"Instagram, WhatsApp",1–3 hours,No,No,No,Not Applicable,,,Never,Not at all,,1 (Very Low),No,Didn't know how to report,Unknown Stranger,Ignored it,1.0
04-10-2026 19:09,18–22,Female,"Instagram, WhatsApp, YouTube",Less than 1 hour,Yes,Yes,Yes,Self-defense,"Offensive Comments, Body Shaming",WhatsApp,Rarely,Slightly,"Stress, Anxiety",2,Family,Fear,Online Gaming,Ignored it,2.0
04-10-2026 19:19,23–30,Female,WhatsApp,Less than 1 hour,Yes,No,No,Not Applicable,Hate Speech,Facebook,Rarely,Slightly,Anxiety,2,Family,Fear,Online Gaming,"Ignored it, Blocked the user",2.0
04-10-2026 19:29,18–22,Female,"Instagram, WhatsApp, YouTube, Others",3–5 hours,Yes,No,Yes,To respond to the person,Body Shaming,Instagram,Never,Slightly,Loss of Confidence,2,No,Didn't think it was serious,Friends Circle,Took No Action,2.0
04-10-2026 19:39,23–30,Female,Instagram,Less than 1 hour,No,No,Yes,For fun,,,Never,Not at all,,1 (Very Low),No,Lack of Awareness,Social Media Community,Blocked the user,1.0
04-10-2026 19:49,18–22,Female,WhatsApp,1–3 hours,No,No,Yes,To respond to the person,,,Rarely,Slightly,Loss of Confidence,2,No,No reason,Social Media Community,Blocked the user,2.0
04-10-2026 19:58,31–40,Male,"WhatsApp, YouTube",3–5 hours,Yes,Yes,No,Not Applicable,Body Shaming,Instagram,Sometimes,Slightly,Loss of Confidence,2,Family,Didn't know how to report,Workplace,Ignored it,2.0
04-10-2026 20:08,18–22,Male,Instagram,3–5 hours,No,Yes,No,Not Applicable,Threats,YouTube,Never,Not at all,,1 (Very Low),No,Lack of Awareness,Workplace,Blocked the user,1.0
04-10-2026 20:18,41–50,Female,WhatsApp,3–5 hours,Yes,Yes,No,Not Applicable,Offensive Comments,Others,Very Often,Severely,"Stress, Depression, Loss of Confidence",5 (Very High),"Family, Psychologist",Lack of Awareness,Online Gaming,"Blocked the user, Reported the account",5.0
04-10-2026 20:28,18–22,Female,Facebook,More than 5 hours,No,No,Not Sure,,,,Sometimes,Slightly,Loss of Confidence,2,No,Didn't think it was serious,Unknown Stranger,Ignored it,2.0
04-10-2026 20:37,18–22,Male,"Instagram, WhatsApp, YouTube",3–5 hours,No,Yes,Yes,Other,Body Shaming,Facebook,Sometimes,Slightly,Loss of Confidence,2,"Friends, Family",Lack of Awareness,Unknown Stranger,"Ignored it, Blocked the user",2.0
04-10-2026 20:47,18–22,Male,WhatsApp,3–5 hours,No,Yes,No,Not Applicable,Offensive Comments,Facebook,Rarely,Slightly,"Stress, Anxiety",2,Family,Didn't know how to report,Other,Ignored it,2.0
04-10-2026 20:57,Below 18,Prefer not to say,WhatsApp,3–5 hours,Yes,No,No,Not Applicable,Offensive Comments,Others,Often,Severely,"Stress, Anxiety, Depression",5 (Very High),"Friends, Family",Didn't know how to report,Workplace,"Reported the account, Sought Professional Help",5.0
04-10-2026 21:07,23–30,Male,Instagram,1–3 hours,Yes,No,Not Sure,,Fake Rumors,WhatsApp,Never,Not at all,,1 (Very Low),No,Fear,Online Gaming,Took No Action,1.0
04-10-2026 21:17,18–22,Male,"Instagram, WhatsApp, YouTube",1–3 hours,Yes,No,Yes,I was angry,Hate Speech,Instagram,Sometimes,Moderately,"Stress, Depression",4,Friends,Privacy Concerns,Workplace,"Blocked the user, Reported the account",4.0
04-10-2026 21:26,18–22,Female,Instagram,1–3 hours,No,No,Not Sure,,,,Never,Slightly,"Stress, Anxiety",2,No,Lack of Awareness,Social Media Community,"Ignored it, Blocked the user",2.0
04-10-2026 21:36,23–30,Male,"Instagram, WhatsApp",Less than 1 hour,Yes,No,No,Not Applicable,Fake Profile,Others,Sometimes,Slightly,"Stress, Loss of Confidence",2,Family,Fear,School / College,Took No Action,2.0
04-10-2026 21:46,18–22,Male,"Instagram, WhatsApp, YouTube",More than 5 hours,Yes,Yes,No,Not Applicable,Stalking,WhatsApp,Sometimes,Severely,"Stress, Anxiety, Depression, Anger",5 (Very High),"Friends, Family, Teacher",Lack of Awareness,School / College,Told Friends / Family,5.0
04-10-2026 21:56,18–22,Male,"Instagram, WhatsApp, YouTube",1–3 hours,Yes,No,No,Not Applicable,Hate Speech,WhatsApp,Rarely,Slightly,Anxiety,2,Friends,No reason,Other,Ignored it,2.0
04-10-2026 22:05,23–30,Female,"Instagram, WhatsApp",1–3 hours,No,Yes,No,Not Applicable,Other,Facebook,Never,Not at all,,1 (Very Low),No,Didn't know how to report,Friends Circle,Ignored it,1.0
04-10-2026 22:15,23–30,Male,WhatsApp,More than 5 hours,No,No,No,Not Applicable,,,Rarely,Slightly,"Stress, Loss of Confidence",2,Friends,Didn't know how to report,Other,Took No Action,2.0
04-10-2026 22:25,18–22,Male,"Instagram, WhatsApp, YouTube, Others",1–3 hours,Yes,Yes,No,Not Applicable,Offensive Comments,WhatsApp,Often,Severely,"Stress, Depression, Anger",5 (Very High),Helpline,Fear,Other,"Blocked the user, Reported the account",5.0
04-10-2026 22:35,18–22,Male,"Instagram, WhatsApp",1–3 hours,Yes,No,No,Not Applicable,Fake Rumors,YouTube,Never,Moderately,"Stress, Depression",3,"Friends, Family",Didn't know how to report,Other,"Ignored it, Blocked the user",3.0
04-10-2026 22:45,23–30,Male,WhatsApp,More than 5 hours,Yes,No,No,Not Applicable,Other,Facebook,Often,Severely,"Stress, Anxiety, Depression",5 (Very High),"Family, Psychologist",Didn't know how to report,Social Media Community,"Blocked the user, Reported the account, Told Friends / Family",5.0
05-10-2026 08:05,18–22,Male,Facebook,1–3 hours,No,Yes,No,Not Applicable,Body Shaming,Facebook,Never,Not at all,,1 (Very Low),No,Didn't know how to report,Friends Circle,Blocked the user,1.0
05-10-2026 08:14,23–30,Female,"Instagram, WhatsApp, YouTube",3–5 hours,No,No,Yes,I was angry,,,Rarely,Not at all,,1 (Very Low),No,Lack of Awareness,Other,Took No Action,1.0
05-10-2026 08:24,23–30,Male,"Instagram, WhatsApp",1–3 hours,Yes,No,No,Not Applicable,Stalking,Instagram,Rarely,Moderately,Stress,4,"Friends, Family",Didn't think it was serious,School / College,"Reported the account, Told Friends / Family",4.0
05-10-2026 08:34,23–30,Female,YouTube,1–3 hours,Yes,No,No,Not Applicable,"Fake Rumors, Fake Profile",WhatsApp,Rarely,Slightly,Loss of Confidence,2,No,Fear,Other,Took No Action,2.0
05-10-2026 08:44,18–22,Male,Instagram,1–3 hours,Yes,Yes,Yes,It was a joke,Fake Rumors,YouTube,Sometimes,Moderately,"Stress, Depression",3,"Friends, Family",Fear,Unknown Stranger,Blocked the user,3.0
05-10-2026 08:54,18–22,Female,"Instagram, WhatsApp",1–3 hours,No,Yes,Yes,Self-defense,Threats,Facebook,Rarely,Moderately,Anxiety,4,Friends,Didn't know how to report,Online Gaming,Told Friends / Family,4.0
05-10-2026 09:04,23–30,Male,Instagram,More than 5 hours,No,Yes,No,Not Applicable,"Offensive Comments, Body Shaming",Instagram,Rarely,Not at all,,1 (Very Low),No,No reason,Unknown Stranger,Blocked the user,1.0
05-10-2026 09:14,18–22,Male,"Instagram, WhatsApp, YouTube",3–5 hours,No,No,Yes,Peer pressure,,,Rarely,Not at all,,1 (Very Low),No,Lack of Awareness,Unknown Stranger,Ignored it,1.0
05-10-2026 09:24,18–22,Male,"Instagram, WhatsApp",1–3 hours,Yes,No,Not Sure,,"Offensive Comments, Body Shaming",Others,Sometimes,Slightly,Stress,2,Friends,Lack of Awareness,Unknown Stranger,Took No Action,2.0
05-10-2026 09:33,23–30,Male,Others,1–3 hours,Yes,Yes,No,Not Applicable,Offensive Comments,Facebook,Often,Severely,"Stress, Depression, Loss of Confidence",5 (Very High),"Friends, Family",Didn't know how to report,Unknown Stranger,"Blocked the user, Reported the account",5.0
05-10-2026 09:43,18–22,Male,WhatsApp,3–5 hours,Yes,Yes,No,Not Applicable,"Fake Rumors, Fake Profile",WhatsApp,Sometimes,Moderately,"Stress, Depression",3,"Friends, Family",Lack of Awareness,Friends Circle,"Reported the account, Told Friends / Family",3.0
05-10-2026 09:53,18–22,Female,"Instagram, WhatsApp",3–5 hours,No,Yes,No,Not Applicable,Stalking,Facebook,Rarely,Slightly,Loss of Confidence,2,Friends,Lack of Awareness,Other,Took No Action,2.0
05-10-2026 10:03,31–40,Non-binary,"Instagram, YouTube",1–3 hours,No,Yes,Yes,Other,Threats,Others,Sometimes,Moderately,"Stress, Depression, Anger",4,Friends,Privacy Concerns,Friends Circle,"Ignored it, Blocked the user",4.0
05-10-2026 10:13,23–30,Female,Instagram,3–5 hours,No,No,No,Not Applicable,,,Never,Not at all,,1 (Very Low),No,Lack of Awareness,Other,Ignored it,1.0
05-10-2026 10:23,23–30,Male,WhatsApp,3–5 hours,No,Yes,No,Not Applicable,Body Shaming,WhatsApp,Sometimes,Slightly,"Stress, Anxiety",2,Friends,Lack of Awareness,Friends Circle,Took No Action,2.0
05-10-2026 10:33,18–22,Female,WhatsApp,More than 5 hours,Yes,Yes,No,Not Applicable,Fake Profile,Instagram,Often,Severely,"Stress, Anxiety, Depression",5 (Very High),Psychologist,Privacy Concerns,Online Gaming,"Reported the account, Told Friends / Family",5.0
05-10-2026 10:43,18–22,Male,YouTube,1–3 hours,Yes,No,No,Not Applicable,"Offensive Comments, Body Shaming",YouTube,Never,Not at all,,1 (Very Low),No,Lack of Awareness,Family,Blocked the user,1.0
05-10-2026 10:53,18–22,Male,"WhatsApp, YouTube",Less than 1 hour,No,Yes,No,Not Applicable,"Offensive Comments, Body Shaming",WhatsApp,Never,Not at all,,1 (Very Low),No,Lack of Awareness,Social Media Community,Blocked the user,1.0
05-10-2026 11:02,23–30,Male,Instagram,1–3 hours,Yes,No,No,Not Applicable,Threats,YouTube,Sometimes,Moderately,Anxiety,3,Psychologist,Didn't think it was serious,Friends Circle,Blocked the user,3.0
05-10-2026 11:12,23–30,Female,"Instagram, WhatsApp",More than 5 hours,No,Yes,No,Not Applicable,"Offensive Comments, Body Shaming",Others,Rarely,Slightly,Anxiety,2,"Friends, Family",Didn't know how to report,Family,Took No Action,2.0
05-10-2026 11:22,18–22,Male,Instagram,3–5 hours,Yes,Yes,No,Not Applicable,"Fake Rumors, Fake Profile",Facebook,Sometimes,Severely,"Stress, Depression, Anger",5 (Very High),"Friends, Family",Privacy Concerns,Online Gaming,Told Friends / Family,5.0
05-10-2026 11:32,23–30,Male,"Instagram, WhatsApp, YouTube",3–5 hours,Yes,Yes,Yes,It was a joke,Other,Others,Often,Severely,"Stress, Anxiety, Depression",5 (Very High),"Friends, Family",Didn't know how to report,Friends Circle,"Reported the account, Sought Professional Help",5.0
05-10-2026 11:42,18–22,Male,"Instagram, WhatsApp, YouTube",3–5 hours,Yes,No,No,Not Applicable,Hate Speech,Facebook,Rarely,Slightly,Loss of Confidence,2,No,No reason,School / College,Blocked the user,2.0
05-10-2026 11:52,18–22,Male,"Instagram, WhatsApp",3–5 hours,Yes,Yes,No,Not Applicable,Other,Others,Often,Severely,"Stress, Anxiety, Depression, Anger, Loss of Confidence",5 (Very High),Psychologist,Didn't think it was serious,Online Gaming,"Reported the account, Told Friends / Family",5.0
05-10-2026 12:02,18–22,Female,"Instagram, WhatsApp, YouTube",3–5 hours,Yes,Yes,Not Sure,,Stalking,Others,Rarely,Moderately,Stress,4,No,Privacy Concerns,School / College,"Reported the account, Told Friends / Family",4.0
05-10-2026 12:12,Below 18,Female,YouTube,Less than 1 hour,No,No,No,Not Applicable,,,Never,Not at all,,1 (Very Low),No,Fear,Social Media Community,Ignored it,1.0
05-10-2026 12:22,18–22,Female,"Instagram, WhatsApp, YouTube, Others",Less than 1 hour,No,Yes,No,Not Applicable,Other,Instagram,Rarely,Slightly,"Stress, Anxiety",2,Friends,Didn't know how to report,Workplace,Ignored it,2.0
05-10-2026 12:31,23–30,Male,Instagram,Less than 1 hour,No,No,Yes,Other,,,Never,Not at all,,1 (Very Low),No,Lack of Awareness,Other,Took No Action,1.0
05-10-2026 12:41,18–22,Male,"Instagram, WhatsApp, YouTube",1–3 hours,Yes,Yes,Not Sure,,Body Shaming,WhatsApp,Often,Moderately,Anxiety,4,Friends,Lack of Awareness,Unknown Stranger,Blocked the user,4.0
05-10-2026 12:51,18–22,Female,Instagram,More than 5 hours,No,Yes,No,Not Applicable,Fake Rumors,Facebook,Never,Not at all,,1 (Very Low),No,Didn't know how to report,Social Media Community,Blocked the user,1.0
05-10-2026 13:01,18–22,Non-binary,Instagram,3–5 hours,No,Yes,No,Not Applicable,Hate Speech,Instagram,Never,Not at all,,1 (Very Low),No,Fear,Friends Circle,Took No Action,1.0
05-10-2026 13:11,18–22,Female,Facebook,More than 5 hours,No,No,Yes,For fun,,,Never,Not at all,,1 (Very Low),No,Didn't know how to report,Other,Ignored it,1.0
05-10-2026 13:21,18–22,Male,"Instagram, YouTube",Less than 1 hour,Yes,No,No,Not Applicable,Body Shaming,Facebook,Sometimes,Not at all,,1 (Very Low),No,Privacy Concerns,Other,Took No Action,1.0
05-10-2026 13:31,18–22,Male,"Instagram, WhatsApp",3–5 hours,Yes,Yes,No,Not Applicable,Body Shaming,Instagram,Never,Moderately,"Stress, Depression, Loss of Confidence",3,Friends,Fear,Other,Blocked the user,3.0
05-10-2026 13:41,18–22,Male,"Instagram, WhatsApp, YouTube",3–5 hours,No,No,No,Not Applicable,,,Rarely,Not at all,,1 (Very Low),No,No reason,Other,Blocked the user,1.0
05-10-2026 13:51,Below 18,Male,Instagram,1–3 hours,No,Yes,No,Not Applicable,Stalking,Facebook,Never,Not at all,,1 (Very Low),No,No reason,Online Gaming,Took No Action,1.0
05-10-2026 14:00,18–22,Male,WhatsApp,3–5 hours,Yes,No,No,Not Applicable,Threats,YouTube,Sometimes,Moderately,"Anger, Loss of Confidence",3,Friends,Didn't think it was serious,Social Media Community,"Reported the account, Told Friends / Family",3.0
05-10-2026 14:10,18–22,Prefer not to say,Facebook,More than 5 hours,No,Yes,Yes,Other,Offensive Comments,Others,Never,Not at all,,1 (Very Low),No,Privacy Concerns,Social Media Community,Blocked the user,1.0
05-10-2026 14:20,18–22,Male,Instagram,Less than 1 hour,No,No,No,Not Applicable,,,Sometimes,Not at all,,1 (Very Low),No,No reason,Social Media Community,Ignored it,1.0
05-10-2026 14:30,23–30,Female,"WhatsApp, YouTube",3–5 hours,Yes,No,No,Not Applicable,Threats,WhatsApp,Often,Moderately,"Stress, Depression",3,"Friends, Family",Privacy Concerns,Social Media Community,"Blocked the user, Reported the account",3.0
05-10-2026 14:40,18–22,Female,"Instagram, WhatsApp, YouTube",Less than 1 hour,No,No,No,Not Applicable,,,Sometimes,Moderately,"Stress, Depression, Loss of Confidence",3,"Friends, Family",Lack of Awareness,Social Media Community,"Blocked the user, Reported the account",3.0
05-10-2026 14:50,18–22,Female,Instagram,1–3 hours,Yes,Yes,Not Sure,,"Offensive Comments, Body Shaming",Others,Sometimes,Severely,"Stress, Anxiety, Depression, Anger",5 (Very High),"Family, Psychologist",Lack of Awareness,School / College,"Blocked the user, Reported the account, Told Friends / Family",5.0
05-10-2026 15:00,18–22,Female,"Instagram, WhatsApp",1–3 hours,Yes,Yes,No,Not Applicable,Offensive Comments,Facebook,Rarely,Slightly,Anxiety,2,"Friends, Family",Didn't know how to report,Unknown Stranger,Blocked the user,2.0
05-10-2026 15:10,18–22,Male,Others,3–5 hours,No,Yes,No,Not Applicable,Body Shaming,Others,Never,Slightly,Anxiety,2,Friends,No reason,Family,Ignored it,2.0
05-10-2026 15:20,23–30,Male,"WhatsApp, YouTube",More than 5 hours,Yes,Yes,No,Not Applicable,"Offensive Comments, Body Shaming",Others,Sometimes,Severely,"Stress, Depression, Anger",5 (Very High),"Friends, Psychologist",No reason,Unknown Stranger,"Reported the account, Sought Professional Help",5.0
05-10-2026 15:29,18–22,Male,"Instagram, YouTube",Less than 1 hour,No,Yes,No,Not Applicable,Threats,Others,Never,Not at all,,1 (Very Low),No,Didn't think it was serious,Social Media Community,Ignored it,1.0
05-10-2026 15:39,23–30,Male,Instagram,3–5 hours,No,Yes,Not Sure,,Threats,WhatsApp,Rarely,Not at all,,1 (Very Low),No,Fear,Social Media Community,Ignored it,1.0
05-10-2026 15:49,18–22,Male,"Instagram, WhatsApp, YouTube",1–3 hours,Yes,Yes,No,Not Applicable,Other,Others,Often,Severely,"Stress, Depression, Loss of Confidence",5 (Very High),"Friends, Family, Teacher",Didn't know how to report,Online Gaming,"Reported the account, Sought Professional Help",5.0
05-10-2026 15:59,18–22,Female,"Instagram, WhatsApp",More than 5 hours,No,No,No,Not Applicable,,,Sometimes,Slightly,"Stress, Anxiety",2,Family,Didn't think it was serious,Social Media Community,Took No Action,2.0
05-10-2026 16:09,18–22,Female,YouTube,More than 5 hours,Yes,Yes,No,Not Applicable,Threats,YouTube,Sometimes,Moderately,Depression,4,Psychologist,Privacy Concerns,Unknown Stranger,"Blocked the user, Reported the account",4.0
05-10-2026 16:19,31–40,Male,"Instagram, WhatsApp",3–5 hours,Yes,No,No,Not Applicable,Stalking,Facebook,Rarely,Slightly,"Stress, Anxiety",2,Friends,Lack of Awareness,Friends Circle,Ignored it,2.0
05-10-2026 16:29,18–22,Male,"WhatsApp, YouTube",3–5 hours,No,Yes,No,Not Applicable,"Fake Rumors, Fake Profile",Instagram,Never,Not at all,,1 (Very Low),No,Didn't think it was serious,Unknown Stranger,Ignored it,1.0
05-10-2026 16:39,Below 18,Non-binary,"Instagram, WhatsApp, YouTube",1–3 hours,Yes,Yes,No,Not Applicable,Threats,Others,Often,Moderately,"Stress, Depression, Anger",3,Friends,Privacy Concerns,Workplace,"Blocked the user, Reported the account",3.0
05-10-2026 16:49,41–50,Male,WhatsApp,1–3 hours,No,No,No,Not Applicable,,,Sometimes,Slightly,Loss of Confidence,2,Family,Lack of Awareness,Social Media Community,Took No Action,2.0
05-10-2026 16:58,18–22,Male,"Instagram, WhatsApp",1–3 hours,No,Yes,No,Not Applicable,"Offensive Comments, Body Shaming",Facebook,Rarely,Not at all,,1 (Very Low),No,Lack of Awareness,Social Media Community,Blocked the user,1.0
05-10-2026 17:08,18–22,Female,"WhatsApp, YouTube",1–3 hours,No,No,Yes,Self-defense,,,Rarely,Not at all,,1 (Very Low),No,Didn't know how to report,Unknown Stranger,Ignored it,1.0
05-10-2026 17:18,18–22,Female,"Instagram, WhatsApp, YouTube",3–5 hours,No,No,No,Not Applicable,,,Never,Not at all,,1 (Very Low),No,Fear,Social Media Community,Took No Action,1.0
05-10-2026 17:28,18–22,Female,"Instagram, WhatsApp, YouTube",More than 5 hours,Yes,Yes,No,Not Applicable,Fake Profile,Facebook,Sometimes,Moderately,Stress,3,Friends,Privacy Concerns,Unknown Stranger,"Ignored it, Blocked the user",3.0
05-10-2026 17:38,31–40,Non-binary,"Instagram, WhatsApp, YouTube",1–3 hours,No,Yes,No,Not Applicable,Stalking,WhatsApp,Never,Not at all,,1 (Very Low),No,Privacy Concerns,Social Media Community,Took No Action,1.0
05-10-2026 17:48,31–40,Male,WhatsApp,1–3 hours,Yes,No,Yes,I was angry,Body Shaming,Facebook,Sometimes,Moderately,"Stress, Depression, Loss of Confidence",3,No,Didn't know how to report,Family,"Ignored it, Blocked the user",3.0
05-10-2026 17:58,18–22,Female,"Instagram, WhatsApp",1–3 hours,No,Yes,Yes,I did not realize it was harmful,"Offensive Comments, Body Shaming",Instagram,Rarely,Severely,"Stress, Depression, Anger",5 (Very High),"Friends, Psychologist",No reason,Online Gaming,Told Friends / Family,5.0
05-10-2026 18:08,18–22,Prefer not to say,YouTube,1–3 hours,No,Yes,Yes,Peer pressure,"Fake Rumors, Fake Profile",Facebook,Rarely,Not at all,,1 (Very Low),No,Fear,Family,Took No Action,1.0
05-10-2026 18:18,18–22,Female,"Instagram, WhatsApp",3–5 hours,No,Yes,No,Not Applicable,Fake Rumors,Others,Never,Moderately,"Stress, Anxiety",3,"Friends, Family",Privacy Concerns,Family,Told Friends / Family,3.0
05-10-2026 18:27,18–22,Male,"Instagram, WhatsApp, YouTube",1–3 hours,No,Yes,No,Not Applicable,Stalking,YouTube,Never,Not at all,,1 (Very Low),No,Didn't know how to report,Online Gaming,Took No Action,1.0
05-10-2026 18:37,23–30,Male,"Instagram, WhatsApp",3–5 hours,Yes,Yes,Yes,I was angry,Fake Profile,Instagram,Often,Severely,"Stress, Depression, Loss of Confidence",5 (Very High),"Friends, Psychologist",Fear,Workplace,Told Friends / Family,5.0
05-10-2026 18:47,18–22,Male,Others,3–5 hours,Yes,Yes,No,Not Applicable,"Offensive Comments, Body Shaming",WhatsApp,Sometimes,Slightly,"Stress, Anxiety",2,Family,Didn't think it was serious,School / College,"Ignored it, Blocked the user",2.0
05-10-2026 18:57,18–22,Non-binary,"Instagram, WhatsApp, YouTube",More than 5 hours,No,Yes,Not Sure,,Hate Speech,Instagram,Never,Not at all,,1 (Very Low),No,Didn't know how to report,Other,Ignored it,1.0
05-10-2026 19:07,18–22,Female,Instagram,1–3 hours,Yes,Yes,No,Not Applicable,Body Shaming,WhatsApp,Often,Severely,"Stress, Anxiety, Depression",5 (Very High),"Friends, Family",Privacy Concerns,School / College,"Blocked the user, Reported the account",5.0
05-10-2026 19:17,18–22,Male,"WhatsApp, YouTube",1–3 hours,Yes,Yes,No,Not Applicable,"Offensive Comments, Body Shaming",Instagram,Sometimes,Not at all,,1 (Very Low),No,Fear,Social Media Community,Took No Action,1.0
05-10-2026 19:27,18–22,Male,WhatsApp,3–5 hours,Yes,Yes,No,Not Applicable,Fake Profile,YouTube,Often,Severely,"Stress, Anxiety, Depression, Anger, Loss of Confidence",5 (Very High),Psychologist,Didn't think it was serious,Family,"Blocked the user, Reported the account, Told Friends / Family",5.0
05-10-2026 19:37,18–22,Male,"Instagram, WhatsApp, YouTube",1–3 hours,Yes,Yes,No,Not Applicable,Threats,Instagram,Sometimes,Severely,"Stress, Anxiety, Depression, Anger, Loss of Confidence",5 (Very High),"Family, Psychologist",Fear,Unknown Stranger,"Blocked the user, Reported the account, Told Friends / Family",5.0
05-10-2026 19:47,18–22,Prefer not to say,"Instagram, WhatsApp, YouTube",Less than 1 hour,Yes,Yes,No,Not Applicable,"Offensive Comments, Body Shaming",Others,Sometimes,Moderately,"Anger, Loss of Confidence",3,Family,Didn't think it was serious,Friends Circle,"Reported the account, Told Friends / Family",3.0
05-10-2026 19:56,23–30,Female,YouTube,Less than 1 hour,No,No,No,Not Applicable,,,Rarely,Moderately,"Stress, Depression",3,"Friends, Family",Didn't think it was serious,Other,"Ignored it, Blocked the user",3.0
05-10-2026 20:06,18–22,Male,"WhatsApp, YouTube",3–5 hours,No,No,Yes,Peer pressure,,,Never,Not at all,,1 (Very Low),No,Didn't know how to report,Unknown Stranger,Blocked the user,1.0
05-10-2026 20:16,18–22,Female,"Instagram, WhatsApp",Less than 1 hour,Yes,Yes,No,Not Applicable,Stalking,Facebook,Rarely,Severely,"Stress, Anxiety, Depression, Anger",5 (Very High),Friends,No reason,Online Gaming,Told Friends / Family,5.0
05-10-2026 20:26,18–22,Male,"Instagram, YouTube",1–3 hours,Yes,Yes,No,Not Applicable,Fake Profile,Instagram,Sometimes,Severely,"Stress, Anxiety, Depression, Anger",5 (Very High),"Friends, Psychologist",Didn't know how to report,School / College,"Blocked the user, Reported the account, Told Friends / Family",5.0
05-10-2026 20:36,23–30,Female,Others,3–5 hours,Yes,Yes,No,Not Applicable,Fake Profile,YouTube,Sometimes,Slightly,"Stress, Loss of Confidence",2,Family,Privacy Concerns,Friends Circle,Blocked the user,2.0
05-10-2026 20:46,18–22,Male,"Instagram, WhatsApp",1–3 hours,No,Yes,No,Not Applicable,"Offensive Comments, Body Shaming",Others,Never,Not at all,,1 (Very Low),No,Didn't think it was serious,Friends Circle,Blocked the user,1.0
05-10-2026 20:56,18–22,Female,"Instagram, WhatsApp",More than 5 hours,Yes,Yes,No,Not Applicable,Other,Others,Very Often,Severely,"Stress, Anxiety, Depression, Anger, Loss of Confidence",5 (Very High),"Friends, Family",Fear,Unknown Stranger,"Reported the account, Sought Professional Help",5.0
05-10-2026 21:06,18–22,Male,YouTube,1–3 hours,Yes,Yes,No,Not Applicable,Offensive Comments,Others,Sometimes,Moderately,"Stress, Depression",4,Psychologist,Lack of Awareness,Social Media Community,"Ignored it, Blocked the user",4.0
05-10-2026 21:16,18–22,Female,Instagram,1–3 hours,Yes,Yes,No,Not Applicable,Fake Profile,WhatsApp,Very Often,Severely,"Stress, Anxiety, Depression, Anger, Loss of Confidence",5 (Very High),Psychologist,Fear,School / College,Told Friends / Family,5.0
05-10-2026 21:25,18–22,Female,"Instagram, WhatsApp, YouTube",More than 5 hours,No,Yes,No,Not Applicable,Fake Rumors,YouTube,Never,Moderately,"Stress, Anxiety",3,Family,No reason,Other,"Blocked the user, Reported the account",3.0
05-10-2026 21:35,18–22,Male,"Instagram, YouTube",More than 5 hours,Yes,Yes,No,Not Applicable,Body Shaming,Others,Sometimes,Moderately,"Stress, Anxiety",3,Psychologist,Fear,Family,Told Friends / Family,3.0
05-10-2026 21:45,18–22,Female,"Instagram, WhatsApp",1–3 hours,Yes,Yes,No,Not Applicable,Other,Instagram,Often,Moderately,"Stress, Anxiety",3,"Friends, Family",Lack of Awareness,Workplace,"Ignored it, Blocked the user",3.0
05-10-2026 21:55,23–30,Male,"Instagram, WhatsApp",3–5 hours,Yes,No,Yes,To respond to the person,Offensive Comments,YouTube,Rarely,Slightly,Stress,2,No,Didn't think it was serious,Online Gaming,Ignored it,2.0
05-10-2026 22:05,23–30,Male,"Instagram, WhatsApp, YouTube",3–5 hours,Yes,No,No,Not Applicable,Hate Speech,Instagram,Never,Not at all,,1 (Very Low),No,No reason,Unknown Stranger,Ignored it,1.0
05-10-2026 22:15,18–22,Female,"Instagram, WhatsApp, YouTube",3–5 hours,Yes,Yes,Not Sure,,Fake Profile,Others,Rarely,Slightly,Stress,2,Friends,Fear,Online Gaming,"Ignored it, Blocked the user",2.0
05-10-2026 22:25,18–22,Male,"Instagram, WhatsApp, YouTube",1–3 hours,Yes,Yes,No,Not Applicable,Stalking,Facebook,Very Often,Severely,"Stress, Depression, Loss of Confidence",5 (Very High),"Friends, Psychologist",Fear,Unknown Stranger,"Reported the account, Told Friends / Family",5.0
05-10-2026 22:35,18–22,Male,"Instagram, WhatsApp, YouTube",3–5 hours,Yes,Yes,No,Not Applicable,Other,Instagram,Often,Severely,"Stress, Depression, Loss of Confidence",5 (Very High),Psychologist,Privacy Concerns,Online Gaming,Told Friends / Family,5.0
05-10-2026 22:45,18–22,Female,"Instagram, WhatsApp, YouTube",Less than 1 hour,No,Yes,No,Not Applicable,Body Shaming,YouTube,Never,Not at all,,1 (Very Low),No,Lack of Awareness,Other,Ignored it,1.0
